encounter_id,patient_id,encounter_type,admit_datetime,discharge_datetime,service_line,discharge_disposition,primary_diagnosis,planned_admission
E0000001,P00001,outpatient,2024-10-27 08:00:00,2024-10-27 13:00:00,Cardiology,Home,Acute symptom visit,False
E0000002,P00001,outpatient,2024-12-11 08:00:00,2024-12-11 14:00:00,Cardiology,Home,Medication review,False
E0000003,P00001,emergency,2025-01-01 08:00:00,2025-01-01 16:00:00,General Surgery,Home,Medication review,False
E0000004,P00001,emergency,2025-01-26 08:00:00,2025-01-26 14:00:00,Endocrinology,Home,Acute symptom visit,False
E0000005,P00001,outpatient,2025-02-11 08:00:00,2025-02-11 10:00:00,Pulmonary,Home,Medication review,False
E0000006,P00001,outpatient,2025-02-13 08:00:00,2025-02-13 14:00:00,Endocrinology,Home,Follow-up,False
E0000007,P00001,outpatient,2025-02-23 08:00:00,2025-02-23 14:00:00,General Medicine,Home,Medication review,False
E0000008,P00001,inpatient,2025-03-27 08:00:00,2025-03-29 14:00:00,Pulmonary,Home,COPD exacerbation,False
E0000009,P00002,outpatient,2024-08-08 08:00:00,2024-08-08 11:00:00,General Surgery,Home,Acute symptom visit,False
E0000010,P00002,emergency,2024-09-16 08:00:00,2024-09-16 12:00:00,Pulmonary,Home,Medication review,False
E0000011,P00002,outpatient,2024-10-12 08:00:00,2024-10-12 16:00:00,Cardiology,Home,Acute symptom visit,False
E0000012,P00002,outpatient,2024-11-15 08:00:00,2024-11-15 11:00:00,Pulmonary,Home,Follow-up,False
E0000013,P00002,outpatient,2025-01-13 08:00:00,2025-01-13 15:00:00,Pulmonary,Home,Medication review,False
E0000014,P00002,inpatient,2025-02-26 08:00:00,2025-02-28 18:00:00,Endocrinology,Home,Hypoglycemia,False
E0000015,P00002,inpatient,2025-06-04 01:00:00,2025-06-07 06:00:00,Pulmonary,Skilled nursing facility,Asthma exacerbation,False
E0000016,P00003,outpatient,2025-05-06 08:00:00,2025-05-06 15:00:00,Cardiology,Home,Acute symptom visit,False
E0000017,P00003,outpatient,2025-05-09 08:00:00,2025-05-09 16:00:00,Cardiology,Home,Follow-up,False
E0000018,P00003,outpatient,2025-06-24 08:00:00,2025-06-24 16:00:00,Cardiology,Home,Medication review,False
E0000019,P00003,emergency,2025-09-03 08:00:00,2025-09-03 15:00:00,General Medicine,Home,Acute symptom visit,False
E0000020,P00003,inpatient,2025-11-30 08:00:00,2025-12-03 17:00:00,Endocrinology,Home,Hypoglycemia,False
E0000021,P00003,inpatient,2026-03-07 17:00:00,2026-03-10 01:00:00,General Surgery,Home health,Biliary disease,False
E0000022,P00003,inpatient,2026-06-16 08:00:00,2026-06-19 10:00:00,General Medicine,Home,Cellulitis,False
E0000023,P00004,outpatient,2024-11-11 08:00:00,2024-11-11 09:00:00,Endocrinology,Home,Acute symptom visit,False
E0000024,P00004,outpatient,2024-11-24 08:00:00,2024-11-24 13:00:00,General Surgery,Home,Acute symptom visit,False
E0000025,P00004,outpatient,2024-12-19 08:00:00,2024-12-19 13:00:00,Cardiology,Home,Follow-up,False
E0000026,P00004,emergency,2025-01-05 08:00:00,2025-01-05 10:00:00,Endocrinology,Home,Acute symptom visit,False
E0000027,P00004,outpatient,2025-02-18 08:00:00,2025-02-18 11:00:00,General Surgery,Home,Acute symptom visit,False
E0000028,P00004,emergency,2025-03-05 08:00:00,2025-03-05 16:00:00,General Medicine,Home,Medication review,False
E0000029,P00004,outpatient,2025-03-26 08:00:00,2025-03-26 14:00:00,Endocrinology,Home,Acute symptom visit,False
E0000030,P00004,inpatient,2025-04-30 08:00:00,2025-05-03 13:00:00,Endocrinology,Home,Hyperglycemia,False
E0000031,P00005,outpatient,2025-02-13 08:00:00,2025-02-13 12:00:00,General Surgery,Home,Acute symptom visit,False
E0000032,P00005,inpatient,2025-04-14 08:00:00,2025-04-15 14:00:00,General Surgery,Home,Abdominal pain,False
E0000033,P00006,emergency,2025-04-12 08:00:00,2025-04-12 15:00:00,Cardiology,Home,Follow-up,False
E0000034,P00006,outpatient,2025-04-20 08:00:00,2025-04-20 13:00:00,Endocrinology,Home,Acute symptom visit,False
E0000035,P00006,outpatient,2025-06-21 08:00:00,2025-06-21 12:00:00,General Medicine,Home,Follow-up,False
E0000036,P00006,outpatient,2025-07-02 08:00:00,2025-07-02 10:00:00,General Medicine,Home,Follow-up,False
E0000037,P00006,inpatient,2025-08-20 08:00:00,2025-08-23 12:00:00,Pulmonary,Transfer to acute care,Asthma exacerbation,False
E0000038,P00006,inpatient,2025-12-22 00:00:00,2025-12-23 09:00:00,General Medicine,Home,Electrolyte disorder,False
E0000039,P00007,outpatient,2025-02-23 08:00:00,2025-02-23 15:00:00,General Surgery,Home,Medication review,False
E0000040,P00007,outpatient,2025-07-18 08:00:00,2025-07-18 14:00:00,Pulmonary,Home,Follow-up,False
E0000041,P00007,emergency,2025-08-06 08:00:00,2025-08-06 14:00:00,Endocrinology,Home,Acute symptom visit,False
E0000042,P00007,inpatient,2025-08-19 08:00:00,2025-08-21 14:00:00,Cardiology,Home,Heart failure exacerbation,False
E0000043,P00008,outpatient,2025-03-30 08:00:00,2025-03-30 10:00:00,Pulmonary,Home,Medication review,False
E0000044,P00008,outpatient,2025-04-02 08:00:00,2025-04-02 15:00:00,Cardiology,Home,Medication review,False
E0000045,P00008,emergency,2025-06-01 08:00:00,2025-06-01 15:00:00,Pulmonary,Home,Acute symptom visit,False
E0000046,P00008,emergency,2025-08-12 08:00:00,2025-08-12 16:00:00,General Medicine,Home,Follow-up,False
E0000047,P00008,emergency,2025-09-05 08:00:00,2025-09-05 12:00:00,Endocrinology,Home,Follow-up,False
E0000048,P00008,inpatient,2025-10-25 08:00:00,2025-10-27 11:00:00,General Medicine,Skilled nursing facility,Electrolyte disorder,False
E0000049,P00009,emergency,2025-04-16 08:00:00,2025-04-16 12:00:00,General Medicine,Home,Medication review,False
E0000050,P00009,outpatient,2025-04-28 08:00:00,2025-04-28 14:00:00,Pulmonary,Home,Medication review,False
E0000051,P00009,outpatient,2025-04-29 08:00:00,2025-04-29 09:00:00,Cardiology,Home,Medication review,False
E0000052,P00009,inpatient,2025-09-27 08:00:00,2025-09-28 13:00:00,Endocrinology,Skilled nursing facility,Hypoglycemia,False
E0000053,P00010,outpatient,2025-01-10 08:00:00,2025-01-10 15:00:00,Pulmonary,Home,Acute symptom visit,False
E0000054,P00010,emergency,2025-02-19 08:00:00,2025-02-19 14:00:00,General Surgery,Home,Follow-up,False
E0000055,P00010,outpatient,2025-04-08 08:00:00,2025-04-08 09:00:00,General Medicine,Home,Acute symptom visit,False
E0000056,P00010,outpatient,2025-04-09 08:00:00,2025-04-09 13:00:00,Pulmonary,Home,Follow-up,False
E0000057,P00010,emergency,2025-04-22 08:00:00,2025-04-22 13:00:00,General Surgery,Home,Medication review,False
E0000058,P00010,outpatient,2025-04-25 08:00:00,2025-04-25 09:00:00,Cardiology,Home,Medication review,False
E0000059,P00010,outpatient,2025-04-25 08:00:00,2025-04-25 16:00:00,Cardiology,Home,Acute symptom visit,False
E0000060,P00010,inpatient,2025-05-29 08:00:00,2025-05-31 15:00:00,General Surgery,Home,Biliary disease,False
E0000061,P00010,inpatient,2025-08-05 02:00:00,2025-08-10 06:00:00,Cardiology,Home health,Chest pain,False
E0000062,P00011,outpatient,2024-08-29 08:00:00,2024-08-29 16:00:00,General Medicine,Home,Acute symptom visit,False
E0000063,P00011,outpatient,2024-09-21 08:00:00,2024-09-21 09:00:00,General Medicine,Home,Acute symptom visit,False
E0000064,P00011,emergency,2024-10-15 08:00:00,2024-10-15 09:00:00,Endocrinology,Home,Follow-up,False
E0000065,P00011,outpatient,2024-12-22 08:00:00,2024-12-22 11:00:00,General Medicine,Home,Acute symptom visit,False
E0000066,P00011,emergency,2025-01-17 08:00:00,2025-01-17 12:00:00,General Medicine,Home,Acute symptom visit,False
E0000067,P00011,inpatient,2025-03-02 08:00:00,2025-03-03 12:00:00,Pulmonary,Home,COPD exacerbation,False
E0000068,P00012,outpatient,2025-03-27 08:00:00,2025-03-27 10:00:00,General Surgery,Home,Medication review,False
E0000069,P00012,outpatient,2025-04-21 08:00:00,2025-04-21 09:00:00,Pulmonary,Home,Acute symptom visit,False
E0000070,P00012,outpatient,2025-06-28 08:00:00,2025-06-28 13:00:00,Pulmonary,Home,Medication review,False
E0000071,P00012,emergency,2025-07-30 08:00:00,2025-07-30 11:00:00,Endocrinology,Home,Follow-up,False
E0000072,P00013,emergency,2024-09-13 08:00:00,2024-09-13 13:00:00,Cardiology,Home,Follow-up,False
E0000073,P00013,outpatient,2024-10-20 08:00:00,2024-10-20 11:00:00,Endocrinology,Home,Acute symptom visit,False
E0000074,P00013,outpatient,2024-10-21 08:00:00,2024-10-21 09:00:00,Endocrinology,Home,Medication review,False
E0000075,P00013,outpatient,2025-01-17 08:00:00,2025-01-17 15:00:00,Cardiology,Home,Medication review,False
E0000076,P00013,outpatient,2025-01-26 08:00:00,2025-01-26 10:00:00,Endocrinology,Home,Medication review,False
E0000077,P00013,emergency,2025-02-08 08:00:00,2025-02-08 09:00:00,General Surgery,Home,Acute symptom visit,False
E0000078,P00013,inpatient,2025-03-27 08:00:00,2025-03-30 12:00:00,General Surgery,Home,Biliary disease,False
E0000079,P00014,outpatient,2025-04-24 08:00:00,2025-04-24 12:00:00,Endocrinology,Home,Medication review,False
E0000080,P00014,outpatient,2025-05-30 08:00:00,2025-05-30 11:00:00,Endocrinology,Home,Acute symptom visit,False
E0000081,P00014,outpatient,2025-06-01 08:00:00,2025-06-01 12:00:00,Pulmonary,Home,Follow-up,False
E0000082,P00014,outpatient,2025-07-26 08:00:00,2025-07-26 16:00:00,General Surgery,Home,Follow-up,False
E0000083,P00014,outpatient,2025-07-27 08:00:00,2025-07-27 15:00:00,General Medicine,Home,Medication review,False
E0000084,P00014,emergency,2025-07-31 08:00:00,2025-07-31 13:00:00,General Surgery,Home,Acute symptom visit,False
E0000085,P00014,inpatient,2025-09-14 08:00:00,2025-09-18 12:00:00,Cardiology,Home,Heart failure exacerbation,False
E0000086,P00014,inpatient,2025-10-04 20:00:00,2025-10-09 03:00:00,General Surgery,Home,Biliary disease,False
E0000087,P00015,outpatient,2024-07-13 08:00:00,2024-07-13 14:00:00,Cardiology,Home,Follow-up,False
E0000088,P00015,outpatient,2024-08-24 08:00:00,2024-08-24 09:00:00,Endocrinology,Home,Follow-up,False
E0000089,P00015,outpatient,2024-09-26 08:00:00,2024-09-26 13:00:00,General Surgery,Home,Acute symptom visit,False
E0000090,P00015,outpatient,2024-09-27 08:00:00,2024-09-27 16:00:00,Cardiology,Home,Medication review,False
E0000091,P00015,emergency,2024-11-01 08:00:00,2024-11-01 16:00:00,Endocrinology,Home,Acute symptom visit,False
E0000092,P00015,outpatient,2024-12-02 08:00:00,2024-12-02 11:00:00,General Surgery,Home,Follow-up,False
E0000093,P00015,inpatient,2025-01-13 08:00:00,2025-01-14 15:00:00,Cardiology,Home,Chest pain,False
E0000094,P00016,emergency,2025-01-01 08:00:00,2025-01-01 14:00:00,Cardiology,Home,Follow-up,False
E0000095,P00016,outpatient,2025-02-02 08:00:00,2025-02-02 13:00:00,Pulmonary,Home,Acute symptom visit,False
E0000096,P00016,outpatient,2025-03-03 08:00:00,2025-03-03 10:00:00,General Medicine,Home,Medication review,False
E0000097,P00016,emergency,2025-03-05 08:00:00,2025-03-05 13:00:00,Pulmonary,Home,Follow-up,False
E0000098,P00016,outpatient,2025-03-06 08:00:00,2025-03-06 15:00:00,Pulmonary,Home,Acute symptom visit,False
E0000099,P00016,outpatient,2025-03-25 08:00:00,2025-03-25 14:00:00,Pulmonary,Home,Medication review,False
E0000100,P00016,inpatient,2025-06-14 08:00:00,2025-06-15 13:00:00,General Medicine,Home,Cellulitis,False
E0000101,P00017,outpatient,2025-05-14 08:00:00,2025-05-14 09:00:00,Pulmonary,Home,Acute symptom visit,False
E0000102,P00017,emergency,2025-08-07 08:00:00,2025-08-07 12:00:00,Endocrinology,Home,Acute symptom visit,False
E0000103,P00017,outpatient,2025-09-09 08:00:00,2025-09-09 09:00:00,General Medicine,Home,Acute symptom visit,False
E0000104,P00017,outpatient,2025-09-13 08:00:00,2025-09-13 12:00:00,General Surgery,Home,Acute symptom visit,False
E0000105,P00017,emergency,2025-09-20 08:00:00,2025-09-20 16:00:00,Endocrinology,Home,Medication review,False
E0000106,P00017,inpatient,2025-10-14 08:00:00,2025-10-17 11:00:00,Cardiology,Home health,Atrial fibrillation,False
E0000107,P00018,emergency,2025-07-15 08:00:00,2025-07-15 13:00:00,General Medicine,Home,Medication review,False
E0000108,P00018,outpatient,2025-07-16 08:00:00,2025-07-16 11:00:00,Cardiology,Home,Acute symptom visit,False
E0000109,P00018,emergency,2025-09-13 08:00:00,2025-09-13 09:00:00,Pulmonary,Home,Medication review,False
E0000110,P00018,inpatient,2025-12-04 08:00:00,2025-12-07 17:00:00,Cardiology,Home,Heart failure exacerbation,False
E0000111,P00018,inpatient,2026-04-12 03:00:00,2026-04-13 05:00:00,Endocrinology,Home health,Diabetes complication,False
E0000112,P00018,inpatient,2026-07-01 15:00:00,2026-07-05 20:00:00,Endocrinology,Expired,Hypoglycemia,False
E0000113,P00019,outpatient,2025-08-20 08:00:00,2025-08-20 16:00:00,General Medicine,Home,Acute symptom visit,False
E0000114,P00019,emergency,2025-09-05 08:00:00,2025-09-05 09:00:00,Endocrinology,Home,Medication review,False
E0000115,P00019,inpatient,2025-10-14 08:00:00,2025-10-15 18:00:00,Cardiology,Home,Chest pain,False
E0000116,P00019,inpatient,2026-02-16 01:00:00,2026-02-19 11:00:00,Pulmonary,Home,Asthma exacerbation,False
E0000117,P00020,outpatient,2025-03-10 08:00:00,2025-03-10 10:00:00,Cardiology,Home,Medication review,False
E0000118,P00020,emergency,2025-04-16 08:00:00,2025-04-16 15:00:00,Cardiology,Home,Medication review,False
E0000119,P00020,emergency,2025-04-28 08:00:00,2025-04-28 09:00:00,Endocrinology,Home,Acute symptom visit,False
E0000120,P00020,outpatient,2025-05-20 08:00:00,2025-05-20 15:00:00,General Surgery,Home,Acute symptom visit,False
E0000121,P00020,emergency,2025-06-17 08:00:00,2025-06-17 12:00:00,General Medicine,Home,Follow-up,False
E0000122,P00020,inpatient,2025-09-12 08:00:00,2025-09-14 14:00:00,General Medicine,Home,Sepsis,False
E0000123,P00020,inpatient,2025-10-09 15:00:00,2025-10-12 17:00:00,Endocrinology,Home health,Hypoglycemia,False
E0000124,P00021,outpatient,2025-02-27 08:00:00,2025-02-27 09:00:00,General Surgery,Home,Medication review,False
E0000125,P00021,outpatient,2025-03-26 08:00:00,2025-03-26 14:00:00,Pulmonary,Home,Medication review,False
E0000126,P00021,emergency,2025-06-18 08:00:00,2025-06-18 15:00:00,Pulmonary,Home,Acute symptom visit,False
E0000127,P00021,emergency,2025-08-03 08:00:00,2025-08-03 09:00:00,General Medicine,Home,Follow-up,False
E0000128,P00021,inpatient,2025-08-29 08:00:00,2025-08-31 13:00:00,General Surgery,Home,Postoperative wound issue,False
E0000129,P00021,inpatient,2025-10-17 21:00:00,2025-10-24 03:00:00,Pulmonary,Home,Asthma exacerbation,False
E0000130,P00022,outpatient,2025-03-01 08:00:00,2025-03-01 15:00:00,General Surgery,Home,Medication review,False
E0000131,P00022,emergency,2025-03-03 08:00:00,2025-03-03 13:00:00,Cardiology,Home,Medication review,False
E0000132,P00022,outpatient,2025-05-05 08:00:00,2025-05-05 09:00:00,Cardiology,Home,Follow-up,False
E0000133,P00022,outpatient,2025-06-08 08:00:00,2025-06-08 12:00:00,Cardiology,Home,Acute symptom visit,False
E0000134,P00022,emergency,2025-06-19 08:00:00,2025-06-19 15:00:00,General Surgery,Home,Acute symptom visit,False
E0000135,P00022,inpatient,2025-08-22 08:00:00,2025-08-25 13:00:00,Pulmonary,Home,Pneumonia,False
E0000136,P00023,outpatient,2024-10-30 08:00:00,2024-10-30 15:00:00,General Surgery,Home,Acute symptom visit,False
E0000137,P00023,emergency,2024-11-02 08:00:00,2024-11-02 10:00:00,Endocrinology,Home,Medication review,False
E0000138,P00023,emergency,2024-11-07 08:00:00,2024-11-07 12:00:00,Pulmonary,Home,Follow-up,False
E0000139,P00023,outpatient,2024-11-30 08:00:00,2024-11-30 15:00:00,Cardiology,Home,Follow-up,False
E0000140,P00023,emergency,2024-12-08 08:00:00,2024-12-08 09:00:00,Cardiology,Home,Acute symptom visit,False
E0000141,P00023,outpatient,2025-02-07 08:00:00,2025-02-07 15:00:00,Pulmonary,Home,Medication review,False
E0000142,P00023,inpatient,2025-04-29 08:00:00,2025-05-02 12:00:00,General Surgery,Transfer to acute care,Biliary disease,False
E0000143,P00024,outpatient,2024-10-25 08:00:00,2024-10-25 10:00:00,General Medicine,Home,Follow-up,False
E0000144,P00024,outpatient,2024-10-29 08:00:00,2024-10-29 14:00:00,Pulmonary,Home,Medication review,False
E0000145,P00024,outpatient,2024-11-20 08:00:00,2024-11-20 09:00:00,General Surgery,Home,Follow-up,False
E0000146,P00024,outpatient,2024-12-29 08:00:00,2024-12-29 16:00:00,Endocrinology,Home,Medication review,False
E0000147,P00024,emergency,2025-01-14 08:00:00,2025-01-14 15:00:00,General Medicine,Home,Acute symptom visit,False
E0000148,P00024,outpatient,2025-02-06 08:00:00,2025-02-06 14:00:00,Pulmonary,Home,Acute symptom visit,False
E0000149,P00024,inpatient,2025-05-16 08:00:00,2025-05-18 10:00:00,Cardiology,Home,Heart failure exacerbation,False
E0000150,P00024,inpatient,2025-09-06 18:00:00,2025-09-08 04:00:00,General Medicine,Home,Electrolyte disorder,False
E0000151,P00025,outpatient,2025-06-01 08:00:00,2025-06-01 15:00:00,Cardiology,Home,Acute symptom visit,False
E0000152,P00025,emergency,2025-07-09 08:00:00,2025-07-09 09:00:00,Endocrinology,Home,Acute symptom visit,False
E0000153,P00025,outpatient,2025-08-04 08:00:00,2025-08-04 14:00:00,Endocrinology,Home,Acute symptom visit,False
E0000154,P00025,inpatient,2025-10-23 08:00:00,2025-10-25 12:00:00,Endocrinology,Skilled nursing facility,Hyperglycemia,False
E0000155,P00026,outpatient,2024-08-23 08:00:00,2024-08-23 09:00:00,Pulmonary,Home,Medication review,False
E0000156,P00026,outpatient,2024-09-10 08:00:00,2024-09-10 15:00:00,Endocrinology,Home,Follow-up,False
E0000157,P00026,outpatient,2024-09-24 08:00:00,2024-09-24 15:00:00,Cardiology,Home,Follow-up,False
E0000158,P00026,emergency,2024-10-03 08:00:00,2024-10-03 16:00:00,General Medicine,Home,Medication review,False
E0000159,P00026,outpatient,2024-10-03 08:00:00,2024-10-03 15:00:00,Cardiology,Home,Follow-up,False
E0000160,P00026,emergency,2024-10-21 08:00:00,2024-10-21 16:00:00,Endocrinology,Home,Acute symptom visit,False
E0000161,P00026,outpatient,2024-11-28 08:00:00,2024-11-28 11:00:00,Cardiology,Home,Follow-up,False
E0000162,P00026,inpatient,2025-03-19 08:00:00,2025-03-20 15:00:00,General Medicine,Home,Cellulitis,False
E0000163,P00027,outpatient,2025-03-05 08:00:00,2025-03-05 15:00:00,General Surgery,Home,Acute symptom visit,False
E0000164,P00027,emergency,2025-03-21 08:00:00,2025-03-21 13:00:00,General Surgery,Home,Acute symptom visit,False
E0000165,P00027,outpatient,2025-04-24 08:00:00,2025-04-24 15:00:00,Endocrinology,Home,Follow-up,False
E0000166,P00027,outpatient,2025-05-02 08:00:00,2025-05-02 10:00:00,Pulmonary,Home,Follow-up,False
E0000167,P00027,outpatient,2025-06-15 08:00:00,2025-06-15 12:00:00,General Medicine,Home,Medication review,False
E0000168,P00027,inpatient,2025-09-26 08:00:00,2025-09-27 12:00:00,General Medicine,Home,Electrolyte disorder,False
E0000169,P00027,inpatient,2026-01-11 12:00:00,2026-01-15 18:00:00,General Medicine,Skilled nursing facility,Syncope,False
E0000170,P00028,outpatient,2025-03-01 08:00:00,2025-03-01 12:00:00,Cardiology,Home,Acute symptom visit,False
E0000171,P00028,outpatient,2025-03-19 08:00:00,2025-03-19 09:00:00,Endocrinology,Home,Acute symptom visit,False
E0000172,P00028,emergency,2025-04-09 08:00:00,2025-04-09 13:00:00,Endocrinology,Home,Acute symptom visit,False
E0000173,P00028,inpatient,2025-07-18 08:00:00,2025-07-25 10:00:00,Pulmonary,Home,Asthma exacerbation,False
E0000174,P00029,outpatient,2024-09-28 08:00:00,2024-09-28 12:00:00,General Medicine,Home,Acute symptom visit,False
E0000175,P00029,outpatient,2025-01-20 08:00:00,2025-01-20 09:00:00,Endocrinology,Home,Follow-up,False
E0000176,P00029,outpatient,2025-02-03 08:00:00,2025-02-03 11:00:00,Cardiology,Home,Medication review,False
E0000177,P00029,inpatient,2025-03-19 08:00:00,2025-03-22 18:00:00,General Surgery,Home,Biliary disease,False
E0000178,P00030,outpatient,2025-03-08 08:00:00,2025-03-08 14:00:00,General Surgery,Home,Medication review,False
E0000179,P00030,outpatient,2025-03-11 08:00:00,2025-03-11 14:00:00,General Surgery,Home,Medication review,False
E0000180,P00030,outpatient,2025-03-20 08:00:00,2025-03-20 12:00:00,Endocrinology,Home,Follow-up,False
E0000181,P00030,outpatient,2025-03-21 08:00:00,2025-03-21 16:00:00,Endocrinology,Home,Acute symptom visit,False
E0000182,P00030,outpatient,2025-03-25 08:00:00,2025-03-25 15:00:00,Cardiology,Home,Medication review,False
E0000183,P00030,emergency,2025-05-14 08:00:00,2025-05-14 14:00:00,Cardiology,Home,Medication review,False
E0000184,P00030,emergency,2025-05-14 08:00:00,2025-05-14 10:00:00,General Surgery,Home,Follow-up,False
E0000185,P00030,emergency,2025-08-15 08:00:00,2025-08-15 13:00:00,Pulmonary,Home,Acute symptom visit,False
E0000186,P00031,outpatient,2025-05-07 08:00:00,2025-05-07 13:00:00,Pulmonary,Home,Follow-up,False
E0000187,P00031,emergency,2025-05-19 08:00:00,2025-05-19 09:00:00,Endocrinology,Home,Acute symptom visit,False
E0000188,P00031,emergency,2025-06-14 08:00:00,2025-06-14 16:00:00,Endocrinology,Home,Follow-up,False
E0000189,P00031,inpatient,2025-11-03 08:00:00,2025-11-05 12:00:00,Endocrinology,Transfer to acute care,Diabetes complication,False
E0000190,P00031,inpatient,2025-11-27 23:00:00,2025-12-03 03:00:00,General Medicine,Skilled nursing facility,Sepsis,False
E0000191,P00032,outpatient,2025-03-06 08:00:00,2025-03-06 09:00:00,General Medicine,Home,Follow-up,False
E0000192,P00032,inpatient,2025-05-24 08:00:00,2025-05-28 13:00:00,General Medicine,Home health,Cellulitis,False
E0000193,P00032,inpatient,2025-10-19 01:00:00,2025-10-20 03:00:00,General Medicine,Home,Cellulitis,False
E0000194,P00033,emergency,2024-10-15 08:00:00,2024-10-15 10:00:00,Endocrinology,Home,Acute symptom visit,False
E0000195,P00033,outpatient,2025-02-08 08:00:00,2025-02-08 09:00:00,Pulmonary,Home,Follow-up,False
E0000196,P00033,emergency,2025-02-11 08:00:00,2025-02-11 15:00:00,General Surgery,Home,Acute symptom visit,False
E0000197,P00033,emergency,2025-02-22 08:00:00,2025-02-22 16:00:00,General Medicine,Home,Follow-up,False
E0000198,P00033,emergency,2025-03-05 08:00:00,2025-03-05 09:00:00,Pulmonary,Home,Acute symptom visit,False
E0000199,P00033,inpatient,2025-04-24 08:00:00,2025-04-29 12:00:00,Cardiology,Home,Chest pain,False
E0000200,P00033,inpatient,2025-09-07 17:00:00,2025-09-12 20:00:00,General Medicine,Home,Electrolyte disorder,False
E0000201,P00034,outpatient,2025-05-25 08:00:00,2025-05-25 10:00:00,General Medicine,Home,Medication review,False
E0000202,P00034,outpatient,2025-07-19 08:00:00,2025-07-19 11:00:00,General Surgery,Home,Acute symptom visit,False
E0000203,P00034,emergency,2025-08-25 08:00:00,2025-08-25 09:00:00,General Medicine,Home,Acute symptom visit,False
E0000204,P00034,outpatient,2025-09-01 08:00:00,2025-09-01 14:00:00,Endocrinology,Home,Medication review,False
E0000205,P00034,inpatient,2025-10-16 08:00:00,2025-10-18 17:00:00,Pulmonary,Home,Pneumonia,False
E0000206,P00035,outpatient,2025-06-06 08:00:00,2025-06-06 09:00:00,Pulmonary,Home,Follow-up,False
E0000207,P00035,outpatient,2025-06-24 08:00:00,2025-06-24 16:00:00,Cardiology,Home,Acute symptom visit,False
E0000208,P00035,inpatient,2025-09-19 08:00:00,2025-09-20 13:00:00,Endocrinology,Skilled nursing facility,Hyperglycemia,False
E0000209,P00035,inpatient,2025-12-29 17:00:00,2026-01-01 23:00:00,General Medicine,Home health,Electrolyte disorder,False
E0000210,P00036,outpatient,2025-05-01 08:00:00,2025-05-01 13:00:00,Pulmonary,Home,Follow-up,False
E0000211,P00036,emergency,2025-06-16 08:00:00,2025-06-16 09:00:00,General Surgery,Home,Medication review,False
E0000212,P00036,outpatient,2025-07-04 08:00:00,2025-07-04 10:00:00,General Surgery,Home,Follow-up,False
E0000213,P00036,inpatient,2025-10-17 08:00:00,2025-10-22 15:00:00,General Medicine,Home,Electrolyte disorder,False
E0000214,P00037,outpatient,2025-02-14 08:00:00,2025-02-14 13:00:00,General Surgery,Home,Acute symptom visit,False
E0000215,P00037,outpatient,2025-03-04 08:00:00,2025-03-04 11:00:00,General Medicine,Home,Follow-up,False
E0000216,P00037,outpatient,2025-03-05 08:00:00,2025-03-05 09:00:00,Pulmonary,Home,Medication review,False
E0000217,P00037,emergency,2025-03-26 08:00:00,2025-03-26 13:00:00,Pulmonary,Home,Medication review,False
E0000218,P00037,emergency,2025-04-22 08:00:00,2025-04-22 13:00:00,Pulmonary,Home,Follow-up,False
E0000219,P00037,outpatient,2025-05-24 08:00:00,2025-05-24 12:00:00,General Medicine,Home,Medication review,False
E0000220,P00037,inpatient,2025-08-08 08:00:00,2025-08-12 18:00:00,General Medicine,Home,Cellulitis,False
E0000221,P00038,emergency,2024-08-25 08:00:00,2024-08-25 10:00:00,General Surgery,Home,Acute symptom visit,False
E0000222,P00038,outpatient,2024-11-07 08:00:00,2024-11-07 15:00:00,Pulmonary,Home,Acute symptom visit,False
E0000223,P00038,emergency,2024-11-16 08:00:00,2024-11-16 11:00:00,General Surgery,Home,Acute symptom visit,False
E0000224,P00038,inpatient,2025-02-18 08:00:00,2025-02-20 11:00:00,General Medicine,Transfer to acute care,Syncope,False
E0000225,P00038,inpatient,2025-04-11 11:00:00,2025-04-13 14:00:00,General Medicine,Home health,Cellulitis,False
E0000226,P00039,outpatient,2025-04-13 08:00:00,2025-04-13 15:00:00,General Surgery,Home,Medication review,False
E0000227,P00039,inpatient,2025-07-09 08:00:00,2025-07-10 15:00:00,General Medicine,Home,Syncope,False
E0000228,P00040,outpatient,2025-01-31 08:00:00,2025-01-31 12:00:00,Endocrinology,Home,Medication review,False
E0000229,P00040,emergency,2025-03-03 08:00:00,2025-03-03 15:00:00,Cardiology,Home,Acute symptom visit,False
E0000230,P00040,outpatient,2025-03-14 08:00:00,2025-03-14 13:00:00,Pulmonary,Home,Follow-up,False
E0000231,P00040,outpatient,2025-03-17 08:00:00,2025-03-17 14:00:00,Pulmonary,Home,Follow-up,False
E0000232,P00040,outpatient,2025-03-23 08:00:00,2025-03-23 14:00:00,Endocrinology,Home,Follow-up,False
E0000233,P00040,outpatient,2025-06-22 08:00:00,2025-06-22 09:00:00,Pulmonary,Home,Follow-up,False
E0000234,P00040,inpatient,2025-08-20 08:00:00,2025-08-23 17:00:00,General Medicine,Home,Sepsis,False
E0000235,P00041,outpatient,2024-10-04 08:00:00,2024-10-04 11:00:00,General Medicine,Home,Acute symptom visit,False
E0000236,P00041,outpatient,2024-10-08 08:00:00,2024-10-08 16:00:00,General Surgery,Home,Medication review,False
E0000237,P00041,outpatient,2024-12-11 08:00:00,2024-12-11 14:00:00,Endocrinology,Home,Follow-up,False
E0000238,P00041,outpatient,2024-12-19 08:00:00,2024-12-19 14:00:00,General Surgery,Home,Medication review,False
E0000239,P00041,outpatient,2025-01-04 08:00:00,2025-01-04 12:00:00,Endocrinology,Home,Medication review,False
E0000240,P00041,inpatient,2025-03-22 08:00:00,2025-03-28 17:00:00,General Medicine,Home health,Sepsis,False
E0000241,P00042,outpatient,2024-10-30 08:00:00,2024-10-30 15:00:00,General Medicine,Home,Follow-up,False
E0000242,P00042,outpatient,2024-11-21 08:00:00,2024-11-21 10:00:00,Pulmonary,Home,Acute symptom visit,False
E0000243,P00042,outpatient,2024-12-20 08:00:00,2024-12-20 12:00:00,Endocrinology,Home,Acute symptom visit,False
E0000244,P00042,outpatient,2025-01-04 08:00:00,2025-01-04 11:00:00,Pulmonary,Home,Follow-up,False
E0000245,P00042,emergency,2025-02-14 08:00:00,2025-02-14 12:00:00,General Surgery,Home,Follow-up,False
E0000246,P00042,outpatient,2025-03-14 08:00:00,2025-03-14 09:00:00,General Medicine,Home,Acute symptom visit,False
E0000247,P00042,inpatient,2025-05-02 08:00:00,2025-05-03 17:00:00,General Surgery,Home,Biliary disease,False
E0000248,P00043,outpatient,2024-12-08 08:00:00,2024-12-08 15:00:00,Endocrinology,Home,Follow-up,False
E0000249,P00043,outpatient,2024-12-22 08:00:00,2024-12-22 11:00:00,Endocrinology,Home,Acute symptom visit,False
E0000250,P00043,inpatient,2025-02-25 08:00:00,2025-02-28 13:00:00,General Medicine,Home,Electrolyte disorder,False
E0000251,P00044,emergency,2024-09-04 08:00:00,2024-09-04 13:00:00,Pulmonary,Home,Follow-up,False
E0000252,P00044,outpatient,2024-10-22 08:00:00,2024-10-22 15:00:00,Endocrinology,Home,Follow-up,False
E0000253,P00044,emergency,2024-11-09 08:00:00,2024-11-09 11:00:00,Pulmonary,Home,Medication review,False
E0000254,P00044,inpatient,2025-02-23 08:00:00,2025-02-26 11:00:00,Cardiology,Home,Chest pain,False
E0000255,P00045,outpatient,2024-12-14 08:00:00,2024-12-14 10:00:00,Endocrinology,Home,Follow-up,False
E0000256,P00045,outpatient,2024-12-15 08:00:00,2024-12-15 12:00:00,Endocrinology,Home,Medication review,False
E0000257,P00045,outpatient,2024-12-31 08:00:00,2024-12-31 14:00:00,Pulmonary,Home,Medication review,False
E0000258,P00045,outpatient,2025-03-04 08:00:00,2025-03-04 10:00:00,General Surgery,Home,Follow-up,False
E0000259,P00045,emergency,2025-03-14 08:00:00,2025-03-14 10:00:00,General Surgery,Home,Follow-up,False
E0000260,P00045,outpatient,2025-05-12 08:00:00,2025-05-12 10:00:00,Cardiology,Home,Acute symptom visit,False
E0000261,P00045,inpatient,2025-06-13 08:00:00,2025-06-16 10:00:00,Pulmonary,Home,Asthma exacerbation,False
E0000262,P00045,inpatient,2025-09-02 11:00:00,2025-09-03 16:00:00,Cardiology,Home,Atrial fibrillation,False
E0000263,P00046,outpatient,2024-10-12 08:00:00,2024-10-12 15:00:00,General Medicine,Home,Acute symptom visit,False
E0000264,P00046,outpatient,2024-12-13 08:00:00,2024-12-13 10:00:00,General Surgery,Home,Follow-up,False
E0000265,P00046,emergency,2025-01-27 08:00:00,2025-01-27 16:00:00,Endocrinology,Home,Follow-up,False
E0000266,P00046,outpatient,2025-01-30 08:00:00,2025-01-30 16:00:00,General Surgery,Home,Acute symptom visit,False
E0000267,P00046,outpatient,2025-02-07 08:00:00,2025-02-07 15:00:00,General Medicine,Home,Follow-up,False
E0000268,P00046,outpatient,2025-02-21 08:00:00,2025-02-21 10:00:00,Cardiology,Home,Medication review,False
E0000269,P00046,inpatient,2025-04-29 08:00:00,2025-04-30 10:00:00,Endocrinology,Home,Hypoglycemia,False
E0000270,P00047,outpatient,2024-12-11 08:00:00,2024-12-11 15:00:00,Endocrinology,Home,Follow-up,False
E0000271,P00047,inpatient,2025-06-21 08:00:00,2025-06-23 11:00:00,General Medicine,Transfer to acute care,Sepsis,False
E0000272,P00047,inpatient,2025-08-07 19:00:00,2025-08-12 22:00:00,Endocrinology,Home health,Hyperglycemia,False
E0000273,P00048,outpatient,2025-04-24 08:00:00,2025-04-24 14:00:00,Cardiology,Home,Medication review,False
E0000274,P00048,outpatient,2025-05-05 08:00:00,2025-05-05 10:00:00,Endocrinology,Home,Medication review,False
E0000275,P00048,outpatient,2025-06-03 08:00:00,2025-06-03 09:00:00,General Surgery,Home,Follow-up,False
E0000276,P00048,outpatient,2025-07-06 08:00:00,2025-07-06 15:00:00,Pulmonary,Home,Medication review,False
E0000277,P00048,outpatient,2025-07-13 08:00:00,2025-07-13 15:00:00,General Surgery,Home,Medication review,False
E0000278,P00048,inpatient,2025-11-03 08:00:00,2025-11-04 13:00:00,General Surgery,Home,Abdominal pain,False
E0000279,P00049,outpatient,2025-02-04 08:00:00,2025-02-04 16:00:00,General Surgery,Home,Follow-up,False
E0000280,P00049,outpatient,2025-02-07 08:00:00,2025-02-07 10:00:00,General Medicine,Home,Medication review,False
E0000281,P00049,outpatient,2025-03-02 08:00:00,2025-03-02 16:00:00,Pulmonary,Home,Medication review,False
E0000282,P00049,emergency,2025-06-23 08:00:00,2025-06-23 09:00:00,Endocrinology,Home,Follow-up,False
E0000283,P00049,outpatient,2025-07-01 08:00:00,2025-07-01 14:00:00,General Surgery,Home,Medication review,False
E0000284,P00049,inpatient,2025-08-26 08:00:00,2025-08-27 11:00:00,General Medicine,Home,Syncope,False
E0000285,P00049,inpatient,2025-11-06 22:00:00,2025-11-09 02:00:00,General Medicine,Home,Electrolyte disorder,False
E0000286,P00050,outpatient,2024-11-29 08:00:00,2024-11-29 09:00:00,Pulmonary,Home,Acute symptom visit,False
E0000287,P00050,emergency,2024-12-02 08:00:00,2024-12-02 09:00:00,General Surgery,Home,Medication review,False
E0000288,P00050,outpatient,2024-12-25 08:00:00,2024-12-25 10:00:00,Pulmonary,Home,Medication review,False
E0000289,P00050,outpatient,2025-01-20 08:00:00,2025-01-20 13:00:00,Pulmonary,Home,Follow-up,False
E0000290,P00050,emergency,2025-01-29 08:00:00,2025-01-29 16:00:00,General Medicine,Home,Medication review,False
E0000291,P00050,inpatient,2025-04-10 08:00:00,2025-04-12 17:00:00,Pulmonary,Home,Pneumonia,False
E0000292,P00051,outpatient,2025-02-24 08:00:00,2025-02-24 15:00:00,General Surgery,Home,Acute symptom visit,False
E0000293,P00051,outpatient,2025-04-29 08:00:00,2025-04-29 10:00:00,General Surgery,Home,Follow-up,False
E0000294,P00051,outpatient,2025-05-01 08:00:00,2025-05-01 16:00:00,General Medicine,Home,Follow-up,False
E0000295,P00051,outpatient,2025-05-25 08:00:00,2025-05-25 14:00:00,Endocrinology,Home,Follow-up,False
E0000296,P00051,inpatient,2025-06-22 08:00:00,2025-06-24 18:00:00,Endocrinology,Transfer to acute care,Hypoglycemia,False
E0000297,P00051,inpatient,2025-06-28 06:00:00,2025-06-30 14:00:00,General Surgery,Home,Postoperative wound issue,False
E0000298,P00052,outpatient,2024-10-26 08:00:00,2024-10-26 15:00:00,General Surgery,Home,Medication review,False
E0000299,P00052,emergency,2024-10-31 08:00:00,2024-10-31 16:00:00,Cardiology,Home,Follow-up,False
E0000300,P00052,outpatient,2024-11-28 08:00:00,2024-11-28 13:00:00,Endocrinology,Home,Acute symptom visit,False
E0000301,P00052,inpatient,2025-01-30 08:00:00,2025-02-01 18:00:00,General Surgery,Home,Postoperative wound issue,False
E0000302,P00052,inpatient,2025-02-12 18:00:00,2025-02-14 20:00:00,General Medicine,Skilled nursing facility,Cellulitis,False
E0000303,P00053,outpatient,2024-09-02 08:00:00,2024-09-02 10:00:00,Endocrinology,Home,Medication review,False
E0000304,P00053,outpatient,2024-10-09 08:00:00,2024-10-09 14:00:00,Endocrinology,Home,Acute symptom visit,False
E0000305,P00053,outpatient,2024-11-29 08:00:00,2024-11-29 09:00:00,General Surgery,Home,Follow-up,False
E0000306,P00053,inpatient,2025-02-06 08:00:00,2025-02-07 18:00:00,General Medicine,Home,Cellulitis,False
E0000307,P00053,inpatient,2025-02-22 21:00:00,2025-02-28 02:00:00,General Medicine,Home,Cellulitis,False
E0000308,P00054,outpatient,2024-10-19 08:00:00,2024-10-19 14:00:00,General Surgery,Home,Acute symptom visit,False
E0000309,P00054,outpatient,2024-10-29 08:00:00,2024-10-29 09:00:00,Pulmonary,Home,Follow-up,False
E0000310,P00054,outpatient,2024-12-28 08:00:00,2024-12-28 16:00:00,Cardiology,Home,Medication review,False
E0000311,P00054,inpatient,2025-02-03 08:00:00,2025-02-06 15:00:00,General Medicine,Home,Sepsis,False
E0000312,P00054,inpatient,2025-06-02 17:00:00,2025-06-08 01:00:00,Endocrinology,Home health,Hyperglycemia,False
E0000313,P00054,inpatient,2025-06-29 01:00:00,2025-07-04 05:00:00,General Medicine,Home,Sepsis,False
E0000314,P00055,outpatient,2025-06-17 08:00:00,2025-06-17 13:00:00,Cardiology,Home,Follow-up,False
E0000315,P00055,outpatient,2025-06-24 08:00:00,2025-06-24 09:00:00,General Medicine,Home,Follow-up,False
E0000316,P00055,outpatient,2025-06-26 08:00:00,2025-06-26 11:00:00,Pulmonary,Home,Acute symptom visit,False
E0000317,P00055,emergency,2025-07-16 08:00:00,2025-07-16 10:00:00,Pulmonary,Home,Medication review,False
E0000318,P00055,outpatient,2025-08-14 08:00:00,2025-08-14 10:00:00,Pulmonary,Home,Medication review,False
E0000319,P00055,inpatient,2025-09-20 08:00:00,2025-09-23 18:00:00,General Medicine,Skilled nursing facility,Electrolyte disorder,False
E0000320,P00055,inpatient,2025-10-09 01:00:00,2025-10-10 10:00:00,Endocrinology,Home health,Hypoglycemia,False
E0000321,P00056,outpatient,2024-09-22 08:00:00,2024-09-22 12:00:00,Endocrinology,Home,Follow-up,False
E0000322,P00056,outpatient,2024-10-28 08:00:00,2024-10-28 15:00:00,Endocrinology,Home,Follow-up,False
E0000323,P00056,outpatient,2024-12-04 08:00:00,2024-12-04 11:00:00,Cardiology,Home,Acute symptom visit,False
E0000324,P00056,outpatient,2024-12-30 08:00:00,2024-12-30 14:00:00,Cardiology,Home,Acute symptom visit,False
E0000325,P00056,emergency,2025-01-07 08:00:00,2025-01-07 14:00:00,Cardiology,Home,Follow-up,False
E0000326,P00056,outpatient,2025-02-04 08:00:00,2025-02-04 16:00:00,General Surgery,Home,Medication review,False
E0000327,P00056,inpatient,2025-03-16 08:00:00,2025-03-17 12:00:00,Endocrinology,Home,Hyperglycemia,False
E0000328,P00056,inpatient,2025-07-24 18:00:00,2025-07-28 02:00:00,Pulmonary,Home,Asthma exacerbation,False
E0000329,P00057,emergency,2025-03-19 08:00:00,2025-03-19 11:00:00,Cardiology,Home,Acute symptom visit,False
E0000330,P00057,outpatient,2025-04-14 08:00:00,2025-04-14 11:00:00,Cardiology,Home,Follow-up,False
E0000331,P00057,outpatient,2025-05-14 08:00:00,2025-05-14 11:00:00,Cardiology,Home,Follow-up,False
E0000332,P00057,outpatient,2025-06-30 08:00:00,2025-06-30 15:00:00,Pulmonary,Home,Acute symptom visit,False
E0000333,P00057,inpatient,2025-08-28 08:00:00,2025-08-30 10:00:00,General Medicine,Home,Sepsis,False
E0000334,P00058,outpatient,2024-07-19 08:00:00,2024-07-19 12:00:00,Cardiology,Home,Medication review,False
E0000335,P00058,emergency,2024-09-13 08:00:00,2024-09-13 15:00:00,General Medicine,Home,Medication review,False
E0000336,P00058,emergency,2024-10-10 08:00:00,2024-10-10 12:00:00,Pulmonary,Home,Acute symptom visit,False
E0000337,P00058,outpatient,2024-10-15 08:00:00,2024-10-15 10:00:00,Endocrinology,Home,Medication review,False
E0000338,P00058,inpatient,2025-02-11 08:00:00,2025-02-12 14:00:00,General Medicine,Home,Syncope,False
E0000339,P00058,inpatient,2025-04-07 23:00:00,2025-04-10 03:00:00,General Surgery,Home,Postoperative wound issue,False
E0000340,P00059,outpatient,2025-03-12 08:00:00,2025-03-12 15:00:00,Cardiology,Home,Acute symptom visit,False
E0000341,P00059,emergency,2025-05-21 08:00:00,2025-05-21 09:00:00,Endocrinology,Home,Acute symptom visit,False
E0000342,P00059,emergency,2025-06-08 08:00:00,2025-06-08 14:00:00,Pulmonary,Home,Acute symptom visit,False
E0000343,P00059,inpatient,2025-08-19 08:00:00,2025-08-21 11:00:00,Cardiology,Home,Atrial fibrillation,False
E0000344,P00059,inpatient,2025-12-28 15:00:00,2025-12-30 23:00:00,General Medicine,Home,Cellulitis,False
E0000345,P00059,inpatient,2026-01-23 03:00:00,2026-01-27 06:00:00,Endocrinology,Home,Hypoglycemia,False
E0000346,P00060,outpatient,2024-10-06 08:00:00,2024-10-06 09:00:00,General Medicine,Home,Medication review,False
E0000347,P00060,outpatient,2024-10-28 08:00:00,2024-10-28 12:00:00,General Surgery,Home,Follow-up,False
E0000348,P00060,outpatient,2024-11-10 08:00:00,2024-11-10 11:00:00,General Medicine,Home,Acute symptom visit,False
E0000349,P00060,outpatient,2025-02-14 08:00:00,2025-02-14 13:00:00,General Surgery,Home,Medication review,False
E0000350,P00060,inpatient,2025-03-27 08:00:00,2025-03-30 10:00:00,Endocrinology,Home health,Hyperglycemia,False
E0000351,P00061,outpatient,2025-02-26 08:00:00,2025-02-26 13:00:00,General Medicine,Home,Acute symptom visit,False
E0000352,P00061,emergency,2025-03-31 08:00:00,2025-03-31 09:00:00,General Medicine,Home,Follow-up,False
E0000353,P00061,inpatient,2025-07-17 08:00:00,2025-07-20 13:00:00,General Surgery,Home,Biliary disease,False
E0000354,P00061,inpatient,2025-10-14 17:00:00,2025-10-16 03:00:00,Cardiology,Home,Chest pain,False
E0000355,P00061,inpatient,2025-11-13 12:00:00,2025-11-15 21:00:00,Endocrinology,Home health,Diabetes complication,False
E0000356,P00062,outpatient,2024-11-07 08:00:00,2024-11-07 13:00:00,General Surgery,Home,Follow-up,False
E0000357,P00062,outpatient,2024-11-25 08:00:00,2024-11-25 10:00:00,General Medicine,Home,Follow-up,False
E0000358,P00062,outpatient,2025-02-10 08:00:00,2025-02-10 15:00:00,General Medicine,Home,Acute symptom visit,False
E0000359,P00062,emergency,2025-03-18 08:00:00,2025-03-18 09:00:00,Pulmonary,Home,Follow-up,False
E0000360,P00062,inpatient,2025-04-09 08:00:00,2025-04-11 18:00:00,Endocrinology,Home,Hyperglycemia,False
E0000361,P00062,inpatient,2025-08-28 04:00:00,2025-08-29 09:00:00,General Medicine,Home,Syncope,False
E0000362,P00063,emergency,2025-06-11 08:00:00,2025-06-11 13:00:00,General Medicine,Home,Follow-up,False
E0000363,P00063,outpatient,2025-07-12 08:00:00,2025-07-12 11:00:00,Pulmonary,Home,Acute symptom visit,False
E0000364,P00063,outpatient,2025-07-14 08:00:00,2025-07-14 16:00:00,Cardiology,Home,Acute symptom visit,False
E0000365,P00063,inpatient,2025-10-05 08:00:00,2025-10-09 17:00:00,Endocrinology,Home,Diabetes complication,False
E0000366,P00064,outpatient,2024-11-02 08:00:00,2024-11-02 12:00:00,General Surgery,Home,Medication review,False
E0000367,P00064,emergency,2024-11-27 08:00:00,2024-11-27 12:00:00,Cardiology,Home,Acute symptom visit,False
E0000368,P00064,outpatient,2024-12-28 08:00:00,2024-12-28 12:00:00,General Surgery,Home,Medication review,False
E0000369,P00064,outpatient,2025-01-04 08:00:00,2025-01-04 09:00:00,Cardiology,Home,Acute symptom visit,False
E0000370,P00064,emergency,2025-01-15 08:00:00,2025-01-15 13:00:00,Endocrinology,Home,Medication review,False
E0000371,P00064,outpatient,2025-01-31 08:00:00,2025-01-31 13:00:00,General Surgery,Home,Acute symptom visit,False
E0000372,P00064,outpatient,2025-03-06 08:00:00,2025-03-06 10:00:00,General Surgery,Home,Follow-up,False
E0000373,P00065,outpatient,2025-03-24 08:00:00,2025-03-24 16:00:00,General Surgery,Home,Follow-up,False
E0000374,P00065,outpatient,2025-04-11 08:00:00,2025-04-11 14:00:00,Pulmonary,Home,Medication review,False
E0000375,P00065,emergency,2025-04-22 08:00:00,2025-04-22 13:00:00,General Surgery,Home,Acute symptom visit,False
E0000376,P00065,outpatient,2025-04-23 08:00:00,2025-04-23 15:00:00,Endocrinology,Home,Medication review,False
E0000377,P00065,outpatient,2025-04-28 08:00:00,2025-04-28 11:00:00,Pulmonary,Home,Follow-up,False
E0000378,P00065,emergency,2025-05-19 08:00:00,2025-05-19 14:00:00,Cardiology,Home,Follow-up,False
E0000379,P00065,emergency,2025-06-10 08:00:00,2025-06-10 16:00:00,Cardiology,Home,Acute symptom visit,False
E0000380,P00065,outpatient,2025-06-11 08:00:00,2025-06-11 12:00:00,Pulmonary,Home,Acute symptom visit,False
E0000381,P00065,emergency,2025-06-22 08:00:00,2025-06-22 12:00:00,Cardiology,Home,Acute symptom visit,False
E0000382,P00065,inpatient,2025-09-06 08:00:00,2025-09-09 14:00:00,General Medicine,Home,Syncope,False
E0000383,P00066,outpatient,2024-12-23 08:00:00,2024-12-23 10:00:00,General Medicine,Home,Follow-up,False
E0000384,P00066,outpatient,2025-02-07 08:00:00,2025-02-07 13:00:00,Endocrinology,Home,Acute symptom visit,False
E0000385,P00066,emergency,2025-03-28 08:00:00,2025-03-28 09:00:00,Endocrinology,Home,Follow-up,False
E0000386,P00067,outpatient,2025-01-08 08:00:00,2025-01-08 16:00:00,Pulmonary,Home,Medication review,False
E0000387,P00067,inpatient,2025-07-17 08:00:00,2025-07-20 15:00:00,Pulmonary,Home,Asthma exacerbation,False
E0000388,P00068,outpatient,2025-04-03 08:00:00,2025-04-03 14:00:00,Pulmonary,Home,Acute symptom visit,False
E0000389,P00068,outpatient,2025-04-13 08:00:00,2025-04-13 11:00:00,Endocrinology,Home,Follow-up,False
E0000390,P00068,inpatient,2025-09-19 08:00:00,2025-09-20 12:00:00,General Surgery,Home,Postoperative wound issue,True
E0000391,P00068,inpatient,2025-12-12 22:00:00,2025-12-16 06:00:00,General Medicine,Home health,Sepsis,False
E0000392,P00069,outpatient,2025-03-23 08:00:00,2025-03-23 13:00:00,General Surgery,Home,Medication review,False
E0000393,P00069,emergency,2025-04-02 08:00:00,2025-04-02 15:00:00,General Surgery,Home,Medication review,False
E0000394,P00069,emergency,2025-04-10 08:00:00,2025-04-10 09:00:00,Cardiology,Home,Acute symptom visit,False
E0000395,P00069,emergency,2025-07-29 08:00:00,2025-07-29 13:00:00,Endocrinology,Home,Acute symptom visit,False
E0000396,P00069,emergency,2025-07-31 08:00:00,2025-07-31 12:00:00,Cardiology,Home,Medication review,False
E0000397,P00069,inpatient,2025-09-25 08:00:00,2025-09-28 12:00:00,Pulmonary,Home,Pneumonia,False
E0000398,P00069,inpatient,2026-01-29 23:00:00,2026-02-01 02:00:00,Cardiology,Home,Atrial fibrillation,False
E0000399,P00070,outpatient,2025-03-05 08:00:00,2025-03-05 15:00:00,Cardiology,Home,Follow-up,False
E0000400,P00070,outpatient,2025-03-12 08:00:00,2025-03-12 09:00:00,General Surgery,Home,Medication review,False
E0000401,P00070,emergency,2025-04-08 08:00:00,2025-04-08 14:00:00,Pulmonary,Home,Acute symptom visit,False
E0000402,P00070,outpatient,2025-05-11 08:00:00,2025-05-11 16:00:00,Pulmonary,Home,Acute symptom visit,False
E0000403,P00070,outpatient,2025-06-03 08:00:00,2025-06-03 10:00:00,Pulmonary,Home,Follow-up,False
E0000404,P00070,inpatient,2025-08-04 08:00:00,2025-08-09 13:00:00,General Medicine,Home,Sepsis,False
E0000405,P00071,outpatient,2025-01-17 08:00:00,2025-01-17 09:00:00,General Medicine,Home,Follow-up,False
E0000406,P00071,outpatient,2025-02-21 08:00:00,2025-02-21 10:00:00,Endocrinology,Home,Medication review,False
E0000407,P00071,outpatient,2025-03-09 08:00:00,2025-03-09 09:00:00,Endocrinology,Home,Follow-up,False
E0000408,P00071,outpatient,2025-03-27 08:00:00,2025-03-27 09:00:00,General Medicine,Home,Medication review,False
E0000409,P00071,outpatient,2025-04-27 08:00:00,2025-04-27 11:00:00,Endocrinology,Home,Follow-up,False
E0000410,P00071,inpatient,2025-08-19 08:00:00,2025-08-22 16:00:00,Endocrinology,Home,Hyperglycemia,False
E0000411,P00071,inpatient,2025-10-18 17:00:00,2025-10-21 21:00:00,Pulmonary,Home,Pneumonia,False
E0000412,P00072,outpatient,2025-03-25 08:00:00,2025-03-25 15:00:00,Endocrinology,Home,Acute symptom visit,False
E0000413,P00072,emergency,2025-04-16 08:00:00,2025-04-16 15:00:00,Pulmonary,Home,Follow-up,False
E0000414,P00072,outpatient,2025-06-08 08:00:00,2025-06-08 15:00:00,Cardiology,Home,Follow-up,False
E0000415,P00072,outpatient,2025-06-14 08:00:00,2025-06-14 10:00:00,Pulmonary,Home,Medication review,False
E0000416,P00072,outpatient,2025-06-18 08:00:00,2025-06-18 11:00:00,General Surgery,Home,Medication review,False
E0000417,P00072,outpatient,2025-07-08 08:00:00,2025-07-08 15:00:00,Pulmonary,Home,Medication review,False
E0000418,P00072,emergency,2025-07-26 08:00:00,2025-07-26 10:00:00,General Surgery,Home,Follow-up,False
E0000419,P00072,inpatient,2025-10-15 08:00:00,2025-10-19 17:00:00,Cardiology,Home,Chest pain,False
E0000420,P00072,inpatient,2025-10-23 21:00:00,2025-10-27 05:00:00,Cardiology,Home,Heart failure exacerbation,False
E0000421,P00073,outpatient,2024-08-03 08:00:00,2024-08-03 14:00:00,Endocrinology,Home,Follow-up,False
E0000422,P00073,outpatient,2024-09-05 08:00:00,2024-09-05 11:00:00,Cardiology,Home,Medication review,False
E0000423,P00073,outpatient,2024-10-07 08:00:00,2024-10-07 12:00:00,Pulmonary,Home,Medication review,False
E0000424,P00073,outpatient,2024-11-24 08:00:00,2024-11-24 11:00:00,Pulmonary,Home,Follow-up,False
E0000425,P00073,inpatient,2025-01-20 08:00:00,2025-01-21 15:00:00,Endocrinology,Home,Hypoglycemia,False
E0000426,P00073,inpatient,2025-01-29 16:00:00,2025-02-02 00:00:00,General Medicine,Home,Electrolyte disorder,False
E0000427,P00073,inpatient,2025-02-23 02:00:00,2025-02-27 11:00:00,Cardiology,Expired,Heart failure exacerbation,False
E0000428,P00074,outpatient,2024-10-05 08:00:00,2024-10-05 14:00:00,Endocrinology,Home,Medication review,False
E0000429,P00074,outpatient,2024-12-30 08:00:00,2024-12-30 09:00:00,General Surgery,Home,Medication review,False
E0000430,P00074,outpatient,2025-02-21 08:00:00,2025-02-21 11:00:00,Pulmonary,Home,Medication review,False
E0000431,P00074,outpatient,2025-03-07 08:00:00,2025-03-07 11:00:00,Pulmonary,Home,Follow-up,False
E0000432,P00074,inpatient,2025-04-19 08:00:00,2025-04-21 10:00:00,General Surgery,Home,Postoperative wound issue,False
E0000433,P00074,inpatient,2025-06-15 18:00:00,2025-06-18 20:00:00,General Surgery,Home health,Biliary disease,False
E0000434,P00075,outpatient,2024-08-05 08:00:00,2024-08-05 10:00:00,General Medicine,Home,Acute symptom visit,False
E0000435,P00075,emergency,2024-08-27 08:00:00,2024-08-27 13:00:00,Cardiology,Home,Acute symptom visit,False
E0000436,P00075,outpatient,2024-09-12 08:00:00,2024-09-12 13:00:00,Endocrinology,Home,Follow-up,False
E0000437,P00075,outpatient,2024-10-25 08:00:00,2024-10-25 14:00:00,General Medicine,Home,Follow-up,False
E0000438,P00075,outpatient,2024-11-18 08:00:00,2024-11-18 15:00:00,Cardiology,Home,Medication review,False
E0000439,P00075,outpatient,2024-11-18 08:00:00,2024-11-18 14:00:00,Endocrinology,Home,Follow-up,False
E0000440,P00075,emergency,2024-12-21 08:00:00,2024-12-21 10:00:00,Endocrinology,Home,Follow-up,False
E0000441,P00075,inpatient,2025-01-27 08:00:00,2025-01-30 10:00:00,General Medicine,Home,Syncope,False
E0000442,P00075,inpatient,2025-04-07 19:00:00,2025-04-12 02:00:00,Endocrinology,Skilled nursing facility,Hypoglycemia,False
E0000443,P00076,outpatient,2024-12-17 08:00:00,2024-12-17 09:00:00,General Medicine,Home,Follow-up,False
E0000444,P00076,emergency,2025-01-10 08:00:00,2025-01-10 14:00:00,Cardiology,Home,Acute symptom visit,False
E0000445,P00077,emergency,2024-12-05 08:00:00,2024-12-05 13:00:00,Pulmonary,Home,Follow-up,False
E0000446,P00077,outpatient,2025-01-09 08:00:00,2025-01-09 13:00:00,Pulmonary,Home,Acute symptom visit,False
E0000447,P00077,outpatient,2025-01-24 08:00:00,2025-01-24 09:00:00,Cardiology,Home,Medication review,False
E0000448,P00077,outpatient,2025-02-08 08:00:00,2025-02-08 10:00:00,Endocrinology,Home,Follow-up,False
E0000449,P00077,outpatient,2025-03-04 08:00:00,2025-03-04 15:00:00,Pulmonary,Home,Medication review,False
E0000450,P00077,inpatient,2025-04-06 08:00:00,2025-04-12 17:00:00,General Medicine,Skilled nursing facility,Syncope,False
E0000451,P00078,outpatient,2024-11-09 08:00:00,2024-11-09 16:00:00,General Medicine,Home,Follow-up,False
E0000452,P00078,outpatient,2025-02-28 08:00:00,2025-02-28 16:00:00,Pulmonary,Home,Acute symptom visit,False
E0000453,P00078,emergency,2025-03-17 08:00:00,2025-03-17 09:00:00,Cardiology,Home,Follow-up,False
E0000454,P00078,inpatient,2025-05-08 08:00:00,2025-05-13 10:00:00,General Surgery,Home,Biliary disease,False
E0000455,P00079,outpatient,2024-07-23 08:00:00,2024-07-23 09:00:00,General Medicine,Home,Follow-up,False
E0000456,P00079,outpatient,2024-08-08 08:00:00,2024-08-08 13:00:00,General Surgery,Home,Follow-up,False
E0000457,P00079,outpatient,2024-11-07 08:00:00,2024-11-07 10:00:00,General Surgery,Home,Follow-up,False
E0000458,P00079,outpatient,2024-12-08 08:00:00,2024-12-08 10:00:00,Pulmonary,Home,Acute symptom visit,False
E0000459,P00079,outpatient,2024-12-11 08:00:00,2024-12-11 13:00:00,Cardiology,Home,Medication review,False
E0000460,P00080,outpatient,2025-02-18 08:00:00,2025-02-18 10:00:00,General Medicine,Home,Follow-up,False
E0000461,P00080,emergency,2025-05-01 08:00:00,2025-05-01 15:00:00,Pulmonary,Home,Medication review,False
E0000462,P00080,emergency,2025-05-06 08:00:00,2025-05-06 11:00:00,Endocrinology,Home,Follow-up,False
E0000463,P00080,inpatient,2025-08-09 08:00:00,2025-08-12 13:00:00,General Medicine,Home,Cellulitis,False
E0000464,P00081,outpatient,2024-12-07 08:00:00,2024-12-07 14:00:00,Endocrinology,Home,Acute symptom visit,False
E0000465,P00081,emergency,2025-02-20 08:00:00,2025-02-20 09:00:00,Pulmonary,Home,Medication review,False
E0000466,P00081,emergency,2025-03-11 08:00:00,2025-03-11 16:00:00,Pulmonary,Home,Medication review,False
E0000467,P00081,inpatient,2025-04-21 08:00:00,2025-04-23 12:00:00,General Medicine,Skilled nursing facility,Syncope,False
E0000468,P00081,inpatient,2025-08-01 23:00:00,2025-08-06 04:00:00,Cardiology,Home,Heart failure exacerbation,False
E0000469,P00081,inpatient,2026-01-01 08:00:00,2026-01-04 15:00:00,General Medicine,Transfer to acute care,Syncope,False
E0000470,P00082,outpatient,2024-09-11 08:00:00,2024-09-11 12:00:00,Cardiology,Home,Acute symptom visit,False
E0000471,P00082,outpatient,2024-09-23 08:00:00,2024-09-23 16:00:00,Endocrinology,Home,Medication review,False
E0000472,P00082,outpatient,2024-12-12 08:00:00,2024-12-12 09:00:00,General Medicine,Home,Acute symptom visit,False
E0000473,P00083,outpatient,2024-08-19 08:00:00,2024-08-19 12:00:00,General Surgery,Home,Follow-up,False
E0000474,P00083,outpatient,2024-11-22 08:00:00,2024-11-22 14:00:00,General Surgery,Home,Acute symptom visit,False
E0000475,P00083,inpatient,2025-03-05 08:00:00,2025-03-08 13:00:00,Endocrinology,Skilled nursing facility,Hyperglycemia,False
E0000476,P00083,inpatient,2025-05-02 18:00:00,2025-05-04 21:00:00,General Medicine,Home,Syncope,False
E0000477,P00084,emergency,2024-11-07 08:00:00,2024-11-07 13:00:00,Endocrinology,Home,Medication review,False
E0000478,P00084,outpatient,2024-12-06 08:00:00,2024-12-06 10:00:00,Pulmonary,Home,Acute symptom visit,False
E0000479,P00084,emergency,2025-01-27 08:00:00,2025-01-27 15:00:00,Pulmonary,Home,Medication review,False
E0000480,P00084,inpatient,2025-02-23 08:00:00,2025-02-25 16:00:00,Endocrinology,Home health,Diabetes complication,False
E0000481,P00085,outpatient,2025-01-19 08:00:00,2025-01-19 15:00:00,Cardiology,Home,Medication review,False
E0000482,P00085,emergency,2025-06-17 08:00:00,2025-06-17 10:00:00,General Medicine,Home,Follow-up,False
E0000483,P00085,inpatient,2025-08-03 08:00:00,2025-08-04 15:00:00,General Medicine,Home,Cellulitis,False
E0000484,P00086,outpatient,2025-03-24 08:00:00,2025-03-24 16:00:00,Cardiology,Home,Medication review,False
E0000485,P00086,emergency,2025-04-27 08:00:00,2025-04-27 11:00:00,Cardiology,Home,Acute symptom visit,False
E0000486,P00086,inpatient,2025-07-31 08:00:00,2025-08-04 18:00:00,General Medicine,Home,Electrolyte disorder,False
E0000487,P00087,outpatient,2024-09-06 08:00:00,2024-09-06 13:00:00,General Surgery,Home,Medication review,False
E0000488,P00087,outpatient,2024-09-10 08:00:00,2024-09-10 14:00:00,General Medicine,Home,Acute symptom visit,False
E0000489,P00087,emergency,2024-10-17 08:00:00,2024-10-17 12:00:00,General Surgery,Home,Medication review,False
E0000490,P00087,outpatient,2024-10-19 08:00:00,2024-10-19 16:00:00,General Surgery,Home,Medication review,False
E0000491,P00087,outpatient,2024-11-03 08:00:00,2024-11-03 10:00:00,Pulmonary,Home,Follow-up,False
E0000492,P00087,emergency,2024-11-24 08:00:00,2024-11-24 14:00:00,General Surgery,Home,Medication review,False
E0000493,P00087,emergency,2024-12-06 08:00:00,2024-12-06 15:00:00,General Surgery,Home,Follow-up,False
E0000494,P00087,outpatient,2024-12-09 08:00:00,2024-12-09 14:00:00,Endocrinology,Home,Medication review,False
E0000495,P00087,emergency,2024-12-29 08:00:00,2024-12-29 14:00:00,Endocrinology,Home,Medication review,False
E0000496,P00087,inpatient,2025-02-01 08:00:00,2025-02-04 12:00:00,Pulmonary,Home,Pneumonia,False
E0000497,P00088,outpatient,2025-01-18 08:00:00,2025-01-18 09:00:00,General Medicine,Home,Medication review,False
E0000498,P00088,emergency,2025-05-06 08:00:00,2025-05-06 14:00:00,Endocrinology,Home,Follow-up,False
E0000499,P00088,emergency,2025-06-25 08:00:00,2025-06-25 13:00:00,Cardiology,Home,Medication review,False
E0000500,P00088,inpatient,2025-08-14 08:00:00,2025-08-19 12:00:00,Pulmonary,Home,Asthma exacerbation,False
E0000501,P00088,inpatient,2025-12-23 15:00:00,2025-12-28 01:00:00,General Surgery,Home,Biliary disease,False
E0000502,P00089,outpatient,2024-08-27 08:00:00,2024-08-27 11:00:00,Pulmonary,Home,Medication review,False
E0000503,P00089,inpatient,2025-02-13 08:00:00,2025-02-15 10:00:00,General Surgery,Home,Postoperative wound issue,False
E0000504,P00090,emergency,2025-04-09 08:00:00,2025-04-09 13:00:00,Endocrinology,Home,Follow-up,False
E0000505,P00090,outpatient,2025-04-16 08:00:00,2025-04-16 16:00:00,General Surgery,Home,Acute symptom visit,False
E0000506,P00090,outpatient,2025-04-17 08:00:00,2025-04-17 09:00:00,Pulmonary,Home,Medication review,False
E0000507,P00090,emergency,2025-05-14 08:00:00,2025-05-14 15:00:00,Pulmonary,Home,Acute symptom visit,False
E0000508,P00090,outpatient,2025-08-11 08:00:00,2025-08-11 10:00:00,Pulmonary,Home,Follow-up,False
E0000509,P00090,inpatient,2025-09-01 08:00:00,2025-09-04 14:00:00,Pulmonary,Home,Pneumonia,False
E0000510,P00091,outpatient,2025-01-01 08:00:00,2025-01-01 12:00:00,Pulmonary,Home,Acute symptom visit,False
E0000511,P00091,outpatient,2025-01-12 08:00:00,2025-01-12 16:00:00,General Medicine,Home,Follow-up,False
E0000512,P00091,outpatient,2025-01-14 08:00:00,2025-01-14 16:00:00,Pulmonary,Home,Medication review,False
E0000513,P00091,emergency,2025-04-20 08:00:00,2025-04-20 15:00:00,Endocrinology,Home,Medication review,False
E0000514,P00091,emergency,2025-05-08 08:00:00,2025-05-08 16:00:00,Endocrinology,Home,Follow-up,False
E0000515,P00091,inpatient,2025-07-15 08:00:00,2025-07-20 17:00:00,General Medicine,Home health,Electrolyte disorder,False
E0000516,P00091,inpatient,2025-08-10 21:00:00,2025-08-13 03:00:00,Cardiology,Home,Atrial fibrillation,False
E0000517,P00091,inpatient,2025-08-27 13:00:00,2025-09-01 15:00:00,General Surgery,Home,Postoperative wound issue,True
E0000518,P00092,outpatient,2025-03-24 08:00:00,2025-03-24 11:00:00,General Surgery,Home,Acute symptom visit,False
E0000519,P00092,outpatient,2025-06-23 08:00:00,2025-06-23 12:00:00,Pulmonary,Home,Follow-up,False
E0000520,P00092,inpatient,2025-08-21 08:00:00,2025-08-23 11:00:00,Cardiology,Home,Heart failure exacerbation,False
E0000521,P00092,inpatient,2025-12-11 17:00:00,2025-12-14 01:00:00,Pulmonary,Home,Pneumonia,False
E0000522,P00093,emergency,2024-09-03 08:00:00,2024-09-03 15:00:00,Pulmonary,Home,Medication review,False
E0000523,P00093,outpatient,2024-09-06 08:00:00,2024-09-06 10:00:00,Endocrinology,Home,Acute symptom visit,False
E0000524,P00093,emergency,2024-11-03 08:00:00,2024-11-03 15:00:00,General Medicine,Home,Medication review,False
E0000525,P00093,emergency,2024-12-25 08:00:00,2024-12-25 11:00:00,Pulmonary,Home,Acute symptom visit,False
E0000526,P00093,outpatient,2025-01-17 08:00:00,2025-01-17 16:00:00,General Medicine,Home,Acute symptom visit,False
E0000527,P00094,outpatient,2025-04-03 08:00:00,2025-04-03 11:00:00,Pulmonary,Home,Acute symptom visit,False
E0000528,P00094,outpatient,2025-04-06 08:00:00,2025-04-06 12:00:00,General Medicine,Home,Acute symptom visit,False
E0000529,P00094,emergency,2025-04-11 08:00:00,2025-04-11 15:00:00,General Surgery,Home,Follow-up,False
E0000530,P00094,outpatient,2025-04-18 08:00:00,2025-04-18 13:00:00,Cardiology,Home,Acute symptom visit,False
E0000531,P00094,outpatient,2025-06-16 08:00:00,2025-06-16 11:00:00,Endocrinology,Home,Medication review,False
E0000532,P00094,emergency,2025-08-24 08:00:00,2025-08-24 13:00:00,Endocrinology,Home,Follow-up,False
E0000533,P00094,inpatient,2025-09-17 08:00:00,2025-09-20 17:00:00,General Medicine,Home health,Electrolyte disorder,False
E0000534,P00094,inpatient,2026-01-05 18:00:00,2026-01-10 01:00:00,General Medicine,Home,Syncope,False
E0000535,P00095,emergency,2025-04-17 08:00:00,2025-04-17 13:00:00,Cardiology,Home,Medication review,False
E0000536,P00095,outpatient,2025-04-25 08:00:00,2025-04-25 12:00:00,General Surgery,Home,Follow-up,False
E0000537,P00095,emergency,2025-04-27 08:00:00,2025-04-27 13:00:00,General Surgery,Home,Medication review,False
E0000538,P00095,outpatient,2025-04-27 08:00:00,2025-04-27 09:00:00,Cardiology,Home,Follow-up,False
E0000539,P00095,inpatient,2025-07-07 08:00:00,2025-07-08 14:00:00,General Surgery,Home,Abdominal pain,False
E0000540,P00096,outpatient,2024-11-24 08:00:00,2024-11-24 12:00:00,General Medicine,Home,Follow-up,False
E0000541,P00096,emergency,2024-12-20 08:00:00,2024-12-20 16:00:00,General Surgery,Home,Medication review,False
E0000542,P00096,outpatient,2025-03-07 08:00:00,2025-03-07 12:00:00,General Surgery,Home,Follow-up,False
E0000543,P00096,inpatient,2025-04-17 08:00:00,2025-04-18 14:00:00,Cardiology,Home,Chest pain,False
E0000544,P00097,outpatient,2024-09-22 08:00:00,2024-09-22 09:00:00,Cardiology,Home,Follow-up,False
E0000545,P00097,outpatient,2024-10-29 08:00:00,2024-10-29 12:00:00,Endocrinology,Home,Acute symptom visit,False
E0000546,P00097,emergency,2024-11-01 08:00:00,2024-11-01 09:00:00,Cardiology,Home,Acute symptom visit,False
E0000547,P00097,emergency,2024-11-29 08:00:00,2024-11-29 15:00:00,Cardiology,Home,Follow-up,False
E0000548,P00097,outpatient,2025-01-16 08:00:00,2025-01-16 16:00:00,Pulmonary,Home,Follow-up,False
E0000549,P00097,outpatient,2025-02-28 08:00:00,2025-02-28 14:00:00,Pulmonary,Home,Medication review,False
E0000550,P00097,inpatient,2025-04-28 08:00:00,2025-04-30 10:00:00,General Medicine,Home,Cellulitis,False
E0000551,P00098,outpatient,2025-05-04 08:00:00,2025-05-04 15:00:00,General Surgery,Home,Medication review,False
E0000552,P00098,emergency,2025-07-08 08:00:00,2025-07-08 14:00:00,General Surgery,Home,Follow-up,False
E0000553,P00098,inpatient,2025-09-16 08:00:00,2025-09-20 15:00:00,General Medicine,Home,Electrolyte disorder,False
E0000554,P00098,inpatient,2025-11-09 00:00:00,2025-11-11 03:00:00,General Surgery,Home,Biliary disease,False
E0000555,P00099,outpatient,2025-02-14 08:00:00,2025-02-14 13:00:00,Cardiology,Home,Medication review,False
E0000556,P00099,outpatient,2025-02-15 08:00:00,2025-02-15 15:00:00,General Medicine,Home,Acute symptom visit,False
E0000557,P00099,outpatient,2025-02-17 08:00:00,2025-02-17 13:00:00,Cardiology,Home,Acute symptom visit,False
E0000558,P00099,outpatient,2025-04-18 08:00:00,2025-04-18 09:00:00,General Surgery,Home,Medication review,False
E0000559,P00099,outpatient,2025-05-19 08:00:00,2025-05-19 10:00:00,Pulmonary,Home,Medication review,False
E0000560,P00099,emergency,2025-07-21 08:00:00,2025-07-21 16:00:00,General Medicine,Home,Follow-up,False
E0000561,P00099,inpatient,2025-08-24 08:00:00,2025-08-28 13:00:00,Pulmonary,Home,Asthma exacerbation,False
E0000562,P00099,inpatient,2026-01-07 16:00:00,2026-01-09 22:00:00,General Medicine,Home,Syncope,False
E0000563,P00100,outpatient,2025-05-11 08:00:00,2025-05-11 14:00:00,Pulmonary,Home,Medication review,False
E0000564,P00100,outpatient,2025-07-27 08:00:00,2025-07-27 13:00:00,Cardiology,Home,Medication review,False
E0000565,P00100,outpatient,2025-09-05 08:00:00,2025-09-05 11:00:00,Cardiology,Home,Acute symptom visit,False
E0000566,P00100,inpatient,2025-10-21 08:00:00,2025-10-24 18:00:00,Endocrinology,Expired,Diabetes complication,False
E0000567,P00101,outpatient,2025-02-16 08:00:00,2025-02-16 11:00:00,General Surgery,Home,Follow-up,False
E0000568,P00101,emergency,2025-02-20 08:00:00,2025-02-20 09:00:00,Endocrinology,Home,Follow-up,False
E0000569,P00101,outpatient,2025-03-19 08:00:00,2025-03-19 14:00:00,Pulmonary,Home,Medication review,False
E0000570,P00101,outpatient,2025-06-18 08:00:00,2025-06-18 15:00:00,General Surgery,Home,Medication review,False
E0000571,P00101,outpatient,2025-06-20 08:00:00,2025-06-20 15:00:00,Cardiology,Home,Acute symptom visit,False
E0000572,P00101,outpatient,2025-06-25 08:00:00,2025-06-25 13:00:00,General Medicine,Home,Medication review,False
E0000573,P00101,emergency,2025-06-28 08:00:00,2025-06-28 13:00:00,General Medicine,Home,Follow-up,False
E0000574,P00101,emergency,2025-07-19 08:00:00,2025-07-19 09:00:00,General Medicine,Home,Medication review,False
E0000575,P00101,inpatient,2025-08-20 08:00:00,2025-08-21 15:00:00,Cardiology,Home,Heart failure exacerbation,False
E0000576,P00102,outpatient,2025-01-28 08:00:00,2025-01-28 10:00:00,General Surgery,Home,Follow-up,False
E0000577,P00102,outpatient,2025-02-09 08:00:00,2025-02-09 15:00:00,Endocrinology,Home,Acute symptom visit,False
E0000578,P00102,outpatient,2025-02-15 08:00:00,2025-02-15 16:00:00,Endocrinology,Home,Medication review,False
E0000579,P00102,outpatient,2025-03-27 08:00:00,2025-03-27 16:00:00,General Surgery,Home,Acute symptom visit,False
E0000580,P00102,inpatient,2025-08-08 08:00:00,2025-08-10 10:00:00,General Medicine,Home,Cellulitis,False
E0000581,P00103,outpatient,2024-10-13 08:00:00,2024-10-13 11:00:00,General Medicine,Home,Medication review,False
E0000582,P00103,outpatient,2024-11-03 08:00:00,2024-11-03 15:00:00,Cardiology,Home,Follow-up,False
E0000583,P00103,outpatient,2025-01-22 08:00:00,2025-01-22 12:00:00,Pulmonary,Home,Follow-up,False
E0000584,P00103,inpatient,2025-04-06 08:00:00,2025-04-09 11:00:00,General Medicine,Home,Electrolyte disorder,False
E0000585,P00104,outpatient,2025-01-23 08:00:00,2025-01-23 13:00:00,Endocrinology,Home,Follow-up,False
E0000586,P00104,outpatient,2025-04-27 08:00:00,2025-04-27 10:00:00,Cardiology,Home,Medication review,False
E0000587,P00104,emergency,2025-05-03 08:00:00,2025-05-03 12:00:00,Pulmonary,Home,Medication review,False
E0000588,P00104,emergency,2025-06-05 08:00:00,2025-06-05 10:00:00,Endocrinology,Home,Medication review,False
E0000589,P00104,inpatient,2025-08-04 08:00:00,2025-08-07 12:00:00,Pulmonary,Home,COPD exacerbation,False
E0000590,P00104,inpatient,2025-11-11 18:00:00,2025-11-14 22:00:00,Cardiology,Skilled nursing facility,Atrial fibrillation,False
E0000591,P00105,outpatient,2024-09-18 08:00:00,2024-09-18 11:00:00,Pulmonary,Home,Follow-up,False
E0000592,P00105,outpatient,2024-09-21 08:00:00,2024-09-21 14:00:00,General Surgery,Home,Follow-up,False
E0000593,P00105,outpatient,2024-11-03 08:00:00,2024-11-03 13:00:00,Cardiology,Home,Follow-up,False
E0000594,P00105,inpatient,2025-03-14 08:00:00,2025-03-18 16:00:00,General Medicine,Home,Sepsis,False
E0000595,P00105,inpatient,2025-07-22 01:00:00,2025-07-26 11:00:00,General Surgery,Home health,Abdominal pain,False
E0000596,P00106,outpatient,2025-05-31 08:00:00,2025-05-31 16:00:00,Pulmonary,Home,Medication review,False
E0000597,P00106,outpatient,2025-06-18 08:00:00,2025-06-18 15:00:00,Endocrinology,Home,Medication review,False
E0000598,P00106,outpatient,2025-07-17 08:00:00,2025-07-17 14:00:00,Pulmonary,Home,Medication review,False
E0000599,P00106,outpatient,2025-07-28 08:00:00,2025-07-28 16:00:00,General Medicine,Home,Follow-up,False
E0000600,P00106,inpatient,2025-09-18 08:00:00,2025-09-21 16:00:00,Cardiology,Home,Atrial fibrillation,False
E0000601,P00106,inpatient,2026-02-11 22:00:00,2026-02-17 04:00:00,Pulmonary,Home,Pneumonia,False
E0000602,P00107,outpatient,2024-11-11 08:00:00,2024-11-11 10:00:00,General Medicine,Home,Acute symptom visit,False
E0000603,P00107,outpatient,2024-11-20 08:00:00,2024-11-20 14:00:00,General Medicine,Home,Medication review,False
E0000604,P00107,outpatient,2024-11-30 08:00:00,2024-11-30 14:00:00,Cardiology,Home,Acute symptom visit,False
E0000605,P00107,outpatient,2025-01-22 08:00:00,2025-01-22 15:00:00,Endocrinology,Home,Acute symptom visit,False
E0000606,P00107,emergency,2025-03-20 08:00:00,2025-03-20 15:00:00,General Medicine,Home,Follow-up,False
E0000607,P00107,outpatient,2025-04-12 08:00:00,2025-04-12 13:00:00,General Medicine,Home,Acute symptom visit,False
E0000608,P00107,inpatient,2025-05-20 08:00:00,2025-05-21 15:00:00,General Medicine,Home health,Cellulitis,False
E0000609,P00108,outpatient,2025-01-13 08:00:00,2025-01-13 15:00:00,Pulmonary,Home,Medication review,False
E0000610,P00108,emergency,2025-05-01 08:00:00,2025-05-01 15:00:00,Endocrinology,Home,Follow-up,False
E0000611,P00108,outpatient,2025-05-09 08:00:00,2025-05-09 10:00:00,Endocrinology,Home,Follow-up,False
E0000612,P00108,inpatient,2025-07-22 08:00:00,2025-07-26 18:00:00,General Medicine,Home,Sepsis,False
E0000613,P00109,emergency,2024-11-01 08:00:00,2024-11-01 15:00:00,General Surgery,Home,Follow-up,False
E0000614,P00109,outpatient,2024-12-03 08:00:00,2024-12-03 10:00:00,Endocrinology,Home,Medication review,False
E0000615,P00109,emergency,2025-01-15 08:00:00,2025-01-15 12:00:00,General Surgery,Home,Follow-up,False
E0000616,P00110,outpatient,2024-10-10 08:00:00,2024-10-10 11:00:00,Endocrinology,Home,Follow-up,False
E0000617,P00110,outpatient,2025-01-21 08:00:00,2025-01-21 14:00:00,Cardiology,Home,Acute symptom visit,False
E0000618,P00110,inpatient,2025-04-13 08:00:00,2025-04-15 11:00:00,Endocrinology,Home,Diabetes complication,False
E0000619,P00111,outpatient,2025-02-16 08:00:00,2025-02-16 09:00:00,Cardiology,Home,Acute symptom visit,False
E0000620,P00111,inpatient,2025-09-05 08:00:00,2025-09-07 16:00:00,General Surgery,Home,Biliary disease,False
E0000621,P00112,outpatient,2024-11-17 08:00:00,2024-11-17 14:00:00,Pulmonary,Home,Acute symptom visit,False
E0000622,P00112,outpatient,2024-11-20 08:00:00,2024-11-20 09:00:00,General Medicine,Home,Follow-up,False
E0000623,P00112,outpatient,2025-01-25 08:00:00,2025-01-25 10:00:00,Cardiology,Home,Follow-up,False
E0000624,P00112,outpatient,2025-02-07 08:00:00,2025-02-07 15:00:00,General Surgery,Home,Medication review,False
E0000625,P00112,emergency,2025-02-15 08:00:00,2025-02-15 11:00:00,Pulmonary,Home,Medication review,False
E0000626,P00112,emergency,2025-03-30 08:00:00,2025-03-30 12:00:00,General Medicine,Home,Medication review,False
E0000627,P00112,inpatient,2025-05-03 08:00:00,2025-05-07 16:00:00,Cardiology,Home,Atrial fibrillation,False
E0000628,P00113,outpatient,2024-07-29 08:00:00,2024-07-29 12:00:00,Cardiology,Home,Follow-up,False
E0000629,P00113,emergency,2024-12-30 08:00:00,2024-12-30 09:00:00,Pulmonary,Home,Acute symptom visit,False
E0000630,P00113,inpatient,2025-01-24 08:00:00,2025-01-26 15:00:00,Cardiology,Home health,Heart failure exacerbation,False
E0000631,P00113,inpatient,2025-04-12 18:00:00,2025-04-16 01:00:00,Cardiology,Home health,Heart failure exacerbation,False
E0000632,P00114,outpatient,2025-03-31 08:00:00,2025-03-31 16:00:00,Pulmonary,Home,Medication review,False
E0000633,P00114,emergency,2025-04-14 08:00:00,2025-04-14 13:00:00,Endocrinology,Home,Medication review,False
E0000634,P00114,emergency,2025-04-15 08:00:00,2025-04-15 15:00:00,Pulmonary,Home,Medication review,False
E0000635,P00114,outpatient,2025-05-06 08:00:00,2025-05-06 16:00:00,Pulmonary,Home,Acute symptom visit,False
E0000636,P00114,outpatient,2025-05-25 08:00:00,2025-05-25 16:00:00,Pulmonary,Home,Acute symptom visit,False
E0000637,P00114,outpatient,2025-06-21 08:00:00,2025-06-21 10:00:00,General Medicine,Home,Follow-up,False
E0000638,P00114,outpatient,2025-07-05 08:00:00,2025-07-05 13:00:00,General Medicine,Home,Acute symptom visit,False
E0000639,P00115,outpatient,2024-08-22 08:00:00,2024-08-22 09:00:00,Endocrinology,Home,Follow-up,False
E0000640,P00115,outpatient,2024-08-22 08:00:00,2024-08-22 09:00:00,Cardiology,Home,Acute symptom visit,False
E0000641,P00115,outpatient,2024-09-20 08:00:00,2024-09-20 09:00:00,General Medicine,Home,Follow-up,False
E0000642,P00115,emergency,2024-10-02 08:00:00,2024-10-02 12:00:00,Endocrinology,Home,Acute symptom visit,False
E0000643,P00115,emergency,2024-10-09 08:00:00,2024-10-09 16:00:00,Cardiology,Home,Acute symptom visit,False
E0000644,P00115,outpatient,2025-01-25 08:00:00,2025-01-25 14:00:00,General Medicine,Home,Medication review,False
E0000645,P00115,inpatient,2025-02-20 08:00:00,2025-02-21 18:00:00,General Surgery,Home,Abdominal pain,True
E0000646,P00115,inpatient,2025-04-18 03:00:00,2025-04-19 05:00:00,General Medicine,Skilled nursing facility,Sepsis,False
E0000647,P00116,outpatient,2024-12-09 08:00:00,2024-12-09 12:00:00,Cardiology,Home,Medication review,False
E0000648,P00116,outpatient,2024-12-31 08:00:00,2024-12-31 13:00:00,General Surgery,Home,Acute symptom visit,False
E0000649,P00116,outpatient,2025-02-25 08:00:00,2025-02-25 14:00:00,Endocrinology,Home,Follow-up,False
E0000650,P00116,inpatient,2025-05-30 08:00:00,2025-06-01 12:00:00,Cardiology,Home,Atrial fibrillation,False
E0000651,P00117,outpatient,2025-05-30 08:00:00,2025-05-30 12:00:00,Pulmonary,Home,Follow-up,False
E0000652,P00117,outpatient,2025-06-17 08:00:00,2025-06-17 10:00:00,General Medicine,Home,Medication review,False
E0000653,P00117,outpatient,2025-07-10 08:00:00,2025-07-10 13:00:00,Pulmonary,Home,Acute symptom visit,False
E0000654,P00117,outpatient,2025-07-19 08:00:00,2025-07-19 12:00:00,General Surgery,Home,Acute symptom visit,False
E0000655,P00117,inpatient,2025-08-07 08:00:00,2025-08-08 17:00:00,Cardiology,Home health,Atrial fibrillation,False
E0000656,P00117,inpatient,2025-12-19 04:00:00,2025-12-20 11:00:00,General Medicine,Home,Sepsis,False
E0000657,P00118,outpatient,2024-10-26 08:00:00,2024-10-26 16:00:00,General Surgery,Home,Acute symptom visit,False
E0000658,P00118,outpatient,2024-12-26 08:00:00,2024-12-26 14:00:00,Endocrinology,Home,Medication review,False
E0000659,P00118,outpatient,2025-02-08 08:00:00,2025-02-08 16:00:00,Cardiology,Home,Medication review,False
E0000660,P00118,inpatient,2025-03-12 08:00:00,2025-03-17 17:00:00,General Medicine,Home health,Cellulitis,False
E0000661,P00119,emergency,2025-04-25 08:00:00,2025-04-25 14:00:00,Pulmonary,Home,Acute symptom visit,False
E0000662,P00119,emergency,2025-06-12 08:00:00,2025-06-12 15:00:00,General Surgery,Home,Follow-up,False
E0000663,P00119,outpatient,2025-08-08 08:00:00,2025-08-08 13:00:00,Endocrinology,Home,Acute symptom visit,False
E0000664,P00119,outpatient,2025-08-13 08:00:00,2025-08-13 14:00:00,Pulmonary,Home,Acute symptom visit,False
E0000665,P00119,emergency,2025-08-21 08:00:00,2025-08-21 16:00:00,Endocrinology,Home,Follow-up,False
E0000666,P00119,outpatient,2025-08-29 08:00:00,2025-08-29 14:00:00,Cardiology,Home,Medication review,False
E0000667,P00119,inpatient,2025-10-08 08:00:00,2025-10-10 15:00:00,Endocrinology,Home health,Hyperglycemia,False
E0000668,P00120,outpatient,2024-08-12 08:00:00,2024-08-12 16:00:00,General Surgery,Home,Follow-up,False
E0000669,P00120,outpatient,2024-08-29 08:00:00,2024-08-29 12:00:00,General Medicine,Home,Medication review,False
E0000670,P00120,outpatient,2024-09-04 08:00:00,2024-09-04 16:00:00,Pulmonary,Home,Medication review,False
E0000671,P00120,outpatient,2024-09-30 08:00:00,2024-09-30 12:00:00,Cardiology,Home,Medication review,False
E0000672,P00120,outpatient,2024-10-24 08:00:00,2024-10-24 15:00:00,Pulmonary,Home,Medication review,False
E0000673,P00120,emergency,2024-11-14 08:00:00,2024-11-14 14:00:00,General Surgery,Home,Acute symptom visit,False
E0000674,P00120,inpatient,2025-02-23 08:00:00,2025-02-26 17:00:00,General Medicine,Home health,Syncope,False
E0000675,P00120,inpatient,2025-04-21 01:00:00,2025-04-24 09:00:00,Cardiology,Home,Chest pain,False
E0000676,P00121,outpatient,2024-10-25 08:00:00,2024-10-25 09:00:00,General Medicine,Home,Acute symptom visit,False
E0000677,P00121,inpatient,2025-02-21 08:00:00,2025-02-23 12:00:00,General Medicine,Skilled nursing facility,Cellulitis,False
E0000678,P00121,inpatient,2025-05-26 18:00:00,2025-05-30 20:00:00,Cardiology,Home,Atrial fibrillation,False
E0000679,P00121,inpatient,2025-09-03 03:00:00,2025-09-07 09:00:00,General Medicine,Skilled nursing facility,Sepsis,False
E0000680,P00122,outpatient,2025-04-05 08:00:00,2025-04-05 09:00:00,Endocrinology,Home,Follow-up,False
E0000681,P00122,emergency,2025-05-14 08:00:00,2025-05-14 11:00:00,Endocrinology,Home,Follow-up,False
E0000682,P00122,emergency,2025-05-22 08:00:00,2025-05-22 15:00:00,General Medicine,Home,Medication review,False
E0000683,P00122,outpatient,2025-06-14 08:00:00,2025-06-14 11:00:00,General Medicine,Home,Medication review,False
E0000684,P00122,emergency,2025-07-25 08:00:00,2025-07-25 13:00:00,General Surgery,Home,Medication review,False
E0000685,P00122,inpatient,2025-10-10 08:00:00,2025-10-14 11:00:00,Pulmonary,Skilled nursing facility,Asthma exacerbation,False
E0000686,P00123,outpatient,2024-09-04 08:00:00,2024-09-04 11:00:00,General Surgery,Home,Medication review,False
E0000687,P00123,outpatient,2024-10-30 08:00:00,2024-10-30 16:00:00,Cardiology,Home,Acute symptom visit,False
E0000688,P00123,outpatient,2024-11-17 08:00:00,2024-11-17 16:00:00,General Medicine,Home,Follow-up,False
E0000689,P00123,outpatient,2024-11-28 08:00:00,2024-11-28 09:00:00,Endocrinology,Home,Follow-up,False
E0000690,P00123,inpatient,2025-02-13 08:00:00,2025-02-16 14:00:00,General Medicine,Skilled nursing facility,Electrolyte disorder,False
E0000691,P00124,outpatient,2025-01-15 08:00:00,2025-01-15 16:00:00,General Medicine,Home,Follow-up,False
E0000692,P00124,outpatient,2025-03-05 08:00:00,2025-03-05 16:00:00,Cardiology,Home,Medication review,False
E0000693,P00124,outpatient,2025-04-23 08:00:00,2025-04-23 14:00:00,Pulmonary,Home,Medication review,False
E0000694,P00124,outpatient,2025-05-02 08:00:00,2025-05-02 14:00:00,General Medicine,Home,Acute symptom visit,False
E0000695,P00124,outpatient,2025-06-18 08:00:00,2025-06-18 09:00:00,General Medicine,Home,Follow-up,False
E0000696,P00124,inpatient,2025-07-08 08:00:00,2025-07-10 10:00:00,General Surgery,Home,Abdominal pain,False
E0000697,P00124,inpatient,2025-10-31 21:00:00,2025-11-03 00:00:00,General Medicine,Skilled nursing facility,Sepsis,False
E0000698,P00125,outpatient,2024-12-05 08:00:00,2024-12-05 13:00:00,General Surgery,Home,Acute symptom visit,False
E0000699,P00125,outpatient,2025-02-04 08:00:00,2025-02-04 15:00:00,General Surgery,Home,Acute symptom visit,False
E0000700,P00125,emergency,2025-03-13 08:00:00,2025-03-13 11:00:00,Pulmonary,Home,Acute symptom visit,False
E0000701,P00125,emergency,2025-04-22 08:00:00,2025-04-22 16:00:00,General Medicine,Home,Follow-up,False
E0000702,P00125,inpatient,2025-06-12 08:00:00,2025-06-13 14:00:00,Cardiology,Skilled nursing facility,Atrial fibrillation,False
E0000703,P00125,inpatient,2025-09-05 22:00:00,2025-09-08 02:00:00,Cardiology,Transfer to acute care,Heart failure exacerbation,False
E0000704,P00126,outpatient,2025-05-20 08:00:00,2025-05-20 16:00:00,General Surgery,Home,Acute symptom visit,False
E0000705,P00126,outpatient,2025-06-03 08:00:00,2025-06-03 15:00:00,Cardiology,Home,Medication review,False
E0000706,P00126,emergency,2025-06-10 08:00:00,2025-06-10 13:00:00,Pulmonary,Home,Medication review,False
E0000707,P00126,inpatient,2025-07-12 08:00:00,2025-07-15 18:00:00,General Surgery,Home,Abdominal pain,False
E0000708,P00127,outpatient,2024-09-16 08:00:00,2024-09-16 12:00:00,General Medicine,Home,Medication review,False
E0000709,P00127,outpatient,2025-01-01 08:00:00,2025-01-01 09:00:00,Endocrinology,Home,Acute symptom visit,False
E0000710,P00127,inpatient,2025-02-04 08:00:00,2025-02-06 14:00:00,General Surgery,Home,Abdominal pain,True
E0000711,P00128,outpatient,2025-01-27 08:00:00,2025-01-27 09:00:00,General Medicine,Home,Acute symptom visit,False
E0000712,P00128,emergency,2025-02-08 08:00:00,2025-02-08 14:00:00,Cardiology,Home,Acute symptom visit,False
E0000713,P00128,outpatient,2025-03-05 08:00:00,2025-03-05 12:00:00,General Medicine,Home,Medication review,False
E0000714,P00128,outpatient,2025-03-23 08:00:00,2025-03-23 14:00:00,Cardiology,Home,Medication review,False
E0000715,P00128,outpatient,2025-03-25 08:00:00,2025-03-25 16:00:00,Endocrinology,Home,Acute symptom visit,False
E0000716,P00128,outpatient,2025-04-28 08:00:00,2025-04-28 13:00:00,Endocrinology,Home,Medication review,False
E0000717,P00128,inpatient,2025-07-14 08:00:00,2025-07-17 13:00:00,General Medicine,Home health,Cellulitis,False
E0000718,P00128,inpatient,2025-12-12 17:00:00,2025-12-15 21:00:00,Endocrinology,Home,Diabetes complication,False
E0000719,P00128,inpatient,2026-03-15 03:00:00,2026-03-18 11:00:00,Cardiology,Skilled nursing facility,Heart failure exacerbation,False
E0000720,P00129,outpatient,2024-08-22 08:00:00,2024-08-22 11:00:00,Cardiology,Home,Medication review,False
E0000721,P00129,outpatient,2024-10-04 08:00:00,2024-10-04 14:00:00,General Medicine,Home,Medication review,False
E0000722,P00129,outpatient,2024-12-19 08:00:00,2024-12-19 11:00:00,General Medicine,Home,Follow-up,False
E0000723,P00129,outpatient,2025-01-05 08:00:00,2025-01-05 11:00:00,Pulmonary,Home,Follow-up,False
E0000724,P00130,outpatient,2025-05-10 08:00:00,2025-05-10 13:00:00,Endocrinology,Home,Acute symptom visit,False
E0000725,P00130,emergency,2025-06-16 08:00:00,2025-06-16 13:00:00,General Surgery,Home,Acute symptom visit,False
E0000726,P00130,outpatient,2025-07-06 08:00:00,2025-07-06 09:00:00,General Medicine,Home,Follow-up,False
E0000727,P00130,emergency,2025-07-12 08:00:00,2025-07-12 11:00:00,General Medicine,Home,Medication review,False
E0000728,P00130,outpatient,2025-07-12 08:00:00,2025-07-12 11:00:00,Pulmonary,Home,Acute symptom visit,False
E0000729,P00130,emergency,2025-08-31 08:00:00,2025-08-31 14:00:00,General Medicine,Home,Medication review,False
E0000730,P00130,inpatient,2025-10-13 08:00:00,2025-10-18 13:00:00,Endocrinology,Home,Hyperglycemia,False
E0000731,P00131,emergency,2024-11-11 08:00:00,2024-11-11 12:00:00,General Surgery,Home,Follow-up,False
E0000732,P00131,outpatient,2024-11-30 08:00:00,2024-11-30 15:00:00,General Medicine,Home,Acute symptom visit,False
E0000733,P00131,outpatient,2024-12-13 08:00:00,2024-12-13 10:00:00,Endocrinology,Home,Medication review,False
E0000734,P00131,outpatient,2024-12-25 08:00:00,2024-12-25 10:00:00,Cardiology,Home,Medication review,False
E0000735,P00131,outpatient,2025-01-07 08:00:00,2025-01-07 11:00:00,Pulmonary,Home,Follow-up,False
E0000736,P00131,inpatient,2025-03-13 08:00:00,2025-03-17 11:00:00,General Medicine,Home,Syncope,False
E0000737,P00132,outpatient,2024-07-30 08:00:00,2024-07-30 13:00:00,General Surgery,Home,Acute symptom visit,False
E0000738,P00132,outpatient,2024-11-24 08:00:00,2024-11-24 10:00:00,Cardiology,Home,Acute symptom visit,False
E0000739,P00132,outpatient,2024-12-11 08:00:00,2024-12-11 12:00:00,Endocrinology,Home,Medication review,False
E0000740,P00132,inpatient,2025-02-09 08:00:00,2025-02-12 18:00:00,General Medicine,Home,Syncope,False
E0000741,P00133,outpatient,2025-03-31 08:00:00,2025-03-31 11:00:00,General Medicine,Home,Medication review,False
E0000742,P00133,outpatient,2025-06-25 08:00:00,2025-06-25 13:00:00,Endocrinology,Home,Follow-up,False
E0000743,P00134,emergency,2025-05-02 08:00:00,2025-05-02 10:00:00,General Surgery,Home,Acute symptom visit,False
E0000744,P00134,outpatient,2025-05-23 08:00:00,2025-05-23 09:00:00,Pulmonary,Home,Follow-up,False
E0000745,P00134,emergency,2025-07-03 08:00:00,2025-07-03 14:00:00,General Surgery,Home,Medication review,False
E0000746,P00134,outpatient,2025-08-11 08:00:00,2025-08-11 14:00:00,Cardiology,Home,Follow-up,False
E0000747,P00134,outpatient,2025-08-30 08:00:00,2025-08-30 15:00:00,General Surgery,Home,Follow-up,False
E0000748,P00134,inpatient,2025-10-23 08:00:00,2025-10-25 16:00:00,Pulmonary,Skilled nursing facility,COPD exacerbation,False
E0000749,P00135,outpatient,2025-03-31 08:00:00,2025-03-31 14:00:00,Cardiology,Home,Medication review,False
E0000750,P00135,outpatient,2025-04-08 08:00:00,2025-04-08 09:00:00,Cardiology,Home,Medication review,False
E0000751,P00135,outpatient,2025-04-15 08:00:00,2025-04-15 11:00:00,Cardiology,Home,Follow-up,False
E0000752,P00135,outpatient,2025-04-18 08:00:00,2025-04-18 10:00:00,General Medicine,Home,Follow-up,False
E0000753,P00135,outpatient,2025-05-21 08:00:00,2025-05-21 10:00:00,Pulmonary,Home,Medication review,False
E0000754,P00135,inpatient,2025-10-31 08:00:00,2025-11-04 15:00:00,General Medicine,Home,Electrolyte disorder,False
E0000755,P00135,inpatient,2026-02-13 00:00:00,2026-02-15 10:00:00,General Surgery,Home health,Abdominal pain,False
E0000756,P00136,emergency,2025-02-14 08:00:00,2025-02-14 11:00:00,Endocrinology,Home,Acute symptom visit,False
E0000757,P00136,outpatient,2025-02-16 08:00:00,2025-02-16 10:00:00,General Medicine,Home,Acute symptom visit,False
E0000758,P00136,outpatient,2025-03-09 08:00:00,2025-03-09 12:00:00,Pulmonary,Home,Medication review,False
E0000759,P00136,outpatient,2025-03-22 08:00:00,2025-03-22 15:00:00,Endocrinology,Home,Follow-up,False
E0000760,P00136,emergency,2025-04-21 08:00:00,2025-04-21 16:00:00,Pulmonary,Home,Medication review,False
E0000761,P00136,outpatient,2025-06-06 08:00:00,2025-06-06 14:00:00,Endocrinology,Home,Follow-up,False
E0000762,P00136,inpatient,2025-07-28 08:00:00,2025-07-30 14:00:00,Pulmonary,Home,COPD exacerbation,False
E0000763,P00137,outpatient,2024-11-17 08:00:00,2024-11-17 14:00:00,Cardiology,Home,Follow-up,False
E0000764,P00137,emergency,2024-12-22 08:00:00,2024-12-22 14:00:00,Cardiology,Home,Follow-up,False
E0000765,P00137,inpatient,2025-03-29 08:00:00,2025-04-03 18:00:00,Pulmonary,Home,Asthma exacerbation,False
E0000766,P00138,outpatient,2025-04-24 08:00:00,2025-04-24 16:00:00,Endocrinology,Home,Follow-up,False
E0000767,P00138,outpatient,2025-05-25 08:00:00,2025-05-25 09:00:00,Pulmonary,Home,Acute symptom visit,False
E0000768,P00138,outpatient,2025-06-09 08:00:00,2025-06-09 12:00:00,Endocrinology,Home,Acute symptom visit,False
E0000769,P00138,outpatient,2025-06-24 08:00:00,2025-06-24 15:00:00,Cardiology,Home,Medication review,False
E0000770,P00138,emergency,2025-09-16 08:00:00,2025-09-16 13:00:00,General Surgery,Home,Medication review,False
E0000771,P00138,inpatient,2025-10-27 08:00:00,2025-10-28 10:00:00,General Medicine,Home,Syncope,False
E0000772,P00138,inpatient,2026-02-19 20:00:00,2026-02-24 00:00:00,General Surgery,Home,Postoperative wound issue,False
E0000773,P00139,outpatient,2025-04-28 08:00:00,2025-04-28 14:00:00,Pulmonary,Home,Medication review,False
E0000774,P00139,emergency,2025-05-14 08:00:00,2025-05-14 15:00:00,General Surgery,Home,Acute symptom visit,False
E0000775,P00139,inpatient,2025-08-09 08:00:00,2025-08-14 11:00:00,Pulmonary,Home,Pneumonia,False
E0000776,P00139,inpatient,2025-10-11 22:00:00,2025-10-14 07:00:00,Endocrinology,Home,Hyperglycemia,False
E0000777,P00140,emergency,2024-09-13 08:00:00,2024-09-13 13:00:00,General Surgery,Home,Follow-up,False
E0000778,P00140,outpatient,2024-10-24 08:00:00,2024-10-24 12:00:00,General Surgery,Home,Acute symptom visit,False
E0000779,P00140,emergency,2024-11-26 08:00:00,2024-11-26 11:00:00,Pulmonary,Home,Medication review,False
E0000780,P00140,outpatient,2024-12-04 08:00:00,2024-12-04 09:00:00,General Medicine,Home,Acute symptom visit,False
E0000781,P00140,inpatient,2025-01-16 08:00:00,2025-01-18 17:00:00,Cardiology,Skilled nursing facility,Chest pain,False
E0000782,P00141,outpatient,2025-03-08 08:00:00,2025-03-08 10:00:00,Endocrinology,Home,Follow-up,False
E0000783,P00141,outpatient,2025-04-01 08:00:00,2025-04-01 13:00:00,Endocrinology,Home,Acute symptom visit,False
E0000784,P00141,emergency,2025-04-06 08:00:00,2025-04-06 15:00:00,General Surgery,Home,Medication review,False
E0000785,P00141,outpatient,2025-04-17 08:00:00,2025-04-17 11:00:00,Cardiology,Home,Acute symptom visit,False
E0000786,P00141,outpatient,2025-07-04 08:00:00,2025-07-04 14:00:00,Endocrinology,Home,Follow-up,False
E0000787,P00141,inpatient,2025-09-18 08:00:00,2025-09-22 14:00:00,Endocrinology,Home,Hyperglycemia,False
E0000788,P00141,inpatient,2026-01-02 23:00:00,2026-01-05 06:00:00,General Medicine,Skilled nursing facility,Syncope,False
E0000789,P00142,outpatient,2024-12-13 08:00:00,2024-12-13 15:00:00,Pulmonary,Home,Medication review,False
E0000790,P00142,emergency,2025-01-15 08:00:00,2025-01-15 09:00:00,General Surgery,Home,Medication review,False
E0000791,P00142,outpatient,2025-01-21 08:00:00,2025-01-21 10:00:00,Cardiology,Home,Acute symptom visit,False
E0000792,P00142,outpatient,2025-02-12 08:00:00,2025-02-12 16:00:00,Cardiology,Home,Follow-up,False
E0000793,P00142,emergency,2025-05-13 08:00:00,2025-05-13 15:00:00,Pulmonary,Home,Medication review,False
E0000794,P00142,outpatient,2025-05-14 08:00:00,2025-05-14 15:00:00,Cardiology,Home,Follow-up,False
E0000795,P00142,inpatient,2025-06-21 08:00:00,2025-06-23 10:00:00,Pulmonary,Home,COPD exacerbation,False
E0000796,P00142,inpatient,2025-09-14 16:00:00,2025-09-17 20:00:00,Endocrinology,Transfer to acute care,Diabetes complication,False
E0000797,P00143,emergency,2024-09-19 08:00:00,2024-09-19 10:00:00,General Medicine,Home,Acute symptom visit,False
E0000798,P00143,emergency,2024-11-13 08:00:00,2024-11-13 15:00:00,General Surgery,Home,Acute symptom visit,False
E0000799,P00143,outpatient,2024-12-09 08:00:00,2024-12-09 12:00:00,General Surgery,Home,Follow-up,False
E0000800,P00143,emergency,2025-01-05 08:00:00,2025-01-05 09:00:00,General Surgery,Home,Acute symptom visit,False
E0000801,P00143,inpatient,2025-02-10 08:00:00,2025-02-13 14:00:00,General Surgery,Home,Postoperative wound issue,True
E0000802,P00143,inpatient,2025-05-06 15:00:00,2025-05-09 23:00:00,General Medicine,Home,Syncope,False
E0000803,P00144,outpatient,2024-09-15 08:00:00,2024-09-15 10:00:00,Pulmonary,Home,Acute symptom visit,False
E0000804,P00144,outpatient,2024-11-14 08:00:00,2024-11-14 13:00:00,Pulmonary,Home,Follow-up,False
E0000805,P00144,emergency,2024-12-21 08:00:00,2024-12-21 16:00:00,Endocrinology,Home,Acute symptom visit,False
E0000806,P00144,outpatient,2025-01-24 08:00:00,2025-01-24 15:00:00,General Medicine,Home,Acute symptom visit,False
E0000807,P00144,inpatient,2025-03-26 08:00:00,2025-03-30 14:00:00,General Medicine,Home,Cellulitis,False
E0000808,P00144,inpatient,2025-04-14 02:00:00,2025-04-18 05:00:00,General Surgery,Home,Abdominal pain,False
E0000809,P00145,outpatient,2024-12-13 08:00:00,2024-12-13 09:00:00,Cardiology,Home,Acute symptom visit,False
E0000810,P00145,outpatient,2025-01-21 08:00:00,2025-01-21 10:00:00,Cardiology,Home,Follow-up,False
E0000811,P00145,outpatient,2025-03-07 08:00:00,2025-03-07 13:00:00,Cardiology,Home,Medication review,False
E0000812,P00145,emergency,2025-03-31 08:00:00,2025-03-31 14:00:00,Endocrinology,Home,Follow-up,False
E0000813,P00145,outpatient,2025-04-11 08:00:00,2025-04-11 09:00:00,Cardiology,Home,Acute symptom visit,False
E0000814,P00145,inpatient,2025-06-18 08:00:00,2025-06-22 12:00:00,General Medicine,Home,Cellulitis,False
E0000815,P00146,emergency,2024-10-13 08:00:00,2024-10-13 14:00:00,Pulmonary,Home,Acute symptom visit,False
E0000816,P00146,outpatient,2024-11-20 08:00:00,2024-11-20 11:00:00,Endocrinology,Home,Follow-up,False
E0000817,P00146,outpatient,2024-11-23 08:00:00,2024-11-23 11:00:00,Endocrinology,Home,Follow-up,False
E0000818,P00146,outpatient,2025-01-31 08:00:00,2025-01-31 14:00:00,General Medicine,Home,Acute symptom visit,False
E0000819,P00146,outpatient,2025-02-24 08:00:00,2025-02-24 09:00:00,General Surgery,Home,Follow-up,False
E0000820,P00146,inpatient,2025-03-27 08:00:00,2025-04-01 18:00:00,General Medicine,Skilled nursing facility,Syncope,False
E0000821,P00146,inpatient,2025-06-03 04:00:00,2025-06-06 08:00:00,Cardiology,Home,Chest pain,False
E0000822,P00146,inpatient,2025-08-19 12:00:00,2025-08-21 22:00:00,Pulmonary,Home,Pneumonia,False
E0000823,P00147,outpatient,2025-03-18 08:00:00,2025-03-18 10:00:00,Endocrinology,Home,Follow-up,False
E0000824,P00147,emergency,2025-03-30 08:00:00,2025-03-30 14:00:00,Endocrinology,Home,Medication review,False
E0000825,P00147,inpatient,2025-06-22 08:00:00,2025-06-26 16:00:00,Pulmonary,Home,COPD exacerbation,False
E0000826,P00148,outpatient,2024-11-23 08:00:00,2024-11-23 16:00:00,Endocrinology,Home,Acute symptom visit,False
E0000827,P00148,emergency,2024-12-10 08:00:00,2024-12-10 12:00:00,General Medicine,Home,Follow-up,False
E0000828,P00148,emergency,2024-12-27 08:00:00,2024-12-27 09:00:00,Endocrinology,Home,Medication review,False
E0000829,P00148,outpatient,2025-02-08 08:00:00,2025-02-08 13:00:00,General Surgery,Home,Medication review,False
E0000830,P00148,inpatient,2025-05-17 08:00:00,2025-05-20 12:00:00,General Medicine,Skilled nursing facility,Syncope,False
E0000831,P00148,inpatient,2025-10-13 00:00:00,2025-10-17 03:00:00,Cardiology,Skilled nursing facility,Chest pain,False
E0000832,P00148,inpatient,2026-03-07 08:00:00,2026-03-08 11:00:00,General Surgery,Home,Postoperative wound issue,False
E0000833,P00149,outpatient,2025-04-18 08:00:00,2025-04-18 09:00:00,Endocrinology,Home,Follow-up,False
E0000834,P00149,outpatient,2025-05-31 08:00:00,2025-05-31 15:00:00,Endocrinology,Home,Acute symptom visit,False
E0000835,P00149,emergency,2025-07-19 08:00:00,2025-07-19 13:00:00,General Medicine,Home,Acute symptom visit,False
E0000836,P00149,emergency,2025-07-20 08:00:00,2025-07-20 10:00:00,General Surgery,Home,Medication review,False
E0000837,P00149,outpatient,2025-08-25 08:00:00,2025-08-25 12:00:00,Pulmonary,Home,Follow-up,False
E0000838,P00150,outpatient,2024-12-02 08:00:00,2024-12-02 16:00:00,General Surgery,Home,Follow-up,False
E0000839,P00150,outpatient,2024-12-04 08:00:00,2024-12-04 10:00:00,General Medicine,Home,Acute symptom visit,False
E0000840,P00150,emergency,2025-02-09 08:00:00,2025-02-09 13:00:00,General Surgery,Home,Acute symptom visit,False
E0000841,P00150,outpatient,2025-02-21 08:00:00,2025-02-21 11:00:00,General Surgery,Home,Acute symptom visit,False
E0000842,P00150,emergency,2025-02-26 08:00:00,2025-02-26 10:00:00,Cardiology,Home,Medication review,False
E0000843,P00150,emergency,2025-03-18 08:00:00,2025-03-18 13:00:00,General Surgery,Home,Follow-up,False
E0000844,P00150,outpatient,2025-04-03 08:00:00,2025-04-03 15:00:00,General Surgery,Home,Follow-up,False
E0000845,P00150,inpatient,2025-06-16 08:00:00,2025-06-20 10:00:00,General Surgery,Home,Biliary disease,False
E0000846,P00151,outpatient,2024-08-30 08:00:00,2024-08-30 11:00:00,General Medicine,Home,Medication review,False
E0000847,P00151,outpatient,2024-08-30 08:00:00,2024-08-30 10:00:00,Endocrinology,Home,Medication review,False
E0000848,P00151,emergency,2024-09-19 08:00:00,2024-09-19 16:00:00,Endocrinology,Home,Follow-up,False
E0000849,P00151,outpatient,2024-10-08 08:00:00,2024-10-08 11:00:00,General Surgery,Home,Medication review,False
E0000850,P00151,emergency,2024-10-11 08:00:00,2024-10-11 11:00:00,General Surgery,Home,Acute symptom visit,False
E0000851,P00151,outpatient,2024-11-28 08:00:00,2024-11-28 10:00:00,General Surgery,Home,Medication review,False
E0000852,P00151,outpatient,2025-01-01 08:00:00,2025-01-01 16:00:00,Cardiology,Home,Acute symptom visit,False
E0000853,P00151,inpatient,2025-03-01 08:00:00,2025-03-05 11:00:00,Endocrinology,Home health,Diabetes complication,False
E0000854,P00151,inpatient,2025-07-17 22:00:00,2025-07-19 05:00:00,General Medicine,Home,Electrolyte disorder,False
E0000855,P00152,outpatient,2025-04-14 08:00:00,2025-04-14 09:00:00,General Medicine,Home,Medication review,False
E0000856,P00152,outpatient,2025-06-21 08:00:00,2025-06-21 10:00:00,General Surgery,Home,Medication review,False
E0000857,P00152,emergency,2025-07-08 08:00:00,2025-07-08 11:00:00,Pulmonary,Home,Medication review,False
E0000858,P00152,outpatient,2025-07-16 08:00:00,2025-07-16 13:00:00,General Medicine,Home,Medication review,False
E0000859,P00152,emergency,2025-08-01 08:00:00,2025-08-01 11:00:00,General Surgery,Home,Follow-up,False
E0000860,P00152,outpatient,2025-08-28 08:00:00,2025-08-28 09:00:00,Cardiology,Home,Medication review,False
E0000861,P00152,outpatient,2025-09-04 08:00:00,2025-09-04 10:00:00,General Surgery,Home,Follow-up,False
E0000862,P00152,inpatient,2025-10-18 08:00:00,2025-10-20 14:00:00,Endocrinology,Skilled nursing facility,Hypoglycemia,False
E0000863,P00152,inpatient,2026-02-22 15:00:00,2026-02-24 19:00:00,General Surgery,Home,Biliary disease,False
E0000864,P00152,inpatient,2026-04-26 03:00:00,2026-04-28 06:00:00,General Medicine,Home,Sepsis,False
E0000865,P00153,outpatient,2025-09-08 08:00:00,2025-09-08 13:00:00,Endocrinology,Home,Acute symptom visit,False
E0000866,P00153,inpatient,2025-11-01 08:00:00,2025-11-02 17:00:00,Endocrinology,Skilled nursing facility,Hyperglycemia,False
E0000867,P00153,inpatient,2026-03-18 23:00:00,2026-03-22 01:00:00,Pulmonary,Home,Asthma exacerbation,False
E0000868,P00154,outpatient,2025-07-07 08:00:00,2025-07-07 11:00:00,Cardiology,Home,Acute symptom visit,False
E0000869,P00154,outpatient,2025-07-23 08:00:00,2025-07-23 15:00:00,Endocrinology,Home,Follow-up,False
E0000870,P00154,outpatient,2025-07-29 08:00:00,2025-07-29 15:00:00,Pulmonary,Home,Medication review,False
E0000871,P00154,emergency,2025-09-12 08:00:00,2025-09-12 11:00:00,Cardiology,Home,Follow-up,False
E0000872,P00154,emergency,2025-10-03 08:00:00,2025-10-03 11:00:00,Cardiology,Home,Acute symptom visit,False
E0000873,P00154,inpatient,2025-10-27 08:00:00,2025-10-28 15:00:00,Cardiology,Home,Atrial fibrillation,False
E0000874,P00155,outpatient,2025-06-13 08:00:00,2025-06-13 15:00:00,General Surgery,Home,Follow-up,False
E0000875,P00155,emergency,2025-06-16 08:00:00,2025-06-16 15:00:00,Endocrinology,Home,Follow-up,False
E0000876,P00155,emergency,2025-06-16 08:00:00,2025-06-16 16:00:00,Endocrinology,Home,Acute symptom visit,False
E0000877,P00155,outpatient,2025-06-30 08:00:00,2025-06-30 11:00:00,General Medicine,Home,Acute symptom visit,False
E0000878,P00155,outpatient,2025-07-19 08:00:00,2025-07-19 14:00:00,General Surgery,Home,Medication review,False
E0000879,P00155,outpatient,2025-09-27 08:00:00,2025-09-27 10:00:00,Endocrinology,Home,Acute symptom visit,False
E0000880,P00155,inpatient,2025-10-31 08:00:00,2025-11-03 18:00:00,Cardiology,Home health,Chest pain,False
E0000881,P00155,inpatient,2026-01-14 00:00:00,2026-01-18 08:00:00,Endocrinology,Home,Diabetes complication,False
E0000882,P00155,inpatient,2026-04-07 08:00:00,2026-04-11 13:00:00,Endocrinology,Home,Diabetes complication,False
E0000883,P00156,emergency,2025-05-06 08:00:00,2025-05-06 10:00:00,Endocrinology,Home,Medication review,False
E0000884,P00156,emergency,2025-06-12 08:00:00,2025-06-12 12:00:00,Cardiology,Home,Medication review,False
E0000885,P00156,outpatient,2025-06-17 08:00:00,2025-06-17 09:00:00,General Medicine,Home,Medication review,False
E0000886,P00156,outpatient,2025-07-09 08:00:00,2025-07-09 12:00:00,Pulmonary,Home,Medication review,False
E0000887,P00156,outpatient,2025-08-19 08:00:00,2025-08-19 15:00:00,General Medicine,Home,Acute symptom visit,False
E0000888,P00156,outpatient,2025-08-23 08:00:00,2025-08-23 13:00:00,Endocrinology,Home,Acute symptom visit,False
E0000889,P00156,emergency,2025-08-31 08:00:00,2025-08-31 15:00:00,Pulmonary,Home,Medication review,False
E0000890,P00156,inpatient,2025-09-24 08:00:00,2025-09-28 18:00:00,General Medicine,Home,Electrolyte disorder,False
E0000891,P00157,outpatient,2024-09-27 08:00:00,2024-09-27 16:00:00,Cardiology,Home,Medication review,False
E0000892,P00157,emergency,2024-10-17 08:00:00,2024-10-17 13:00:00,General Surgery,Home,Follow-up,False
E0000893,P00157,outpatient,2024-10-18 08:00:00,2024-10-18 12:00:00,Endocrinology,Home,Acute symptom visit,False
E0000894,P00157,emergency,2024-10-28 08:00:00,2024-10-28 10:00:00,Endocrinology,Home,Medication review,False
E0000895,P00157,outpatient,2024-12-16 08:00:00,2024-12-16 15:00:00,General Medicine,Home,Follow-up,False
E0000896,P00157,emergency,2024-12-21 08:00:00,2024-12-21 14:00:00,General Surgery,Home,Follow-up,False
E0000897,P00158,outpatient,2025-01-06 08:00:00,2025-01-06 10:00:00,Pulmonary,Home,Acute symptom visit,False
E0000898,P00158,outpatient,2025-01-30 08:00:00,2025-01-30 11:00:00,Cardiology,Home,Follow-up,False
E0000899,P00158,outpatient,2025-03-22 08:00:00,2025-03-22 16:00:00,General Surgery,Home,Follow-up,False
E0000900,P00158,outpatient,2025-04-24 08:00:00,2025-04-24 11:00:00,Pulmonary,Home,Medication review,False
E0000901,P00158,inpatient,2025-07-21 08:00:00,2025-07-22 18:00:00,Pulmonary,Home,COPD exacerbation,False
E0000902,P00159,outpatient,2024-08-18 08:00:00,2024-08-18 09:00:00,General Medicine,Home,Medication review,False
E0000903,P00159,emergency,2024-11-08 08:00:00,2024-11-08 09:00:00,Pulmonary,Home,Acute symptom visit,False
E0000904,P00159,outpatient,2024-11-24 08:00:00,2024-11-24 16:00:00,Cardiology,Home,Acute symptom visit,False
E0000905,P00159,emergency,2024-12-11 08:00:00,2024-12-11 12:00:00,General Medicine,Home,Follow-up,False
E0000906,P00159,inpatient,2025-02-07 08:00:00,2025-02-08 12:00:00,General Surgery,Skilled nursing facility,Postoperative wound issue,False
E0000907,P00159,inpatient,2025-06-14 23:00:00,2025-06-17 03:00:00,Pulmonary,Home,Asthma exacerbation,False
E0000908,P00160,outpatient,2024-12-14 08:00:00,2024-12-14 10:00:00,Endocrinology,Home,Follow-up,False
E0000909,P00160,emergency,2025-03-02 08:00:00,2025-03-02 14:00:00,General Surgery,Home,Follow-up,False
E0000910,P00160,outpatient,2025-04-09 08:00:00,2025-04-09 12:00:00,Endocrinology,Home,Medication review,False
E0000911,P00160,inpatient,2025-05-22 08:00:00,2025-05-23 15:00:00,General Surgery,Skilled nursing facility,Abdominal pain,True
E0000912,P00161,outpatient,2024-10-26 08:00:00,2024-10-26 12:00:00,Endocrinology,Home,Follow-up,False
E0000913,P00161,outpatient,2025-01-13 08:00:00,2025-01-13 16:00:00,Cardiology,Home,Medication review,False
E0000914,P00161,outpatient,2025-02-22 08:00:00,2025-02-22 10:00:00,Pulmonary,Home,Medication review,False
E0000915,P00161,inpatient,2025-04-25 08:00:00,2025-04-28 18:00:00,General Surgery,Home,Postoperative wound issue,False
E0000916,P00162,emergency,2025-01-25 08:00:00,2025-01-25 09:00:00,Pulmonary,Home,Medication review,False
E0000917,P00162,outpatient,2025-02-06 08:00:00,2025-02-06 15:00:00,Pulmonary,Home,Medication review,False
E0000918,P00162,emergency,2025-03-21 08:00:00,2025-03-21 16:00:00,Endocrinology,Home,Follow-up,False
E0000919,P00162,emergency,2025-03-22 08:00:00,2025-03-22 11:00:00,General Surgery,Home,Medication review,False
E0000920,P00162,inpatient,2025-05-22 08:00:00,2025-05-25 18:00:00,Cardiology,Transfer to acute care,Atrial fibrillation,False
E0000921,P00163,outpatient,2025-01-08 08:00:00,2025-01-08 14:00:00,Pulmonary,Home,Medication review,False
E0000922,P00163,outpatient,2025-03-01 08:00:00,2025-03-01 11:00:00,Pulmonary,Home,Medication review,False
E0000923,P00163,outpatient,2025-05-19 08:00:00,2025-05-19 12:00:00,Endocrinology,Home,Medication review,False
E0000924,P00164,outpatient,2024-10-02 08:00:00,2024-10-02 10:00:00,Endocrinology,Home,Medication review,False
E0000925,P00164,outpatient,2024-10-02 08:00:00,2024-10-02 09:00:00,General Surgery,Home,Acute symptom visit,False
E0000926,P00164,emergency,2024-11-25 08:00:00,2024-11-25 14:00:00,General Surgery,Home,Follow-up,False
E0000927,P00164,outpatient,2025-01-31 08:00:00,2025-01-31 10:00:00,Pulmonary,Home,Acute symptom visit,False
E0000928,P00164,emergency,2025-02-03 08:00:00,2025-02-03 11:00:00,Pulmonary,Home,Acute symptom visit,False
E0000929,P00164,outpatient,2025-02-05 08:00:00,2025-02-05 16:00:00,General Surgery,Home,Medication review,False
E0000930,P00164,inpatient,2025-04-30 08:00:00,2025-05-03 10:00:00,General Medicine,Transfer to acute care,Cellulitis,False
E0000931,P00165,outpatient,2025-04-26 08:00:00,2025-04-26 14:00:00,Pulmonary,Home,Medication review,False
E0000932,P00165,outpatient,2025-05-11 08:00:00,2025-05-11 15:00:00,Pulmonary,Home,Acute symptom visit,False
E0000933,P00165,outpatient,2025-06-07 08:00:00,2025-06-07 16:00:00,General Surgery,Home,Acute symptom visit,False
E0000934,P00165,emergency,2025-06-24 08:00:00,2025-06-24 10:00:00,Cardiology,Home,Medication review,False
E0000935,P00165,outpatient,2025-07-09 08:00:00,2025-07-09 11:00:00,Pulmonary,Home,Acute symptom visit,False
E0000936,P00165,outpatient,2025-08-12 08:00:00,2025-08-12 12:00:00,Endocrinology,Home,Follow-up,False
E0000937,P00165,inpatient,2025-10-20 08:00:00,2025-10-22 10:00:00,General Surgery,Home,Biliary disease,False
E0000938,P00165,inpatient,2026-02-21 15:00:00,2026-02-22 19:00:00,General Medicine,Home,Sepsis,False
E0000939,P00166,outpatient,2024-09-07 08:00:00,2024-09-07 14:00:00,Pulmonary,Home,Acute symptom visit,False
E0000940,P00166,emergency,2024-09-10 08:00:00,2024-09-10 13:00:00,Cardiology,Home,Acute symptom visit,False
E0000941,P00166,outpatient,2024-10-06 08:00:00,2024-10-06 15:00:00,Cardiology,Home,Acute symptom visit,False
E0000942,P00166,outpatient,2024-11-18 08:00:00,2024-11-18 15:00:00,Cardiology,Home,Medication review,False
E0000943,P00166,inpatient,2025-02-10 08:00:00,2025-02-13 18:00:00,General Medicine,Skilled nursing facility,Syncope,False
E0000944,P00166,inpatient,2025-04-12 23:00:00,2025-04-16 09:00:00,General Medicine,Home,Sepsis,False
E0000945,P00167,emergency,2025-04-15 08:00:00,2025-04-15 16:00:00,General Medicine,Home,Acute symptom visit,False
E0000946,P00167,emergency,2025-06-03 08:00:00,2025-06-03 12:00:00,General Medicine,Home,Acute symptom visit,False
E0000947,P00167,outpatient,2025-06-04 08:00:00,2025-06-04 15:00:00,Endocrinology,Home,Medication review,False
E0000948,P00167,emergency,2025-08-21 08:00:00,2025-08-21 13:00:00,General Medicine,Home,Follow-up,False
E0000949,P00167,inpatient,2025-10-08 08:00:00,2025-10-10 13:00:00,Endocrinology,Skilled nursing facility,Hypoglycemia,False
E0000950,P00167,inpatient,2025-12-09 20:00:00,2025-12-14 05:00:00,Pulmonary,Home,COPD exacerbation,False
E0000951,P00168,outpatient,2025-04-08 08:00:00,2025-04-08 13:00:00,Endocrinology,Home,Follow-up,False
E0000952,P00168,outpatient,2025-04-20 08:00:00,2025-04-20 11:00:00,Cardiology,Home,Acute symptom visit,False
E0000953,P00169,outpatient,2025-03-07 08:00:00,2025-03-07 16:00:00,Cardiology,Home,Acute symptom visit,False
E0000954,P00169,outpatient,2025-03-07 08:00:00,2025-03-07 16:00:00,Pulmonary,Home,Medication review,False
E0000955,P00169,outpatient,2025-06-11 08:00:00,2025-06-11 12:00:00,General Surgery,Home,Medication review,False
E0000956,P00169,inpatient,2025-08-31 08:00:00,2025-09-05 11:00:00,General Surgery,Home,Biliary disease,False
E0000957,P00170,outpatient,2024-10-03 08:00:00,2024-10-03 11:00:00,Cardiology,Home,Medication review,False
E0000958,P00170,outpatient,2025-01-23 08:00:00,2025-01-23 16:00:00,Cardiology,Home,Acute symptom visit,False
E0000959,P00170,inpatient,2025-03-22 08:00:00,2025-03-24 10:00:00,Cardiology,Transfer to acute care,Atrial fibrillation,False
E0000960,P00170,inpatient,2025-06-08 11:00:00,2025-06-10 16:00:00,General Medicine,Home,Sepsis,False
E0000961,P00171,outpatient,2025-02-25 08:00:00,2025-02-25 16:00:00,Endocrinology,Home,Acute symptom visit,False
E0000962,P00171,inpatient,2025-09-13 08:00:00,2025-09-14 15:00:00,General Medicine,Skilled nursing facility,Sepsis,False
E0000963,P00172,outpatient,2025-01-22 08:00:00,2025-01-22 12:00:00,Endocrinology,Home,Medication review,False
E0000964,P00172,emergency,2025-02-11 08:00:00,2025-02-11 12:00:00,General Medicine,Home,Follow-up,False
E0000965,P00172,outpatient,2025-03-07 08:00:00,2025-03-07 13:00:00,General Medicine,Home,Medication review,False
E0000966,P00172,outpatient,2025-03-13 08:00:00,2025-03-13 15:00:00,Pulmonary,Home,Acute symptom visit,False
E0000967,P00172,outpatient,2025-04-09 08:00:00,2025-04-09 14:00:00,Pulmonary,Home,Follow-up,False
E0000968,P00172,outpatient,2025-05-27 08:00:00,2025-05-27 13:00:00,General Surgery,Home,Follow-up,False
E0000969,P00173,outpatient,2024-12-27 08:00:00,2024-12-27 13:00:00,Cardiology,Home,Medication review,False
E0000970,P00173,outpatient,2025-01-24 08:00:00,2025-01-24 14:00:00,General Surgery,Home,Follow-up,False
E0000971,P00173,outpatient,2025-04-01 08:00:00,2025-04-01 13:00:00,General Surgery,Home,Medication review,False
E0000972,P00173,outpatient,2025-05-10 08:00:00,2025-05-10 10:00:00,Pulmonary,Home,Acute symptom visit,False
E0000973,P00173,inpatient,2025-07-20 08:00:00,2025-07-23 12:00:00,Endocrinology,Home,Hypoglycemia,False
E0000974,P00173,inpatient,2025-12-20 16:00:00,2025-12-22 22:00:00,Pulmonary,Home,COPD exacerbation,False
E0000975,P00174,emergency,2025-03-11 08:00:00,2025-03-11 10:00:00,General Medicine,Home,Follow-up,False
E0000976,P00174,outpatient,2025-04-02 08:00:00,2025-04-02 12:00:00,General Medicine,Home,Medication review,False
E0000977,P00174,outpatient,2025-06-09 08:00:00,2025-06-09 12:00:00,Pulmonary,Home,Follow-up,False
E0000978,P00174,outpatient,2025-06-20 08:00:00,2025-06-20 14:00:00,General Surgery,Home,Medication review,False
E0000979,P00174,outpatient,2025-07-06 08:00:00,2025-07-06 10:00:00,General Surgery,Home,Acute symptom visit,False
E0000980,P00174,outpatient,2025-07-09 08:00:00,2025-07-09 09:00:00,General Surgery,Home,Follow-up,False
E0000981,P00174,inpatient,2025-08-07 08:00:00,2025-08-09 11:00:00,General Medicine,Home,Cellulitis,False
E0000982,P00175,emergency,2024-09-23 08:00:00,2024-09-23 10:00:00,Endocrinology,Home,Medication review,False
E0000983,P00175,outpatient,2024-09-23 08:00:00,2024-09-23 13:00:00,General Medicine,Home,Medication review,False
E0000984,P00175,outpatient,2024-12-03 08:00:00,2024-12-03 16:00:00,Endocrinology,Home,Medication review,False
E0000985,P00175,outpatient,2024-12-28 08:00:00,2024-12-28 09:00:00,Pulmonary,Home,Acute symptom visit,False
E0000986,P00175,outpatient,2025-01-17 08:00:00,2025-01-17 12:00:00,General Surgery,Home,Acute symptom visit,False
E0000987,P00176,outpatient,2025-08-13 08:00:00,2025-08-13 16:00:00,Pulmonary,Home,Acute symptom visit,False
E0000988,P00176,inpatient,2025-10-13 08:00:00,2025-10-17 11:00:00,General Medicine,Home,Cellulitis,False
E0000989,P00177,emergency,2025-02-09 08:00:00,2025-02-09 16:00:00,Pulmonary,Home,Medication review,False
E0000990,P00177,outpatient,2025-02-25 08:00:00,2025-02-25 09:00:00,General Medicine,Home,Medication review,False
E0000991,P00177,outpatient,2025-05-29 08:00:00,2025-05-29 14:00:00,Endocrinology,Home,Medication review,False
E0000992,P00177,emergency,2025-06-04 08:00:00,2025-06-04 14:00:00,Cardiology,Home,Acute symptom visit,False
E0000993,P00177,inpatient,2025-07-12 08:00:00,2025-07-14 16:00:00,General Surgery,Home,Abdominal pain,False
E0000994,P00178,outpatient,2024-11-28 08:00:00,2024-11-28 09:00:00,Pulmonary,Home,Follow-up,False
E0000995,P00178,emergency,2025-02-17 08:00:00,2025-02-17 15:00:00,Endocrinology,Home,Medication review,False
E0000996,P00178,outpatient,2025-02-22 08:00:00,2025-02-22 15:00:00,General Medicine,Home,Acute symptom visit,False
E0000997,P00178,outpatient,2025-03-23 08:00:00,2025-03-23 14:00:00,Pulmonary,Home,Follow-up,False
E0000998,P00178,outpatient,2025-03-25 08:00:00,2025-03-25 09:00:00,General Medicine,Home,Follow-up,False
E0000999,P00178,outpatient,2025-04-28 08:00:00,2025-04-28 16:00:00,Endocrinology,Home,Follow-up,False
E0001000,P00178,emergency,2025-05-05 08:00:00,2025-05-05 16:00:00,General Surgery,Home,Follow-up,False
E0001001,P00178,inpatient,2025-05-21 08:00:00,2025-05-28 16:00:00,Cardiology,Home,Chest pain,False
E0001002,P00179,outpatient,2024-10-11 08:00:00,2024-10-11 12:00:00,Pulmonary,Home,Medication review,False
E0001003,P00179,outpatient,2024-10-27 08:00:00,2024-10-27 12:00:00,Pulmonary,Home,Follow-up,False
E0001004,P00179,emergency,2025-02-03 08:00:00,2025-02-03 13:00:00,General Surgery,Home,Follow-up,False
E0001005,P00179,outpatient,2025-02-05 08:00:00,2025-02-05 10:00:00,Cardiology,Home,Medication review,False
E0001006,P00179,emergency,2025-03-10 08:00:00,2025-03-10 16:00:00,General Medicine,Home,Medication review,False
E0001007,P00179,inpatient,2025-04-27 08:00:00,2025-04-30 16:00:00,Cardiology,Home,Chest pain,False
E0001008,P00179,inpatient,2025-06-18 22:00:00,2025-06-20 03:00:00,Endocrinology,Home health,Hyperglycemia,False
E0001009,P00180,outpatient,2025-03-28 08:00:00,2025-03-28 15:00:00,Pulmonary,Home,Medication review,False
E0001010,P00180,outpatient,2025-07-05 08:00:00,2025-07-05 10:00:00,Pulmonary,Home,Medication review,False
E0001011,P00180,inpatient,2025-08-26 08:00:00,2025-08-27 18:00:00,General Surgery,Skilled nursing facility,Postoperative wound issue,False
E0001012,P00181,outpatient,2025-03-22 08:00:00,2025-03-22 15:00:00,General Medicine,Home,Follow-up,False
E0001013,P00181,outpatient,2025-05-02 08:00:00,2025-05-02 09:00:00,General Surgery,Home,Acute symptom visit,False
E0001014,P00181,inpatient,2025-07-21 08:00:00,2025-07-25 13:00:00,General Surgery,Home,Abdominal pain,False
E0001015,P00182,outpatient,2025-04-13 08:00:00,2025-04-13 11:00:00,General Surgery,Home,Acute symptom visit,False
E0001016,P00182,outpatient,2025-05-16 08:00:00,2025-05-16 13:00:00,Cardiology,Home,Medication review,False
E0001017,P00182,outpatient,2025-06-18 08:00:00,2025-06-18 13:00:00,General Medicine,Home,Acute symptom visit,False
E0001018,P00182,emergency,2025-09-22 08:00:00,2025-09-22 13:00:00,General Medicine,Home,Medication review,False
E0001019,P00182,inpatient,2025-10-22 08:00:00,2025-10-26 15:00:00,Endocrinology,Home,Hyperglycemia,False
E0001020,P00182,inpatient,2026-01-11 02:00:00,2026-01-13 08:00:00,Cardiology,Home,Chest pain,False
E0001021,P00182,inpatient,2026-01-20 12:00:00,2026-01-24 17:00:00,General Medicine,Home,Syncope,False
E0001022,P00183,outpatient,2024-08-28 08:00:00,2024-08-28 11:00:00,Pulmonary,Home,Follow-up,False
E0001023,P00183,outpatient,2024-10-19 08:00:00,2024-10-19 11:00:00,Pulmonary,Home,Acute symptom visit,False
E0001024,P00183,outpatient,2024-11-25 08:00:00,2024-11-25 15:00:00,Endocrinology,Home,Acute symptom visit,False
E0001025,P00183,emergency,2024-11-26 08:00:00,2024-11-26 12:00:00,Cardiology,Home,Follow-up,False
E0001026,P00183,emergency,2024-12-04 08:00:00,2024-12-04 11:00:00,General Medicine,Home,Follow-up,False
E0001027,P00183,emergency,2025-01-17 08:00:00,2025-01-17 09:00:00,Cardiology,Home,Follow-up,False
E0001028,P00183,emergency,2025-01-27 08:00:00,2025-01-27 12:00:00,General Surgery,Home,Acute symptom visit,False
E0001029,P00183,outpatient,2025-01-29 08:00:00,2025-01-29 10:00:00,General Surgery,Home,Follow-up,False
E0001030,P00183,inpatient,2025-04-06 08:00:00,2025-04-11 17:00:00,Cardiology,Home,Atrial fibrillation,False
E0001031,P00183,inpatient,2025-08-04 02:00:00,2025-08-07 05:00:00,Cardiology,Home,Atrial fibrillation,False
E0001032,P00184,outpatient,2025-05-13 08:00:00,2025-05-13 10:00:00,General Medicine,Home,Follow-up,False
E0001033,P00184,outpatient,2025-05-30 08:00:00,2025-05-30 12:00:00,General Surgery,Home,Follow-up,False
E0001034,P00184,outpatient,2025-07-03 08:00:00,2025-07-03 16:00:00,General Surgery,Home,Acute symptom visit,False
E0001035,P00184,outpatient,2025-07-06 08:00:00,2025-07-06 09:00:00,Pulmonary,Home,Acute symptom visit,False
E0001036,P00184,outpatient,2025-08-24 08:00:00,2025-08-24 15:00:00,Pulmonary,Home,Medication review,False
E0001037,P00185,emergency,2025-02-02 08:00:00,2025-02-02 16:00:00,Endocrinology,Home,Acute symptom visit,False
E0001038,P00185,outpatient,2025-02-18 08:00:00,2025-02-18 12:00:00,General Surgery,Home,Medication review,False
E0001039,P00185,emergency,2025-04-03 08:00:00,2025-04-03 15:00:00,Pulmonary,Home,Follow-up,False
E0001040,P00185,outpatient,2025-04-15 08:00:00,2025-04-15 09:00:00,General Medicine,Home,Medication review,False
E0001041,P00185,emergency,2025-04-27 08:00:00,2025-04-27 10:00:00,Cardiology,Home,Follow-up,False
E0001042,P00185,outpatient,2025-05-29 08:00:00,2025-05-29 15:00:00,Cardiology,Home,Acute symptom visit,False
E0001043,P00185,inpatient,2025-08-03 08:00:00,2025-08-07 14:00:00,General Surgery,Home,Postoperative wound issue,False
E0001044,P00186,outpatient,2025-04-21 08:00:00,2025-04-21 15:00:00,Pulmonary,Home,Follow-up,False
E0001045,P00186,outpatient,2025-07-23 08:00:00,2025-07-23 15:00:00,Pulmonary,Home,Medication review,False
E0001046,P00186,outpatient,2025-09-01 08:00:00,2025-09-01 14:00:00,Cardiology,Home,Medication review,False
E0001047,P00186,inpatient,2025-10-23 08:00:00,2025-10-27 16:00:00,General Medicine,Home,Syncope,False
E0001048,P00186,inpatient,2025-12-25 04:00:00,2025-12-30 09:00:00,Cardiology,Home,Atrial fibrillation,False
E0001049,P00187,emergency,2025-03-29 08:00:00,2025-03-29 11:00:00,Pulmonary,Home,Acute symptom visit,False
E0001050,P00187,emergency,2025-03-31 08:00:00,2025-03-31 15:00:00,Endocrinology,Home,Acute symptom visit,False
E0001051,P00187,outpatient,2025-04-08 08:00:00,2025-04-08 11:00:00,Cardiology,Home,Acute symptom visit,False
E0001052,P00187,outpatient,2025-06-10 08:00:00,2025-06-10 16:00:00,General Medicine,Home,Medication review,False
E0001053,P00187,emergency,2025-07-28 08:00:00,2025-07-28 16:00:00,General Medicine,Home,Follow-up,False
E0001054,P00187,inpatient,2025-10-10 08:00:00,2025-10-16 12:00:00,General Surgery,Home,Abdominal pain,False
E0001055,P00187,inpatient,2025-10-23 17:00:00,2025-10-26 22:00:00,Pulmonary,Home,Pneumonia,False
E0001056,P00187,inpatient,2025-11-18 22:00:00,2025-11-21 02:00:00,Pulmonary,Home,Asthma exacerbation,False
E0001057,P00188,emergency,2025-05-24 08:00:00,2025-05-24 09:00:00,General Medicine,Home,Acute symptom visit,False
E0001058,P00188,outpatient,2025-05-29 08:00:00,2025-05-29 11:00:00,Pulmonary,Home,Acute symptom visit,False
E0001059,P00188,outpatient,2025-07-20 08:00:00,2025-07-20 14:00:00,General Medicine,Home,Follow-up,False
E0001060,P00189,outpatient,2024-12-18 08:00:00,2024-12-18 11:00:00,General Medicine,Home,Medication review,False
E0001061,P00189,emergency,2025-01-01 08:00:00,2025-01-01 16:00:00,Endocrinology,Home,Medication review,False
E0001062,P00189,outpatient,2025-01-16 08:00:00,2025-01-16 11:00:00,Pulmonary,Home,Medication review,False
E0001063,P00189,emergency,2025-04-06 08:00:00,2025-04-06 10:00:00,General Surgery,Home,Acute symptom visit,False
E0001064,P00189,inpatient,2025-06-04 08:00:00,2025-06-06 13:00:00,General Surgery,Home,Biliary disease,False
E0001065,P00189,inpatient,2025-11-02 20:00:00,2025-11-05 06:00:00,General Surgery,Home,Abdominal pain,False
E0001066,P00189,inpatient,2026-03-11 18:00:00,2026-03-14 23:00:00,Endocrinology,Home,Hypoglycemia,False
E0001067,P00190,outpatient,2025-01-26 08:00:00,2025-01-26 12:00:00,General Surgery,Home,Acute symptom visit,False
E0001068,P00190,outpatient,2025-03-24 08:00:00,2025-03-24 15:00:00,Endocrinology,Home,Acute symptom visit,False
E0001069,P00190,emergency,2025-06-03 08:00:00,2025-06-03 09:00:00,Cardiology,Home,Acute symptom visit,False
E0001070,P00190,outpatient,2025-06-08 08:00:00,2025-06-08 09:00:00,Pulmonary,Home,Acute symptom visit,False
E0001071,P00190,outpatient,2025-07-05 08:00:00,2025-07-05 09:00:00,Cardiology,Home,Acute symptom visit,False
E0001072,P00190,emergency,2025-07-11 08:00:00,2025-07-11 10:00:00,General Surgery,Home,Follow-up,False
E0001073,P00190,inpatient,2025-07-26 08:00:00,2025-07-27 13:00:00,General Medicine,Skilled nursing facility,Sepsis,False
E0001074,P00190,inpatient,2025-10-31 18:00:00,2025-11-02 21:00:00,General Medicine,Home,Sepsis,False
E0001075,P00191,emergency,2024-11-03 08:00:00,2024-11-03 12:00:00,Pulmonary,Home,Acute symptom visit,False
E0001076,P00191,outpatient,2024-11-13 08:00:00,2024-11-13 14:00:00,Endocrinology,Home,Acute symptom visit,False
E0001077,P00191,inpatient,2025-02-17 08:00:00,2025-02-19 12:00:00,Cardiology,Transfer to acute care,Atrial fibrillation,False
E0001078,P00192,outpatient,2025-05-29 08:00:00,2025-05-29 10:00:00,Cardiology,Home,Acute symptom visit,False
E0001079,P00192,outpatient,2025-06-04 08:00:00,2025-06-04 10:00:00,Pulmonary,Home,Medication review,False
E0001080,P00192,emergency,2025-07-13 08:00:00,2025-07-13 16:00:00,Cardiology,Home,Medication review,False
E0001081,P00192,outpatient,2025-08-11 08:00:00,2025-08-11 13:00:00,Cardiology,Home,Follow-up,False
E0001082,P00192,inpatient,2025-10-27 08:00:00,2025-10-29 17:00:00,General Medicine,Home,Electrolyte disorder,False
E0001083,P00192,inpatient,2025-12-21 01:00:00,2025-12-25 08:00:00,Pulmonary,Home,Asthma exacerbation,False
E0001084,P00193,outpatient,2025-01-26 08:00:00,2025-01-26 10:00:00,Pulmonary,Home,Follow-up,False
E0001085,P00193,inpatient,2025-06-08 08:00:00,2025-06-10 18:00:00,Pulmonary,Skilled nursing facility,Pneumonia,False
E0001086,P00194,outpatient,2025-03-01 08:00:00,2025-03-01 14:00:00,Endocrinology,Home,Acute symptom visit,False
E0001087,P00194,emergency,2025-03-16 08:00:00,2025-03-16 13:00:00,Pulmonary,Home,Medication review,False
E0001088,P00194,emergency,2025-05-01 08:00:00,2025-05-01 14:00:00,General Medicine,Home,Follow-up,False
E0001089,P00194,inpatient,2025-08-18 08:00:00,2025-08-21 16:00:00,Cardiology,Home,Heart failure exacerbation,False
E0001090,P00195,outpatient,2025-02-25 08:00:00,2025-02-25 15:00:00,Cardiology,Home,Medication review,False
E0001091,P00195,outpatient,2025-04-29 08:00:00,2025-04-29 10:00:00,Cardiology,Home,Follow-up,False
E0001092,P00195,inpatient,2025-06-12 08:00:00,2025-06-14 15:00:00,General Surgery,Home,Abdominal pain,False
E0001093,P00196,emergency,2024-10-19 08:00:00,2024-10-19 15:00:00,General Medicine,Home,Medication review,False
E0001094,P00196,emergency,2025-01-08 08:00:00,2025-01-08 12:00:00,Pulmonary,Home,Medication review,False
E0001095,P00196,outpatient,2025-01-15 08:00:00,2025-01-15 09:00:00,Cardiology,Home,Medication review,False
E0001096,P00196,outpatient,2025-01-28 08:00:00,2025-01-28 12:00:00,Cardiology,Home,Acute symptom visit,False
E0001097,P00196,outpatient,2025-01-30 08:00:00,2025-01-30 15:00:00,General Medicine,Home,Follow-up,False
E0001098,P00196,inpatient,2025-04-08 08:00:00,2025-04-12 11:00:00,General Medicine,Home,Cellulitis,False
E0001099,P00197,emergency,2024-11-06 08:00:00,2024-11-06 15:00:00,General Surgery,Home,Medication review,False
E0001100,P00197,outpatient,2024-12-08 08:00:00,2024-12-08 10:00:00,General Surgery,Home,Follow-up,False
E0001101,P00197,inpatient,2025-04-18 08:00:00,2025-04-20 14:00:00,Cardiology,Home,Atrial fibrillation,False
E0001102,P00197,inpatient,2025-07-10 15:00:00,2025-07-14 17:00:00,Cardiology,Skilled nursing facility,Atrial fibrillation,False
E0001103,P00197,inpatient,2025-11-22 00:00:00,2025-11-25 08:00:00,Endocrinology,Home,Hyperglycemia,False
E0001104,P00198,outpatient,2025-04-17 08:00:00,2025-04-17 12:00:00,General Surgery,Home,Follow-up,False
E0001105,P00198,outpatient,2025-08-21 08:00:00,2025-08-21 13:00:00,Endocrinology,Home,Follow-up,False
E0001106,P00198,outpatient,2025-08-31 08:00:00,2025-08-31 12:00:00,General Surgery,Home,Follow-up,False
E0001107,P00198,emergency,2025-09-14 08:00:00,2025-09-14 11:00:00,General Surgery,Home,Follow-up,False
E0001108,P00198,emergency,2025-09-14 08:00:00,2025-09-14 15:00:00,Cardiology,Home,Acute symptom visit,False
E0001109,P00199,outpatient,2024-09-11 08:00:00,2024-09-11 11:00:00,Endocrinology,Home,Follow-up,False
E0001110,P00199,outpatient,2024-09-30 08:00:00,2024-09-30 14:00:00,Endocrinology,Home,Follow-up,False
E0001111,P00199,outpatient,2024-10-21 08:00:00,2024-10-21 11:00:00,General Surgery,Home,Follow-up,False
E0001112,P00199,outpatient,2024-10-22 08:00:00,2024-10-22 14:00:00,Cardiology,Home,Medication review,False
E0001113,P00199,outpatient,2025-01-11 08:00:00,2025-01-11 16:00:00,Endocrinology,Home,Acute symptom visit,False
E0001114,P00199,emergency,2025-02-12 08:00:00,2025-02-12 13:00:00,Pulmonary,Home,Acute symptom visit,False
E0001115,P00199,inpatient,2025-03-08 08:00:00,2025-03-10 14:00:00,Cardiology,Home,Heart failure exacerbation,False
E0001116,P00199,inpatient,2025-03-22 00:00:00,2025-03-25 08:00:00,Endocrinology,Skilled nursing facility,Diabetes complication,False
E0001117,P00199,inpatient,2025-08-10 09:00:00,2025-08-12 13:00:00,Cardiology,Home,Heart failure exacerbation,False
E0001118,P00200,outpatient,2024-12-16 08:00:00,2024-12-16 13:00:00,Pulmonary,Home,Follow-up,False
E0001119,P00200,emergency,2025-03-03 08:00:00,2025-03-03 10:00:00,General Surgery,Home,Acute symptom visit,False
E0001120,P00200,outpatient,2025-04-04 08:00:00,2025-04-04 16:00:00,Cardiology,Home,Medication review,False
E0001121,P00200,inpatient,2025-06-03 08:00:00,2025-06-06 11:00:00,General Medicine,Home health,Syncope,False
E0001122,P00200,inpatient,2025-10-08 17:00:00,2025-10-09 22:00:00,General Medicine,Home,Electrolyte disorder,False
E0001123,P00201,outpatient,2024-11-11 08:00:00,2024-11-11 10:00:00,Endocrinology,Home,Acute symptom visit,False
E0001124,P00201,outpatient,2024-12-16 08:00:00,2024-12-16 14:00:00,Cardiology,Home,Follow-up,False
E0001125,P00201,emergency,2025-01-03 08:00:00,2025-01-03 10:00:00,Pulmonary,Home,Acute symptom visit,False
E0001126,P00201,outpatient,2025-02-07 08:00:00,2025-02-07 09:00:00,Pulmonary,Home,Acute symptom visit,False
E0001127,P00201,inpatient,2025-03-24 08:00:00,2025-03-28 15:00:00,General Surgery,Home health,Postoperative wound issue,True
E0001128,P00202,emergency,2024-09-27 08:00:00,2024-09-27 10:00:00,Cardiology,Home,Medication review,False
E0001129,P00202,outpatient,2024-11-20 08:00:00,2024-11-20 12:00:00,General Surgery,Home,Medication review,False
E0001130,P00202,emergency,2024-12-18 08:00:00,2024-12-18 13:00:00,General Medicine,Home,Acute symptom visit,False
E0001131,P00202,inpatient,2025-01-25 08:00:00,2025-01-27 18:00:00,Endocrinology,Home,Hyperglycemia,False
E0001132,P00203,outpatient,2024-10-22 08:00:00,2024-10-22 10:00:00,General Surgery,Home,Follow-up,False
E0001133,P00203,emergency,2024-11-01 08:00:00,2024-11-01 09:00:00,Pulmonary,Home,Follow-up,False
E0001134,P00203,emergency,2024-11-16 08:00:00,2024-11-16 14:00:00,General Surgery,Home,Follow-up,False
E0001135,P00203,emergency,2025-01-13 08:00:00,2025-01-13 13:00:00,General Medicine,Home,Acute symptom visit,False
E0001136,P00203,inpatient,2025-04-29 08:00:00,2025-05-01 10:00:00,Endocrinology,Expired,Diabetes complication,False
E0001137,P00203,inpatient,2025-05-23 14:00:00,2025-05-25 18:00:00,General Medicine,Transfer to acute care,Syncope,False
E0001138,P00204,outpatient,2024-11-13 08:00:00,2024-11-13 14:00:00,Pulmonary,Home,Acute symptom visit,False
E0001139,P00204,outpatient,2025-02-14 08:00:00,2025-02-14 09:00:00,General Medicine,Home,Medication review,False
E0001140,P00204,inpatient,2025-04-06 08:00:00,2025-04-10 12:00:00,Cardiology,Home,Chest pain,False
E0001141,P00204,inpatient,2025-07-03 22:00:00,2025-07-08 05:00:00,Endocrinology,Skilled nursing facility,Diabetes complication,False
E0001142,P00205,emergency,2025-04-25 08:00:00,2025-04-25 11:00:00,Cardiology,Home,Medication review,False
E0001143,P00205,outpatient,2025-05-04 08:00:00,2025-05-04 09:00:00,General Surgery,Home,Medication review,False
E0001144,P00205,emergency,2025-05-24 08:00:00,2025-05-24 10:00:00,Pulmonary,Home,Acute symptom visit,False
E0001145,P00205,outpatient,2025-07-10 08:00:00,2025-07-10 14:00:00,Endocrinology,Home,Acute symptom visit,False
E0001146,P00205,emergency,2025-07-17 08:00:00,2025-07-17 12:00:00,Cardiology,Home,Follow-up,False
E0001147,P00205,inpatient,2025-10-11 08:00:00,2025-10-13 14:00:00,General Surgery,Skilled nursing facility,Biliary disease,False
E0001148,P00205,inpatient,2025-12-08 22:00:00,2025-12-13 00:00:00,General Medicine,Home,Cellulitis,False
E0001149,P00206,outpatient,2024-07-25 08:00:00,2024-07-25 11:00:00,General Surgery,Home,Acute symptom visit,False
E0001150,P00206,outpatient,2024-10-12 08:00:00,2024-10-12 10:00:00,Pulmonary,Home,Medication review,False
E0001151,P00206,outpatient,2024-10-18 08:00:00,2024-10-18 14:00:00,General Medicine,Home,Medication review,False
E0001152,P00206,outpatient,2024-11-25 08:00:00,2024-11-25 16:00:00,Endocrinology,Home,Acute symptom visit,False
E0001153,P00206,inpatient,2025-02-21 08:00:00,2025-02-24 17:00:00,General Surgery,Home,Biliary disease,False
E0001154,P00206,inpatient,2025-04-13 04:00:00,2025-04-14 10:00:00,Endocrinology,Skilled nursing facility,Diabetes complication,False
E0001155,P00207,outpatient,2025-05-28 08:00:00,2025-05-28 13:00:00,Endocrinology,Home,Medication review,False
E0001156,P00207,emergency,2025-10-04 08:00:00,2025-10-04 14:00:00,General Medicine,Home,Follow-up,False
E0001157,P00207,inpatient,2025-11-26 08:00:00,2025-11-29 15:00:00,Endocrinology,Home,Diabetes complication,False
E0001158,P00208,emergency,2025-02-17 08:00:00,2025-02-17 16:00:00,Cardiology,Home,Follow-up,False
E0001159,P00208,outpatient,2025-04-12 08:00:00,2025-04-12 10:00:00,Endocrinology,Home,Follow-up,False
E0001160,P00208,inpatient,2025-06-07 08:00:00,2025-06-09 10:00:00,General Medicine,Skilled nursing facility,Sepsis,False
E0001161,P00208,inpatient,2025-10-18 18:00:00,2025-10-19 21:00:00,Cardiology,Skilled nursing facility,Heart failure exacerbation,False
E0001162,P00208,inpatient,2026-01-17 21:00:00,2026-01-19 02:00:00,General Surgery,Home,Biliary disease,True
E0001163,P00209,outpatient,2024-11-14 08:00:00,2024-11-14 12:00:00,General Surgery,Home,Acute symptom visit,False
E0001164,P00209,outpatient,2025-03-08 08:00:00,2025-03-08 11:00:00,Pulmonary,Home,Follow-up,False
E0001165,P00209,outpatient,2025-03-12 08:00:00,2025-03-12 09:00:00,General Surgery,Home,Follow-up,False
E0001166,P00209,inpatient,2025-04-25 08:00:00,2025-04-27 15:00:00,Endocrinology,Skilled nursing facility,Hypoglycemia,False
E0001167,P00209,inpatient,2025-08-26 20:00:00,2025-08-30 22:00:00,Cardiology,Home health,Atrial fibrillation,False
E0001168,P00210,outpatient,2025-03-25 08:00:00,2025-03-25 11:00:00,Pulmonary,Home,Follow-up,False
E0001169,P00210,outpatient,2025-05-20 08:00:00,2025-05-20 14:00:00,Pulmonary,Home,Medication review,False
E0001170,P00210,outpatient,2025-07-17 08:00:00,2025-07-17 12:00:00,General Medicine,Home,Acute symptom visit,False
E0001171,P00210,outpatient,2025-08-03 08:00:00,2025-08-03 14:00:00,Pulmonary,Home,Medication review,False
E0001172,P00210,outpatient,2025-08-18 08:00:00,2025-08-18 12:00:00,Cardiology,Home,Follow-up,False
E0001173,P00211,outpatient,2024-12-27 08:00:00,2024-12-27 12:00:00,Pulmonary,Home,Follow-up,False
E0001174,P00211,outpatient,2025-02-27 08:00:00,2025-02-27 09:00:00,Endocrinology,Home,Follow-up,False
E0001175,P00211,inpatient,2025-05-29 08:00:00,2025-06-02 12:00:00,Cardiology,Skilled nursing facility,Heart failure exacerbation,False
E0001176,P00212,outpatient,2025-02-09 08:00:00,2025-02-09 15:00:00,Endocrinology,Home,Acute symptom visit,False
E0001177,P00212,outpatient,2025-03-29 08:00:00,2025-03-29 16:00:00,Endocrinology,Home,Acute symptom visit,False
E0001178,P00212,outpatient,2025-04-28 08:00:00,2025-04-28 13:00:00,Cardiology,Home,Medication review,False
E0001179,P00212,emergency,2025-05-22 08:00:00,2025-05-22 09:00:00,General Surgery,Home,Acute symptom visit,False
E0001180,P00212,outpatient,2025-06-04 08:00:00,2025-06-04 13:00:00,Pulmonary,Home,Acute symptom visit,False
E0001181,P00212,emergency,2025-06-23 08:00:00,2025-06-23 14:00:00,Pulmonary,Home,Medication review,False
E0001182,P00212,emergency,2025-06-25 08:00:00,2025-06-25 15:00:00,Pulmonary,Home,Medication review,False
E0001183,P00212,emergency,2025-07-03 08:00:00,2025-07-03 15:00:00,Pulmonary,Home,Follow-up,False
E0001184,P00212,inpatient,2025-09-01 08:00:00,2025-09-06 18:00:00,Cardiology,Home,Heart failure exacerbation,False
E0001185,P00213,outpatient,2024-12-12 08:00:00,2024-12-12 14:00:00,Endocrinology,Home,Follow-up,False
E0001186,P00213,outpatient,2025-01-01 08:00:00,2025-01-01 13:00:00,Pulmonary,Home,Medication review,False
E0001187,P00213,outpatient,2025-03-08 08:00:00,2025-03-08 16:00:00,General Medicine,Home,Acute symptom visit,False
E0001188,P00214,outpatient,2025-01-30 08:00:00,2025-01-30 12:00:00,Endocrinology,Home,Medication review,False
E0001189,P00214,outpatient,2025-03-21 08:00:00,2025-03-21 11:00:00,Cardiology,Home,Follow-up,False
E0001190,P00214,emergency,2025-06-12 08:00:00,2025-06-12 12:00:00,Cardiology,Home,Acute symptom visit,False
E0001191,P00214,inpatient,2025-07-10 08:00:00,2025-07-14 16:00:00,General Surgery,Home,Biliary disease,True
E0001192,P00215,outpatient,2024-10-15 08:00:00,2024-10-15 09:00:00,General Surgery,Home,Follow-up,False
E0001193,P00215,outpatient,2024-10-27 08:00:00,2024-10-27 11:00:00,Cardiology,Home,Follow-up,False
E0001194,P00215,outpatient,2024-11-17 08:00:00,2024-11-17 10:00:00,General Surgery,Home,Medication review,False
E0001195,P00215,outpatient,2024-11-25 08:00:00,2024-11-25 15:00:00,General Surgery,Home,Follow-up,False
E0001196,P00215,outpatient,2024-12-28 08:00:00,2024-12-28 13:00:00,Cardiology,Home,Acute symptom visit,False
E0001197,P00215,emergency,2025-01-03 08:00:00,2025-01-03 14:00:00,Endocrinology,Home,Medication review,False
E0001198,P00215,inpatient,2025-02-06 08:00:00,2025-02-09 10:00:00,General Medicine,Skilled nursing facility,Electrolyte disorder,False
E0001199,P00215,inpatient,2025-07-05 12:00:00,2025-07-08 20:00:00,General Medicine,Skilled nursing facility,Syncope,False
E0001200,P00216,outpatient,2024-09-13 08:00:00,2024-09-13 16:00:00,General Surgery,Home,Follow-up,False
E0001201,P00216,emergency,2024-10-30 08:00:00,2024-10-30 14:00:00,Endocrinology,Home,Medication review,False
E0001202,P00216,outpatient,2024-12-12 08:00:00,2024-12-12 14:00:00,Endocrinology,Home,Acute symptom visit,False
E0001203,P00216,emergency,2024-12-29 08:00:00,2024-12-29 16:00:00,Cardiology,Home,Acute symptom visit,False
E0001204,P00216,outpatient,2025-01-04 08:00:00,2025-01-04 10:00:00,Cardiology,Home,Follow-up,False
E0001205,P00216,inpatient,2025-03-03 08:00:00,2025-03-06 14:00:00,General Surgery,Home,Abdominal pain,False
E0001206,P00217,outpatient,2024-11-21 08:00:00,2024-11-21 16:00:00,General Surgery,Home,Medication review,False
E0001207,P00217,outpatient,2024-11-29 08:00:00,2024-11-29 12:00:00,General Medicine,Home,Acute symptom visit,False
E0001208,P00217,outpatient,2024-12-27 08:00:00,2024-12-27 15:00:00,General Surgery,Home,Acute symptom visit,False
E0001209,P00217,emergency,2025-02-04 08:00:00,2025-02-04 10:00:00,General Medicine,Home,Acute symptom visit,False
E0001210,P00217,outpatient,2025-03-04 08:00:00,2025-03-04 12:00:00,Endocrinology,Home,Follow-up,False
E0001211,P00217,inpatient,2025-04-29 08:00:00,2025-05-04 17:00:00,General Surgery,Home,Postoperative wound issue,False
E0001212,P00218,outpatient,2024-10-28 08:00:00,2024-10-28 15:00:00,Endocrinology,Home,Follow-up,False
E0001213,P00218,outpatient,2024-11-27 08:00:00,2024-11-27 14:00:00,Cardiology,Home,Medication review,False
E0001214,P00218,outpatient,2025-01-10 08:00:00,2025-01-10 10:00:00,Cardiology,Home,Medication review,False
E0001215,P00218,outpatient,2025-01-19 08:00:00,2025-01-19 10:00:00,Endocrinology,Home,Follow-up,False
E0001216,P00218,emergency,2025-02-14 08:00:00,2025-02-14 13:00:00,General Medicine,Home,Medication review,False
E0001217,P00218,outpatient,2025-03-11 08:00:00,2025-03-11 12:00:00,General Medicine,Home,Follow-up,False
E0001218,P00218,emergency,2025-03-16 08:00:00,2025-03-16 12:00:00,Pulmonary,Home,Medication review,False
E0001219,P00218,inpatient,2025-05-02 08:00:00,2025-05-05 13:00:00,General Surgery,Home health,Postoperative wound issue,False
E0001220,P00219,emergency,2025-01-30 08:00:00,2025-01-30 15:00:00,Endocrinology,Home,Medication review,False
E0001221,P00219,outpatient,2025-02-12 08:00:00,2025-02-12 16:00:00,General Medicine,Home,Acute symptom visit,False
E0001222,P00219,outpatient,2025-04-13 08:00:00,2025-04-13 09:00:00,Cardiology,Home,Medication review,False
E0001223,P00219,outpatient,2025-04-25 08:00:00,2025-04-25 15:00:00,General Medicine,Home,Follow-up,False
E0001224,P00219,outpatient,2025-05-18 08:00:00,2025-05-18 10:00:00,Pulmonary,Home,Follow-up,False
E0001225,P00219,outpatient,2025-06-20 08:00:00,2025-06-20 15:00:00,Cardiology,Home,Medication review,False
E0001226,P00219,inpatient,2025-07-13 08:00:00,2025-07-14 12:00:00,Cardiology,Skilled nursing facility,Heart failure exacerbation,False
E0001227,P00219,inpatient,2025-10-08 17:00:00,2025-10-14 03:00:00,Pulmonary,Expired,COPD exacerbation,False
E0001228,P00219,inpatient,2025-12-02 06:00:00,2025-12-04 16:00:00,Cardiology,Home,Atrial fibrillation,False
E0001229,P00220,outpatient,2024-11-02 08:00:00,2024-11-02 12:00:00,Pulmonary,Home,Medication review,False
E0001230,P00220,outpatient,2024-11-10 08:00:00,2024-11-10 16:00:00,Pulmonary,Home,Acute symptom visit,False
E0001231,P00220,outpatient,2024-12-10 08:00:00,2024-12-10 12:00:00,Endocrinology,Home,Follow-up,False
E0001232,P00220,outpatient,2024-12-30 08:00:00,2024-12-30 15:00:00,Cardiology,Home,Acute symptom visit,False
E0001233,P00220,inpatient,2025-02-20 08:00:00,2025-02-25 17:00:00,General Medicine,Home,Cellulitis,False
E0001234,P00221,emergency,2024-11-06 08:00:00,2024-11-06 12:00:00,General Surgery,Home,Follow-up,False
E0001235,P00221,outpatient,2024-12-26 08:00:00,2024-12-26 13:00:00,Pulmonary,Home,Medication review,False
E0001236,P00221,inpatient,2025-05-03 08:00:00,2025-05-08 12:00:00,Pulmonary,Skilled nursing facility,COPD exacerbation,False
E0001237,P00222,outpatient,2024-09-02 08:00:00,2024-09-02 10:00:00,General Surgery,Home,Follow-up,False
E0001238,P00222,emergency,2024-12-02 08:00:00,2024-12-02 11:00:00,Cardiology,Home,Medication review,False
E0001239,P00222,emergency,2025-01-04 08:00:00,2025-01-04 16:00:00,General Medicine,Home,Medication review,False
E0001240,P00222,outpatient,2025-01-21 08:00:00,2025-01-21 11:00:00,General Surgery,Home,Acute symptom visit,False
E0001241,P00222,inpatient,2025-03-17 08:00:00,2025-03-20 14:00:00,Cardiology,Skilled nursing facility,Chest pain,False
E0001242,P00222,inpatient,2025-05-15 23:00:00,2025-05-17 09:00:00,General Medicine,Home,Syncope,False
E0001243,P00223,outpatient,2025-03-17 08:00:00,2025-03-17 16:00:00,Endocrinology,Home,Follow-up,False
E0001244,P00223,outpatient,2025-04-17 08:00:00,2025-04-17 09:00:00,Endocrinology,Home,Follow-up,False
E0001245,P00223,emergency,2025-06-26 08:00:00,2025-06-26 14:00:00,Pulmonary,Home,Medication review,False
E0001246,P00223,outpatient,2025-07-02 08:00:00,2025-07-02 16:00:00,General Medicine,Home,Medication review,False
E0001247,P00223,emergency,2025-07-03 08:00:00,2025-07-03 16:00:00,Endocrinology,Home,Follow-up,False
E0001248,P00223,emergency,2025-07-10 08:00:00,2025-07-10 10:00:00,Endocrinology,Home,Acute symptom visit,False
E0001249,P00223,emergency,2025-08-05 08:00:00,2025-08-05 16:00:00,Cardiology,Home,Follow-up,False
E0001250,P00223,inpatient,2025-09-27 08:00:00,2025-09-28 18:00:00,Cardiology,Transfer to acute care,Atrial fibrillation,False
E0001251,P00224,outpatient,2025-04-16 08:00:00,2025-04-16 13:00:00,Cardiology,Home,Follow-up,False
E0001252,P00224,emergency,2025-04-23 08:00:00,2025-04-23 09:00:00,General Surgery,Home,Acute symptom visit,False
E0001253,P00224,emergency,2025-05-06 08:00:00,2025-05-06 12:00:00,Cardiology,Home,Medication review,False
E0001254,P00224,outpatient,2025-06-26 08:00:00,2025-06-26 13:00:00,Endocrinology,Home,Acute symptom visit,False
E0001255,P00224,inpatient,2025-09-10 08:00:00,2025-09-14 11:00:00,Cardiology,Home,Heart failure exacerbation,False
E0001256,P00224,inpatient,2026-02-11 12:00:00,2026-02-14 15:00:00,General Medicine,Home,Cellulitis,False
E0001257,P00225,outpatient,2024-09-08 08:00:00,2024-09-08 12:00:00,Cardiology,Home,Acute symptom visit,False
E0001258,P00225,outpatient,2024-11-26 08:00:00,2024-11-26 16:00:00,Pulmonary,Home,Follow-up,False
E0001259,P00225,outpatient,2025-01-16 08:00:00,2025-01-16 09:00:00,General Surgery,Home,Acute symptom visit,False
E0001260,P00225,inpatient,2025-02-21 08:00:00,2025-02-23 17:00:00,Pulmonary,Skilled nursing facility,Asthma exacerbation,False
E0001261,P00226,outpatient,2025-03-07 08:00:00,2025-03-07 09:00:00,General Medicine,Home,Medication review,False
E0001262,P00226,emergency,2025-04-15 08:00:00,2025-04-15 15:00:00,Cardiology,Home,Acute symptom visit,False
E0001263,P00226,emergency,2025-05-31 08:00:00,2025-05-31 14:00:00,Pulmonary,Home,Medication review,False
E0001264,P00226,emergency,2025-07-19 08:00:00,2025-07-19 15:00:00,General Medicine,Home,Medication review,False
E0001265,P00226,outpatient,2025-08-01 08:00:00,2025-08-01 09:00:00,Cardiology,Home,Follow-up,False
E0001266,P00226,inpatient,2025-10-17 08:00:00,2025-10-18 12:00:00,Pulmonary,Home,COPD exacerbation,False
E0001267,P00226,inpatient,2025-11-02 15:00:00,2025-11-03 23:00:00,Endocrinology,Home,Diabetes complication,False
E0001268,P00226,inpatient,2026-01-11 09:00:00,2026-01-13 12:00:00,General Medicine,Home,Cellulitis,False
E0001269,P00227,outpatient,2024-09-22 08:00:00,2024-09-22 09:00:00,General Surgery,Home,Follow-up,False
E0001270,P00227,outpatient,2025-01-03 08:00:00,2025-01-03 12:00:00,Cardiology,Home,Acute symptom visit,False
E0001271,P00227,outpatient,2025-01-09 08:00:00,2025-01-09 16:00:00,Pulmonary,Home,Follow-up,False
E0001272,P00227,inpatient,2025-03-14 08:00:00,2025-03-17 16:00:00,Pulmonary,Home,Asthma exacerbation,False
E0001273,P00228,outpatient,2024-12-14 08:00:00,2024-12-14 14:00:00,General Surgery,Home,Medication review,False
E0001274,P00228,outpatient,2025-01-16 08:00:00,2025-01-16 13:00:00,Cardiology,Home,Medication review,False
E0001275,P00228,emergency,2025-02-19 08:00:00,2025-02-19 13:00:00,General Medicine,Home,Acute symptom visit,False
E0001276,P00228,outpatient,2025-04-22 08:00:00,2025-04-22 12:00:00,Pulmonary,Home,Medication review,False
E0001277,P00228,inpatient,2025-06-20 08:00:00,2025-06-22 14:00:00,General Surgery,Skilled nursing facility,Abdominal pain,True
E0001278,P00228,inpatient,2025-07-17 22:00:00,2025-07-21 04:00:00,General Surgery,Home health,Biliary disease,False
E0001279,P00229,outpatient,2024-12-15 08:00:00,2024-12-15 10:00:00,Pulmonary,Home,Follow-up,False
E0001280,P00229,outpatient,2024-12-20 08:00:00,2024-12-20 10:00:00,General Medicine,Home,Follow-up,False
E0001281,P00229,inpatient,2025-03-01 08:00:00,2025-03-02 10:00:00,General Medicine,Skilled nursing facility,Syncope,False
E0001282,P00229,inpatient,2025-04-20 21:00:00,2025-04-24 03:00:00,General Surgery,Home health,Biliary disease,False
E0001283,P00230,emergency,2025-03-20 08:00:00,2025-03-20 16:00:00,General Surgery,Home,Medication review,False
E0001284,P00230,outpatient,2025-03-24 08:00:00,2025-03-24 09:00:00,General Surgery,Home,Follow-up,False
E0001285,P00230,outpatient,2025-05-04 08:00:00,2025-05-04 12:00:00,Pulmonary,Home,Acute symptom visit,False
E0001286,P00230,inpatient,2025-08-07 08:00:00,2025-08-12 13:00:00,General Medicine,Skilled nursing facility,Sepsis,False
E0001287,P00230,inpatient,2025-08-18 23:00:00,2025-08-20 06:00:00,Cardiology,Home health,Chest pain,False
E0001288,P00231,outpatient,2024-11-22 08:00:00,2024-11-22 16:00:00,Pulmonary,Home,Follow-up,False
E0001289,P00231,outpatient,2024-11-29 08:00:00,2024-11-29 13:00:00,Endocrinology,Home,Acute symptom visit,False
E0001290,P00231,outpatient,2025-02-14 08:00:00,2025-02-14 13:00:00,General Surgery,Home,Acute symptom visit,False
E0001291,P00232,outpatient,2024-09-23 08:00:00,2024-09-23 13:00:00,General Medicine,Home,Acute symptom visit,False
E0001292,P00232,emergency,2024-11-13 08:00:00,2024-11-13 12:00:00,General Medicine,Home,Acute symptom visit,False
E0001293,P00232,outpatient,2025-01-08 08:00:00,2025-01-08 10:00:00,Pulmonary,Home,Acute symptom visit,False
E0001294,P00233,outpatient,2024-10-13 08:00:00,2024-10-13 15:00:00,General Medicine,Home,Follow-up,False
E0001295,P00233,emergency,2025-01-30 08:00:00,2025-01-30 13:00:00,General Surgery,Home,Medication review,False
E0001296,P00234,outpatient,2025-07-09 08:00:00,2025-07-09 10:00:00,Cardiology,Home,Acute symptom visit,False
E0001297,P00234,emergency,2025-08-13 08:00:00,2025-08-13 14:00:00,Endocrinology,Home,Acute symptom visit,False
E0001298,P00234,outpatient,2025-08-19 08:00:00,2025-08-19 15:00:00,Pulmonary,Home,Follow-up,False
E0001299,P00234,outpatient,2025-08-20 08:00:00,2025-08-20 12:00:00,Pulmonary,Home,Follow-up,False
E0001300,P00234,inpatient,2025-09-22 08:00:00,2025-09-24 18:00:00,Pulmonary,Home,Asthma exacerbation,False
E0001301,P00235,outpatient,2025-01-07 08:00:00,2025-01-07 09:00:00,Endocrinology,Home,Follow-up,False
E0001302,P00235,inpatient,2025-02-04 08:00:00,2025-02-07 10:00:00,General Medicine,Home,Syncope,False
E0001303,P00236,outpatient,2025-01-10 08:00:00,2025-01-10 12:00:00,General Medicine,Home,Follow-up,False
E0001304,P00236,inpatient,2025-08-16 08:00:00,2025-08-19 11:00:00,Pulmonary,Skilled nursing facility,COPD exacerbation,False
E0001305,P00236,inpatient,2025-11-10 19:00:00,2025-11-12 22:00:00,General Medicine,Home health,Cellulitis,False
E0001306,P00237,outpatient,2025-04-18 08:00:00,2025-04-18 16:00:00,General Medicine,Home,Medication review,False
E0001307,P00237,emergency,2025-05-15 08:00:00,2025-05-15 15:00:00,General Medicine,Home,Follow-up,False
E0001308,P00237,outpatient,2025-05-18 08:00:00,2025-05-18 15:00:00,General Medicine,Home,Medication review,False
E0001309,P00237,outpatient,2025-05-24 08:00:00,2025-05-24 13:00:00,Cardiology,Home,Follow-up,False
E0001310,P00237,outpatient,2025-05-28 08:00:00,2025-05-28 10:00:00,Endocrinology,Home,Follow-up,False
E0001311,P00237,outpatient,2025-09-26 08:00:00,2025-09-26 09:00:00,General Surgery,Home,Follow-up,False
E0001312,P00237,inpatient,2025-11-24 08:00:00,2025-11-25 17:00:00,Cardiology,Home health,Atrial fibrillation,False
E0001313,P00238,outpatient,2024-12-19 08:00:00,2024-12-19 16:00:00,Cardiology,Home,Acute symptom visit,False
E0001314,P00238,emergency,2025-03-08 08:00:00,2025-03-08 12:00:00,General Surgery,Home,Acute symptom visit,False
E0001315,P00238,outpatient,2025-04-04 08:00:00,2025-04-04 12:00:00,Pulmonary,Home,Medication review,False
E0001316,P00238,outpatient,2025-04-15 08:00:00,2025-04-15 13:00:00,Cardiology,Home,Medication review,False
E0001317,P00238,inpatient,2025-07-07 08:00:00,2025-07-09 12:00:00,Pulmonary,Expired,Pneumonia,False
E0001318,P00238,inpatient,2025-11-12 21:00:00,2025-11-15 23:00:00,Cardiology,Home,Atrial fibrillation,False
E0001319,P00239,outpatient,2025-03-07 08:00:00,2025-03-07 11:00:00,General Medicine,Home,Acute symptom visit,False
E0001320,P00239,outpatient,2025-03-08 08:00:00,2025-03-08 10:00:00,Pulmonary,Home,Follow-up,False
E0001321,P00239,outpatient,2025-03-30 08:00:00,2025-03-30 12:00:00,Pulmonary,Home,Follow-up,False
E0001322,P00239,emergency,2025-04-08 08:00:00,2025-04-08 10:00:00,General Medicine,Home,Acute symptom visit,False
E0001323,P00239,emergency,2025-05-13 08:00:00,2025-05-13 13:00:00,Endocrinology,Home,Acute symptom visit,False
E0001324,P00239,outpatient,2025-06-18 08:00:00,2025-06-18 13:00:00,General Surgery,Home,Follow-up,False
E0001325,P00239,emergency,2025-07-04 08:00:00,2025-07-04 12:00:00,Endocrinology,Home,Medication review,False
E0001326,P00239,outpatient,2025-08-03 08:00:00,2025-08-03 15:00:00,General Medicine,Home,Acute symptom visit,False
E0001327,P00239,inpatient,2025-09-20 08:00:00,2025-09-23 13:00:00,General Medicine,Home health,Sepsis,False
E0001328,P00240,outpatient,2025-01-04 08:00:00,2025-01-04 16:00:00,General Surgery,Home,Medication review,False
E0001329,P00240,outpatient,2025-01-22 08:00:00,2025-01-22 11:00:00,Cardiology,Home,Acute symptom visit,False
E0001330,P00240,outpatient,2025-04-12 08:00:00,2025-04-12 12:00:00,General Medicine,Home,Medication review,False
E0001331,P00240,outpatient,2025-04-27 08:00:00,2025-04-27 15:00:00,General Surgery,Home,Acute symptom visit,False
E0001332,P00241,outpatient,2025-09-22 08:00:00,2025-09-22 13:00:00,Pulmonary,Home,Follow-up,False
E0001333,P00241,outpatient,2025-09-30 08:00:00,2025-09-30 16:00:00,Cardiology,Home,Follow-up,False
E0001334,P00241,outpatient,2025-10-08 08:00:00,2025-10-08 16:00:00,Pulmonary,Home,Follow-up,False
E0001335,P00241,inpatient,2025-10-31 08:00:00,2025-11-04 15:00:00,General Medicine,Home,Electrolyte disorder,False
E0001336,P00241,inpatient,2026-03-13 15:00:00,2026-03-15 00:00:00,Cardiology,Home,Heart failure exacerbation,False
E0001337,P00242,outpatient,2024-08-09 08:00:00,2024-08-09 11:00:00,Pulmonary,Home,Follow-up,False
E0001338,P00242,outpatient,2024-08-16 08:00:00,2024-08-16 11:00:00,Pulmonary,Home,Medication review,False
E0001339,P00242,emergency,2024-09-03 08:00:00,2024-09-03 10:00:00,Endocrinology,Home,Follow-up,False
E0001340,P00242,outpatient,2024-12-01 08:00:00,2024-12-01 10:00:00,General Medicine,Home,Medication review,False
E0001341,P00243,outpatient,2025-03-31 08:00:00,2025-03-31 15:00:00,General Medicine,Home,Follow-up,False
E0001342,P00243,outpatient,2025-06-28 08:00:00,2025-06-28 13:00:00,General Medicine,Home,Medication review,False
E0001343,P00243,emergency,2025-07-17 08:00:00,2025-07-17 09:00:00,Endocrinology,Home,Medication review,False
E0001344,P00244,outpatient,2025-04-06 08:00:00,2025-04-06 12:00:00,General Surgery,Home,Medication review,False
E0001345,P00244,emergency,2025-06-25 08:00:00,2025-06-25 15:00:00,General Medicine,Home,Follow-up,False
E0001346,P00244,emergency,2025-07-15 08:00:00,2025-07-15 09:00:00,Pulmonary,Home,Medication review,False
E0001347,P00244,inpatient,2025-08-28 08:00:00,2025-08-31 13:00:00,Cardiology,Home,Atrial fibrillation,False
E0001348,P00245,outpatient,2024-11-26 08:00:00,2024-11-26 11:00:00,Pulmonary,Home,Acute symptom visit,False
E0001349,P00245,emergency,2024-12-25 08:00:00,2024-12-25 09:00:00,General Surgery,Home,Follow-up,False
E0001350,P00245,emergency,2025-01-05 08:00:00,2025-01-05 09:00:00,General Medicine,Home,Acute symptom visit,False
E0001351,P00245,inpatient,2025-03-15 08:00:00,2025-03-18 15:00:00,General Medicine,Home,Cellulitis,False
E0001352,P00246,outpatient,2024-09-30 08:00:00,2024-09-30 13:00:00,Cardiology,Home,Medication review,False
E0001353,P00246,outpatient,2024-11-04 08:00:00,2024-11-04 10:00:00,Cardiology,Home,Acute symptom visit,False
E0001354,P00246,outpatient,2024-12-24 08:00:00,2024-12-24 14:00:00,Endocrinology,Home,Follow-up,False
E0001355,P00246,inpatient,2025-02-01 08:00:00,2025-02-02 13:00:00,Endocrinology,Skilled nursing facility,Hyperglycemia,False
E0001356,P00246,inpatient,2025-06-30 22:00:00,2025-07-07 07:00:00,General Medicine,Skilled nursing facility,Electrolyte disorder,False
E0001357,P00247,outpatient,2025-06-28 08:00:00,2025-06-28 14:00:00,General Surgery,Home,Follow-up,False
E0001358,P00247,emergency,2025-09-21 08:00:00,2025-09-21 15:00:00,Endocrinology,Home,Follow-up,False
E0001359,P00247,inpatient,2025-10-19 08:00:00,2025-10-22 14:00:00,Endocrinology,Home,Hypoglycemia,False
E0001360,P00247,inpatient,2026-02-02 23:00:00,2026-02-06 08:00:00,Cardiology,Home,Chest pain,False
E0001361,P00248,outpatient,2025-04-04 08:00:00,2025-04-04 10:00:00,Endocrinology,Home,Medication review,False
E0001362,P00248,outpatient,2025-04-20 08:00:00,2025-04-20 16:00:00,General Medicine,Home,Follow-up,False
E0001363,P00248,outpatient,2025-05-30 08:00:00,2025-05-30 12:00:00,Endocrinology,Home,Medication review,False
E0001364,P00248,outpatient,2025-07-18 08:00:00,2025-07-18 09:00:00,General Medicine,Home,Medication review,False
E0001365,P00248,outpatient,2025-07-25 08:00:00,2025-07-25 09:00:00,Pulmonary,Home,Medication review,False
E0001366,P00249,outpatient,2025-02-16 08:00:00,2025-02-16 14:00:00,General Surgery,Home,Acute symptom visit,False
E0001367,P00249,emergency,2025-03-09 08:00:00,2025-03-09 09:00:00,Pulmonary,Home,Follow-up,False
E0001368,P00250,outpatient,2024-08-29 08:00:00,2024-08-29 11:00:00,Cardiology,Home,Medication review,False
E0001369,P00250,outpatient,2024-10-09 08:00:00,2024-10-09 12:00:00,General Surgery,Home,Follow-up,False
E0001370,P00250,emergency,2024-10-10 08:00:00,2024-10-10 09:00:00,Cardiology,Home,Medication review,False
E0001371,P00250,emergency,2024-10-28 08:00:00,2024-10-28 11:00:00,General Surgery,Home,Medication review,False
E0001372,P00250,outpatient,2024-11-20 08:00:00,2024-11-20 11:00:00,Pulmonary,Home,Medication review,False
E0001373,P00250,outpatient,2025-01-07 08:00:00,2025-01-07 11:00:00,Endocrinology,Home,Medication review,False
E0001374,P00250,outpatient,2025-02-07 08:00:00,2025-02-07 15:00:00,Pulmonary,Home,Follow-up,False
E0001375,P00250,inpatient,2025-03-13 08:00:00,2025-03-15 13:00:00,Pulmonary,Home health,Pneumonia,False
E0001376,P00251,outpatient,2025-01-17 08:00:00,2025-01-17 16:00:00,Cardiology,Home,Follow-up,False
E0001377,P00251,outpatient,2025-04-20 08:00:00,2025-04-20 09:00:00,Endocrinology,Home,Medication review,False
E0001378,P00251,outpatient,2025-04-25 08:00:00,2025-04-25 16:00:00,Cardiology,Home,Follow-up,False
E0001379,P00251,outpatient,2025-05-14 08:00:00,2025-05-14 12:00:00,General Surgery,Home,Follow-up,False
E0001380,P00251,outpatient,2025-05-17 08:00:00,2025-05-17 13:00:00,General Medicine,Home,Follow-up,False
E0001381,P00251,inpatient,2025-06-30 08:00:00,2025-07-01 17:00:00,General Medicine,Transfer to acute care,Syncope,False
E0001382,P00251,inpatient,2025-09-03 22:00:00,2025-09-08 00:00:00,General Medicine,Skilled nursing facility,Sepsis,False
E0001383,P00252,outpatient,2025-04-11 08:00:00,2025-04-11 09:00:00,General Surgery,Home,Medication review,False
E0001384,P00252,emergency,2025-06-01 08:00:00,2025-06-01 11:00:00,Endocrinology,Home,Acute symptom visit,False
E0001385,P00252,outpatient,2025-06-05 08:00:00,2025-06-05 14:00:00,Endocrinology,Home,Follow-up,False
E0001386,P00252,emergency,2025-06-24 08:00:00,2025-06-24 11:00:00,Cardiology,Home,Medication review,False
E0001387,P00253,outpatient,2024-11-18 08:00:00,2024-11-18 12:00:00,Cardiology,Home,Follow-up,False
E0001388,P00253,outpatient,2024-12-08 08:00:00,2024-12-08 15:00:00,Cardiology,Home,Follow-up,False
E0001389,P00253,emergency,2025-01-07 08:00:00,2025-01-07 13:00:00,Pulmonary,Home,Follow-up,False
E0001390,P00253,emergency,2025-02-20 08:00:00,2025-02-20 09:00:00,Endocrinology,Home,Follow-up,False
E0001391,P00254,outpatient,2025-05-06 08:00:00,2025-05-06 12:00:00,Pulmonary,Home,Medication review,False
E0001392,P00254,outpatient,2025-09-04 08:00:00,2025-09-04 16:00:00,General Surgery,Home,Follow-up,False
E0001393,P00254,outpatient,2025-09-05 08:00:00,2025-09-05 16:00:00,General Surgery,Home,Follow-up,False
E0001394,P00254,outpatient,2025-09-05 08:00:00,2025-09-05 10:00:00,General Surgery,Home,Medication review,False
E0001395,P00254,inpatient,2025-10-14 08:00:00,2025-10-19 13:00:00,General Medicine,Skilled nursing facility,Electrolyte disorder,False
E0001396,P00255,outpatient,2024-10-09 08:00:00,2024-10-09 16:00:00,General Surgery,Home,Follow-up,False
E0001397,P00255,outpatient,2024-10-11 08:00:00,2024-10-11 15:00:00,Cardiology,Home,Medication review,False
E0001398,P00255,emergency,2024-11-10 08:00:00,2024-11-10 14:00:00,Endocrinology,Home,Medication review,False
E0001399,P00255,outpatient,2024-11-27 08:00:00,2024-11-27 14:00:00,General Medicine,Home,Acute symptom visit,False
E0001400,P00255,outpatient,2025-01-13 08:00:00,2025-01-13 10:00:00,Endocrinology,Home,Follow-up,False
E0001401,P00255,emergency,2025-01-17 08:00:00,2025-01-17 14:00:00,General Medicine,Home,Follow-up,False
E0001402,P00255,outpatient,2025-01-31 08:00:00,2025-01-31 10:00:00,Cardiology,Home,Follow-up,False
E0001403,P00255,inpatient,2025-04-17 08:00:00,2025-04-19 14:00:00,General Medicine,Skilled nursing facility,Electrolyte disorder,False
E0001404,P00256,outpatient,2025-03-04 08:00:00,2025-03-04 09:00:00,General Medicine,Home,Acute symptom visit,False
E0001405,P00256,emergency,2025-03-18 08:00:00,2025-03-18 15:00:00,General Medicine,Home,Acute symptom visit,False
E0001406,P00256,emergency,2025-05-18 08:00:00,2025-05-18 11:00:00,Cardiology,Home,Follow-up,False
E0001407,P00256,inpatient,2025-06-21 08:00:00,2025-06-24 12:00:00,Endocrinology,Home,Hypoglycemia,False
E0001408,P00257,emergency,2024-12-30 08:00:00,2024-12-30 13:00:00,Endocrinology,Home,Medication review,False
E0001409,P00257,outpatient,2025-01-19 08:00:00,2025-01-19 15:00:00,Endocrinology,Home,Acute symptom visit,False
E0001410,P00257,emergency,2025-03-05 08:00:00,2025-03-05 16:00:00,Endocrinology,Home,Acute symptom visit,False
E0001411,P00257,outpatient,2025-03-11 08:00:00,2025-03-11 12:00:00,Pulmonary,Home,Acute symptom visit,False
E0001412,P00257,outpatient,2025-03-11 08:00:00,2025-03-11 13:00:00,General Medicine,Home,Follow-up,False
E0001413,P00257,emergency,2025-03-26 08:00:00,2025-03-26 15:00:00,General Surgery,Home,Acute symptom visit,False
E0001414,P00257,inpatient,2025-05-10 08:00:00,2025-05-13 16:00:00,Cardiology,Home,Chest pain,False
E0001415,P00258,outpatient,2024-12-16 08:00:00,2024-12-16 12:00:00,Endocrinology,Home,Acute symptom visit,False
E0001416,P00258,inpatient,2025-02-18 08:00:00,2025-02-19 15:00:00,General Surgery,Home,Postoperative wound issue,True
E0001417,P00258,inpatient,2025-05-04 03:00:00,2025-05-07 09:00:00,General Medicine,Home,Cellulitis,False
E0001418,P00258,inpatient,2025-07-11 15:00:00,2025-07-14 18:00:00,Pulmonary,Home,Pneumonia,False
E0001419,P00259,outpatient,2025-02-07 08:00:00,2025-02-07 09:00:00,General Medicine,Home,Medication review,False
E0001420,P00259,outpatient,2025-03-15 08:00:00,2025-03-15 15:00:00,Pulmonary,Home,Medication review,False
E0001421,P00259,outpatient,2025-03-23 08:00:00,2025-03-23 12:00:00,Pulmonary,Home,Acute symptom visit,False
E0001422,P00259,outpatient,2025-04-19 08:00:00,2025-04-19 13:00:00,General Surgery,Home,Follow-up,False
E0001423,P00259,inpatient,2025-07-11 08:00:00,2025-07-14 18:00:00,Cardiology,Home,Atrial fibrillation,False
E0001424,P00260,outpatient,2024-08-19 08:00:00,2024-08-19 14:00:00,Endocrinology,Home,Acute symptom visit,False
E0001425,P00260,outpatient,2024-09-03 08:00:00,2024-09-03 16:00:00,Pulmonary,Home,Medication review,False
E0001426,P00260,emergency,2024-09-21 08:00:00,2024-09-21 12:00:00,Pulmonary,Home,Acute symptom visit,False
E0001427,P00260,emergency,2024-12-17 08:00:00,2024-12-17 12:00:00,Pulmonary,Home,Acute symptom visit,False
E0001428,P00260,outpatient,2024-12-31 08:00:00,2024-12-31 11:00:00,Pulmonary,Home,Follow-up,False
E0001429,P00260,inpatient,2025-02-07 08:00:00,2025-02-11 12:00:00,General Surgery,Home,Postoperative wound issue,False
E0001430,P00260,inpatient,2025-04-27 18:00:00,2025-04-29 21:00:00,Pulmonary,Skilled nursing facility,Pneumonia,False
E0001431,P00261,outpatient,2025-05-19 08:00:00,2025-05-19 14:00:00,Endocrinology,Home,Acute symptom visit,False
E0001432,P00261,outpatient,2025-05-20 08:00:00,2025-05-20 15:00:00,Cardiology,Home,Medication review,False
E0001433,P00261,outpatient,2025-06-15 08:00:00,2025-06-15 14:00:00,Pulmonary,Home,Medication review,False
E0001434,P00261,outpatient,2025-07-02 08:00:00,2025-07-02 12:00:00,Pulmonary,Home,Acute symptom visit,False
E0001435,P00261,outpatient,2025-08-31 08:00:00,2025-08-31 16:00:00,General Surgery,Home,Acute symptom visit,False
E0001436,P00261,inpatient,2025-10-19 08:00:00,2025-10-23 13:00:00,Cardiology,Home,Atrial fibrillation,False
E0001437,P00261,inpatient,2026-03-21 22:00:00,2026-03-24 06:00:00,Cardiology,Transfer to acute care,Heart failure exacerbation,False
E0001438,P00262,emergency,2025-05-16 08:00:00,2025-05-16 10:00:00,Cardiology,Home,Follow-up,False
E0001439,P00262,emergency,2025-06-17 08:00:00,2025-06-17 11:00:00,Endocrinology,Home,Medication review,False
E0001440,P00262,outpatient,2025-07-09 08:00:00,2025-07-09 13:00:00,General Surgery,Home,Follow-up,False
E0001441,P00262,outpatient,2025-08-04 08:00:00,2025-08-04 12:00:00,Pulmonary,Home,Medication review,False
E0001442,P00262,outpatient,2025-08-12 08:00:00,2025-08-12 13:00:00,Pulmonary,Home,Acute symptom visit,False
E0001443,P00262,inpatient,2025-11-09 08:00:00,2025-11-13 16:00:00,General Surgery,Home health,Postoperative wound issue,False
E0001444,P00263,outpatient,2025-05-20 08:00:00,2025-05-20 11:00:00,General Medicine,Home,Medication review,False
E0001445,P00263,outpatient,2025-06-16 08:00:00,2025-06-16 12:00:00,General Medicine,Home,Medication review,False
E0001446,P00263,inpatient,2025-08-15 08:00:00,2025-08-17 10:00:00,General Surgery,Home,Postoperative wound issue,False
E0001447,P00263,inpatient,2025-08-30 14:00:00,2025-09-01 23:00:00,Pulmonary,Home,Asthma exacerbation,False
E0001448,P00264,outpatient,2025-01-01 08:00:00,2025-01-01 10:00:00,Cardiology,Home,Medication review,False
E0001449,P00264,outpatient,2025-01-22 08:00:00,2025-01-22 14:00:00,Cardiology,Home,Acute symptom visit,False
E0001450,P00264,inpatient,2025-03-31 08:00:00,2025-04-01 14:00:00,Pulmonary,Expired,Pneumonia,False
E0001451,P00265,emergency,2025-05-10 08:00:00,2025-05-10 12:00:00,Pulmonary,Home,Follow-up,False
E0001452,P00265,outpatient,2025-06-26 08:00:00,2025-06-26 09:00:00,General Medicine,Home,Medication review,False
E0001453,P00265,inpatient,2025-08-19 08:00:00,2025-08-22 15:00:00,Cardiology,Home health,Atrial fibrillation,False
E0001454,P00265,inpatient,2025-12-12 01:00:00,2025-12-15 08:00:00,General Medicine,Home,Syncope,False
E0001455,P00266,outpatient,2024-08-24 08:00:00,2024-08-24 15:00:00,Endocrinology,Home,Follow-up,False
E0001456,P00266,outpatient,2024-10-04 08:00:00,2024-10-04 13:00:00,General Surgery,Home,Medication review,False
E0001457,P00266,outpatient,2024-10-23 08:00:00,2024-10-23 14:00:00,General Medicine,Home,Acute symptom visit,False
E0001458,P00266,emergency,2024-12-15 08:00:00,2024-12-15 09:00:00,General Medicine,Home,Acute symptom visit,False
E0001459,P00266,outpatient,2024-12-17 08:00:00,2024-12-17 15:00:00,General Surgery,Home,Acute symptom visit,False
E0001460,P00266,outpatient,2025-01-07 08:00:00,2025-01-07 13:00:00,Cardiology,Home,Medication review,False
E0001461,P00266,inpatient,2025-03-08 08:00:00,2025-03-12 13:00:00,General Medicine,Home,Cellulitis,False
E0001462,P00267,outpatient,2024-11-14 08:00:00,2024-11-14 16:00:00,Cardiology,Home,Medication review,False
E0001463,P00267,inpatient,2025-05-01 08:00:00,2025-05-04 17:00:00,General Medicine,Home health,Cellulitis,False
E0001464,P00268,emergency,2025-05-25 08:00:00,2025-05-25 12:00:00,Endocrinology,Home,Medication review,False
E0001465,P00268,emergency,2025-06-12 08:00:00,2025-06-12 12:00:00,Endocrinology,Home,Medication review,False
E0001466,P00268,outpatient,2025-06-27 08:00:00,2025-06-27 11:00:00,Pulmonary,Home,Follow-up,False
E0001467,P00268,emergency,2025-08-29 08:00:00,2025-08-29 16:00:00,Pulmonary,Home,Acute symptom visit,False
E0001468,P00268,inpatient,2025-10-02 08:00:00,2025-10-07 17:00:00,General Surgery,Home health,Postoperative wound issue,False
E0001469,P00269,outpatient,2025-02-02 08:00:00,2025-02-02 15:00:00,General Surgery,Home,Follow-up,False
E0001470,P00269,emergency,2025-02-06 08:00:00,2025-02-06 11:00:00,General Medicine,Home,Medication review,False
E0001471,P00269,emergency,2025-02-22 08:00:00,2025-02-22 14:00:00,Pulmonary,Home,Acute symptom visit,False
E0001472,P00269,outpatient,2025-03-17 08:00:00,2025-03-17 15:00:00,Endocrinology,Home,Follow-up,False
E0001473,P00269,outpatient,2025-06-10 08:00:00,2025-06-10 14:00:00,General Medicine,Home,Follow-up,False
E0001474,P00270,outpatient,2025-03-22 08:00:00,2025-03-22 13:00:00,Pulmonary,Home,Acute symptom visit,False
E0001475,P00270,outpatient,2025-04-03 08:00:00,2025-04-03 14:00:00,Cardiology,Home,Acute symptom visit,False
E0001476,P00270,inpatient,2025-06-09 08:00:00,2025-06-11 10:00:00,Pulmonary,Home,Pneumonia,False
E0001477,P00271,emergency,2024-09-24 08:00:00,2024-09-24 16:00:00,Pulmonary,Home,Medication review,False
E0001478,P00271,outpatient,2025-02-01 08:00:00,2025-02-01 11:00:00,General Surgery,Home,Acute symptom visit,False
E0001479,P00271,inpatient,2025-03-29 08:00:00,2025-03-30 18:00:00,General Medicine,Home health,Sepsis,False
E0001480,P00272,outpatient,2024-12-22 08:00:00,2024-12-22 14:00:00,General Medicine,Home,Medication review,False
E0001481,P00272,outpatient,2024-12-23 08:00:00,2024-12-23 14:00:00,Cardiology,Home,Medication review,False
E0001482,P00272,emergency,2025-02-11 08:00:00,2025-02-11 16:00:00,Endocrinology,Home,Medication review,False
E0001483,P00272,emergency,2025-02-12 08:00:00,2025-02-12 11:00:00,General Surgery,Home,Medication review,False
E0001484,P00272,outpatient,2025-02-20 08:00:00,2025-02-20 13:00:00,General Surgery,Home,Acute symptom visit,False
E0001485,P00272,outpatient,2025-04-01 08:00:00,2025-04-01 12:00:00,Cardiology,Home,Acute symptom visit,False
E0001486,P00272,inpatient,2025-06-27 08:00:00,2025-06-28 10:00:00,Cardiology,Home,Chest pain,False
E0001487,P00273,outpatient,2024-12-27 08:00:00,2024-12-27 14:00:00,Cardiology,Home,Follow-up,False
E0001488,P00273,outpatient,2025-01-02 08:00:00,2025-01-02 14:00:00,General Medicine,Home,Medication review,False
E0001489,P00273,outpatient,2025-01-07 08:00:00,2025-01-07 12:00:00,General Surgery,Home,Medication review,False
E0001490,P00273,emergency,2025-03-17 08:00:00,2025-03-17 16:00:00,General Medicine,Home,Medication review,False
E0001491,P00273,outpatient,2025-05-03 08:00:00,2025-05-03 12:00:00,Endocrinology,Home,Medication review,False
E0001492,P00273,emergency,2025-05-21 08:00:00,2025-05-21 16:00:00,Pulmonary,Home,Acute symptom visit,False
E0001493,P00273,inpatient,2025-07-08 08:00:00,2025-07-11 17:00:00,Cardiology,Home health,Atrial fibrillation,False
E0001494,P00273,inpatient,2025-11-27 23:00:00,2025-11-29 03:00:00,General Surgery,Home,Postoperative wound issue,True
E0001495,P00274,outpatient,2025-07-16 08:00:00,2025-07-16 14:00:00,General Medicine,Home,Acute symptom visit,False
E0001496,P00274,outpatient,2025-07-17 08:00:00,2025-07-17 15:00:00,General Surgery,Home,Follow-up,False
E0001497,P00274,inpatient,2025-08-21 08:00:00,2025-08-27 12:00:00,General Surgery,Home,Postoperative wound issue,False
E0001498,P00274,inpatient,2025-09-09 23:00:00,2025-09-14 06:00:00,General Surgery,Home,Biliary disease,False
E0001499,P00274,inpatient,2025-11-05 13:00:00,2025-11-12 15:00:00,General Medicine,Home,Sepsis,False
E0001500,P00275,outpatient,2024-12-14 08:00:00,2024-12-14 13:00:00,Endocrinology,Home,Follow-up,False
E0001501,P00275,outpatient,2025-01-12 08:00:00,2025-01-12 11:00:00,Endocrinology,Home,Medication review,False
E0001502,P00275,outpatient,2025-02-04 08:00:00,2025-02-04 12:00:00,Pulmonary,Home,Follow-up,False
E0001503,P00275,emergency,2025-03-19 08:00:00,2025-03-19 13:00:00,General Surgery,Home,Medication review,False
E0001504,P00275,outpatient,2025-04-14 08:00:00,2025-04-14 12:00:00,Cardiology,Home,Acute symptom visit,False
E0001505,P00275,outpatient,2025-05-03 08:00:00,2025-05-03 10:00:00,Pulmonary,Home,Medication review,False
E0001506,P00275,inpatient,2025-06-06 08:00:00,2025-06-08 16:00:00,General Medicine,Home,Syncope,False
E0001507,P00276,outpatient,2024-07-19 08:00:00,2024-07-19 14:00:00,General Surgery,Home,Acute symptom visit,False
E0001508,P00276,emergency,2024-10-16 08:00:00,2024-10-16 13:00:00,Pulmonary,Home,Acute symptom visit,False
E0001509,P00276,outpatient,2024-12-13 08:00:00,2024-12-13 10:00:00,Cardiology,Home,Medication review,False
E0001510,P00276,inpatient,2025-01-19 08:00:00,2025-01-20 11:00:00,Pulmonary,Skilled nursing facility,Asthma exacerbation,False
E0001511,P00277,outpatient,2025-06-11 08:00:00,2025-06-11 13:00:00,General Surgery,Home,Follow-up,False
E0001512,P00277,outpatient,2025-07-02 08:00:00,2025-07-02 11:00:00,Endocrinology,Home,Follow-up,False
E0001513,P00277,outpatient,2025-07-15 08:00:00,2025-07-15 09:00:00,General Surgery,Home,Follow-up,False
E0001514,P00277,outpatient,2025-07-22 08:00:00,2025-07-22 14:00:00,General Medicine,Home,Acute symptom visit,False
E0001515,P00277,outpatient,2025-07-28 08:00:00,2025-07-28 12:00:00,General Surgery,Home,Follow-up,False
E0001516,P00277,inpatient,2025-10-29 08:00:00,2025-10-30 18:00:00,General Surgery,Home,Biliary disease,False
E0001517,P00278,outpatient,2024-12-31 08:00:00,2024-12-31 16:00:00,Endocrinology,Home,Medication review,False
E0001518,P00278,outpatient,2025-01-13 08:00:00,2025-01-13 09:00:00,Cardiology,Home,Follow-up,False
E0001519,P00278,outpatient,2025-01-20 08:00:00,2025-01-20 09:00:00,General Medicine,Home,Follow-up,False
E0001520,P00278,outpatient,2025-02-13 08:00:00,2025-02-13 09:00:00,General Medicine,Home,Follow-up,False
E0001521,P00278,inpatient,2025-04-07 08:00:00,2025-04-09 13:00:00,General Surgery,Expired,Postoperative wound issue,False
E0001522,P00278,inpatient,2025-07-16 20:00:00,2025-07-18 03:00:00,General Medicine,Home,Cellulitis,False
E0001523,P00279,outpatient,2025-06-07 08:00:00,2025-06-07 14:00:00,General Surgery,Home,Medication review,False
E0001524,P00279,outpatient,2025-06-19 08:00:00,2025-06-19 15:00:00,Cardiology,Home,Follow-up,False
E0001525,P00279,emergency,2025-07-25 08:00:00,2025-07-25 16:00:00,General Surgery,Home,Follow-up,False
E0001526,P00279,emergency,2025-08-18 08:00:00,2025-08-18 16:00:00,Endocrinology,Home,Follow-up,False
E0001527,P00279,outpatient,2025-08-24 08:00:00,2025-08-24 14:00:00,Cardiology,Home,Medication review,False
E0001528,P00279,outpatient,2025-09-04 08:00:00,2025-09-04 10:00:00,Endocrinology,Home,Acute symptom visit,False
E0001529,P00279,outpatient,2025-09-15 08:00:00,2025-09-15 14:00:00,Cardiology,Home,Follow-up,False
E0001530,P00279,inpatient,2025-12-04 08:00:00,2025-12-08 14:00:00,Pulmonary,Home,COPD exacerbation,False
E0001531,P00279,inpatient,2026-01-29 16:00:00,2026-02-02 22:00:00,Pulmonary,Skilled nursing facility,Pneumonia,False
E0001532,P00280,outpatient,2025-01-10 08:00:00,2025-01-10 16:00:00,Cardiology,Home,Medication review,False
E0001533,P00280,outpatient,2025-02-05 08:00:00,2025-02-05 15:00:00,Endocrinology,Home,Acute symptom visit,False
E0001534,P00280,outpatient,2025-02-18 08:00:00,2025-02-18 16:00:00,Pulmonary,Home,Acute symptom visit,False
E0001535,P00280,emergency,2025-03-28 08:00:00,2025-03-28 13:00:00,Cardiology,Home,Acute symptom visit,False
E0001536,P00280,outpatient,2025-06-15 08:00:00,2025-06-15 09:00:00,General Surgery,Home,Follow-up,False
E0001537,P00280,outpatient,2025-06-16 08:00:00,2025-06-16 09:00:00,General Surgery,Home,Acute symptom visit,False
E0001538,P00280,inpatient,2025-07-12 08:00:00,2025-07-13 17:00:00,Pulmonary,Home health,Pneumonia,False
E0001539,P00280,inpatient,2025-10-06 18:00:00,2025-10-09 21:00:00,Endocrinology,Home,Hyperglycemia,False
E0001540,P00281,outpatient,2025-01-19 08:00:00,2025-01-19 14:00:00,Endocrinology,Home,Medication review,False
E0001541,P00281,outpatient,2025-05-03 08:00:00,2025-05-03 15:00:00,Endocrinology,Home,Follow-up,False
E0001542,P00281,emergency,2025-05-10 08:00:00,2025-05-10 15:00:00,General Medicine,Home,Acute symptom visit,False
E0001543,P00281,inpatient,2025-07-18 08:00:00,2025-07-21 15:00:00,General Medicine,Skilled nursing facility,Electrolyte disorder,False
E0001544,P00282,outpatient,2024-09-03 08:00:00,2024-09-03 09:00:00,Pulmonary,Home,Acute symptom visit,False
E0001545,P00282,outpatient,2024-09-16 08:00:00,2024-09-16 12:00:00,Cardiology,Home,Follow-up,False
E0001546,P00282,emergency,2024-09-26 08:00:00,2024-09-26 15:00:00,General Surgery,Home,Acute symptom visit,False
E0001547,P00282,outpatient,2024-12-29 08:00:00,2024-12-29 10:00:00,General Medicine,Home,Acute symptom visit,False
E0001548,P00282,outpatient,2025-01-12 08:00:00,2025-01-12 09:00:00,General Medicine,Home,Medication review,False
E0001549,P00282,outpatient,2025-01-21 08:00:00,2025-01-21 09:00:00,Endocrinology,Home,Medication review,False
E0001550,P00282,inpatient,2025-02-13 08:00:00,2025-02-16 18:00:00,General Medicine,Home,Sepsis,False
E0001551,P00283,outpatient,2024-10-23 08:00:00,2024-10-23 09:00:00,General Medicine,Home,Medication review,False
E0001552,P00283,emergency,2024-10-24 08:00:00,2024-10-24 15:00:00,Cardiology,Home,Medication review,False
E0001553,P00283,outpatient,2025-01-08 08:00:00,2025-01-08 13:00:00,Cardiology,Home,Follow-up,False
E0001554,P00283,inpatient,2025-02-18 08:00:00,2025-02-20 11:00:00,Cardiology,Home,Atrial fibrillation,False
E0001555,P00284,outpatient,2025-06-12 08:00:00,2025-06-12 09:00:00,Endocrinology,Home,Acute symptom visit,False
E0001556,P00284,outpatient,2025-09-16 08:00:00,2025-09-16 12:00:00,General Surgery,Home,Follow-up,False
E0001557,P00284,inpatient,2025-10-19 08:00:00,2025-10-21 18:00:00,General Medicine,Skilled nursing facility,Cellulitis,False
E0001558,P00285,outpatient,2025-03-18 08:00:00,2025-03-18 14:00:00,Pulmonary,Home,Follow-up,False
E0001559,P00285,outpatient,2025-05-19 08:00:00,2025-05-19 16:00:00,Endocrinology,Home,Acute symptom visit,False
E0001560,P00285,outpatient,2025-06-11 08:00:00,2025-06-11 14:00:00,Pulmonary,Home,Medication review,False
E0001561,P00285,outpatient,2025-07-05 08:00:00,2025-07-05 16:00:00,General Surgery,Home,Acute symptom visit,False
E0001562,P00285,outpatient,2025-07-30 08:00:00,2025-07-30 09:00:00,General Surgery,Home,Acute symptom visit,False
E0001563,P00285,inpatient,2025-08-18 08:00:00,2025-08-21 15:00:00,General Medicine,Home,Cellulitis,False
E0001564,P00286,outpatient,2024-10-25 08:00:00,2024-10-25 12:00:00,General Surgery,Home,Follow-up,False
E0001565,P00286,outpatient,2024-11-16 08:00:00,2024-11-16 13:00:00,Cardiology,Home,Acute symptom visit,False
E0001566,P00286,outpatient,2025-02-01 08:00:00,2025-02-01 12:00:00,General Surgery,Home,Acute symptom visit,False
E0001567,P00286,emergency,2025-02-11 08:00:00,2025-02-11 15:00:00,General Surgery,Home,Follow-up,False
E0001568,P00286,outpatient,2025-02-21 08:00:00,2025-02-21 13:00:00,General Surgery,Home,Follow-up,False
E0001569,P00286,inpatient,2025-04-11 08:00:00,2025-04-13 12:00:00,Cardiology,Skilled nursing facility,Chest pain,False
E0001570,P00287,outpatient,2025-04-28 08:00:00,2025-04-28 13:00:00,General Surgery,Home,Follow-up,False
E0001571,P00287,outpatient,2025-07-05 08:00:00,2025-07-05 15:00:00,Cardiology,Home,Follow-up,False
E0001572,P00287,inpatient,2025-09-20 08:00:00,2025-09-24 11:00:00,Cardiology,Home,Chest pain,False
E0001573,P00288,outpatient,2024-10-15 08:00:00,2024-10-15 14:00:00,Endocrinology,Home,Acute symptom visit,False
E0001574,P00288,outpatient,2024-10-26 08:00:00,2024-10-26 14:00:00,General Medicine,Home,Follow-up,False
E0001575,P00288,emergency,2024-11-03 08:00:00,2024-11-03 12:00:00,Pulmonary,Home,Medication review,False
E0001576,P00288,outpatient,2024-11-18 08:00:00,2024-11-18 10:00:00,Pulmonary,Home,Acute symptom visit,False
E0001577,P00288,outpatient,2025-01-01 08:00:00,2025-01-01 16:00:00,General Surgery,Home,Medication review,False
E0001578,P00288,outpatient,2025-01-08 08:00:00,2025-01-08 16:00:00,Pulmonary,Home,Follow-up,False
E0001579,P00288,emergency,2025-02-05 08:00:00,2025-02-05 13:00:00,Pulmonary,Home,Medication review,False
E0001580,P00288,inpatient,2025-03-08 08:00:00,2025-03-11 13:00:00,General Surgery,Home health,Postoperative wound issue,False
E0001581,P00289,outpatient,2024-08-19 08:00:00,2024-08-19 09:00:00,General Surgery,Home,Medication review,False
E0001582,P00289,outpatient,2024-12-02 08:00:00,2024-12-02 12:00:00,Pulmonary,Home,Follow-up,False
E0001583,P00289,emergency,2024-12-16 08:00:00,2024-12-16 11:00:00,Cardiology,Home,Medication review,False
E0001584,P00289,inpatient,2025-01-27 08:00:00,2025-01-28 12:00:00,General Surgery,Home,Abdominal pain,False
E0001585,P00290,outpatient,2025-06-17 08:00:00,2025-06-17 16:00:00,Endocrinology,Home,Acute symptom visit,False
E0001586,P00290,outpatient,2025-06-18 08:00:00,2025-06-18 13:00:00,Pulmonary,Home,Medication review,False
E0001587,P00290,inpatient,2025-07-31 08:00:00,2025-08-02 18:00:00,General Medicine,Home,Sepsis,False
E0001588,P00290,inpatient,2025-10-27 05:00:00,2025-11-01 11:00:00,General Medicine,Home,Electrolyte disorder,False
E0001589,P00291,outpatient,2025-04-24 08:00:00,2025-04-24 12:00:00,Cardiology,Home,Acute symptom visit,False
E0001590,P00291,emergency,2025-06-12 08:00:00,2025-06-12 10:00:00,General Medicine,Home,Medication review,False
E0001591,P00291,outpatient,2025-06-18 08:00:00,2025-06-18 10:00:00,Endocrinology,Home,Acute symptom visit,False
E0001592,P00291,outpatient,2025-07-28 08:00:00,2025-07-28 10:00:00,General Surgery,Home,Acute symptom visit,False
E0001593,P00291,outpatient,2025-08-30 08:00:00,2025-08-30 12:00:00,Cardiology,Home,Follow-up,False
E0001594,P00291,outpatient,2025-10-02 08:00:00,2025-10-02 15:00:00,Cardiology,Home,Follow-up,False
E0001595,P00291,emergency,2025-10-12 08:00:00,2025-10-12 09:00:00,Endocrinology,Home,Acute symptom visit,False
E0001596,P00292,outpatient,2025-05-30 08:00:00,2025-05-30 09:00:00,General Medicine,Home,Acute symptom visit,False
E0001597,P00292,outpatient,2025-06-26 08:00:00,2025-06-26 13:00:00,Endocrinology,Home,Follow-up,False
E0001598,P00292,outpatient,2025-07-04 08:00:00,2025-07-04 11:00:00,Pulmonary,Home,Medication review,False
E0001599,P00292,outpatient,2025-08-08 08:00:00,2025-08-08 16:00:00,Pulmonary,Home,Medication review,False
E0001600,P00292,outpatient,2025-08-24 08:00:00,2025-08-24 09:00:00,General Surgery,Home,Acute symptom visit,False
E0001601,P00292,emergency,2025-08-29 08:00:00,2025-08-29 16:00:00,General Surgery,Home,Acute symptom visit,False
E0001602,P00293,emergency,2024-10-22 08:00:00,2024-10-22 16:00:00,Endocrinology,Home,Follow-up,False
E0001603,P00293,outpatient,2024-11-23 08:00:00,2024-11-23 15:00:00,Endocrinology,Home,Acute symptom visit,False
E0001604,P00293,outpatient,2025-01-05 08:00:00,2025-01-05 16:00:00,Pulmonary,Home,Acute symptom visit,False
E0001605,P00293,outpatient,2025-01-19 08:00:00,2025-01-19 12:00:00,Pulmonary,Home,Follow-up,False
E0001606,P00293,inpatient,2025-05-07 08:00:00,2025-05-11 10:00:00,General Surgery,Transfer to acute care,Biliary disease,False
E0001607,P00293,inpatient,2025-10-03 18:00:00,2025-10-09 01:00:00,Pulmonary,Home,Asthma exacerbation,False
E0001608,P00293,inpatient,2025-11-26 01:00:00,2025-11-29 05:00:00,Cardiology,Skilled nursing facility,Chest pain,False
E0001609,P00294,outpatient,2024-12-19 08:00:00,2024-12-19 13:00:00,General Surgery,Home,Acute symptom visit,False
E0001610,P00294,outpatient,2025-02-01 08:00:00,2025-02-01 10:00:00,Endocrinology,Home,Follow-up,False
E0001611,P00294,outpatient,2025-02-19 08:00:00,2025-02-19 10:00:00,Cardiology,Home,Acute symptom visit,False
E0001612,P00294,outpatient,2025-03-20 08:00:00,2025-03-20 13:00:00,Endocrinology,Home,Medication review,False
E0001613,P00294,outpatient,2025-04-26 08:00:00,2025-04-26 12:00:00,Cardiology,Home,Medication review,False
E0001614,P00294,inpatient,2025-06-07 08:00:00,2025-06-10 17:00:00,General Medicine,Home health,Cellulitis,False
E0001615,P00295,outpatient,2025-01-07 08:00:00,2025-01-07 16:00:00,Cardiology,Home,Medication review,False
E0001616,P00295,outpatient,2025-02-18 08:00:00,2025-02-18 12:00:00,Pulmonary,Home,Acute symptom visit,False
E0001617,P00295,outpatient,2025-03-18 08:00:00,2025-03-18 15:00:00,Cardiology,Home,Follow-up,False
E0001618,P00295,outpatient,2025-03-19 08:00:00,2025-03-19 13:00:00,Pulmonary,Home,Medication review,False
E0001619,P00295,emergency,2025-03-25 08:00:00,2025-03-25 12:00:00,Endocrinology,Home,Follow-up,False
E0001620,P00295,outpatient,2025-03-31 08:00:00,2025-03-31 10:00:00,Endocrinology,Home,Follow-up,False
E0001621,P00295,inpatient,2025-06-08 08:00:00,2025-06-09 15:00:00,General Medicine,Skilled nursing facility,Cellulitis,False
E0001622,P00296,outpatient,2024-07-28 08:00:00,2024-07-28 13:00:00,General Medicine,Home,Medication review,False
E0001623,P00296,outpatient,2024-09-09 08:00:00,2024-09-09 11:00:00,Pulmonary,Home,Follow-up,False
E0001624,P00296,outpatient,2024-09-19 08:00:00,2024-09-19 13:00:00,General Medicine,Home,Medication review,False
E0001625,P00296,emergency,2024-10-04 08:00:00,2024-10-04 14:00:00,General Medicine,Home,Medication review,False
E0001626,P00296,outpatient,2024-10-26 08:00:00,2024-10-26 09:00:00,Cardiology,Home,Medication review,False
E0001627,P00296,inpatient,2025-02-14 08:00:00,2025-02-18 10:00:00,Pulmonary,Skilled nursing facility,Pneumonia,False
E0001628,P00297,emergency,2024-10-05 08:00:00,2024-10-05 16:00:00,General Medicine,Home,Medication review,False
E0001629,P00297,outpatient,2024-12-23 08:00:00,2024-12-23 15:00:00,General Medicine,Home,Medication review,False
E0001630,P00297,emergency,2025-02-01 08:00:00,2025-02-01 15:00:00,Endocrinology,Home,Follow-up,False
E0001631,P00297,outpatient,2025-02-08 08:00:00,2025-02-08 15:00:00,Cardiology,Home,Medication review,False
E0001632,P00297,inpatient,2025-04-11 08:00:00,2025-04-14 10:00:00,Endocrinology,Home,Hypoglycemia,False
E0001633,P00298,outpatient,2025-05-27 08:00:00,2025-05-27 10:00:00,Cardiology,Home,Acute symptom visit,False
E0001634,P00298,outpatient,2025-06-06 08:00:00,2025-06-06 14:00:00,General Surgery,Home,Medication review,False
E0001635,P00298,outpatient,2025-06-18 08:00:00,2025-06-18 14:00:00,Pulmonary,Home,Acute symptom visit,False
E0001636,P00298,outpatient,2025-08-12 08:00:00,2025-08-12 14:00:00,Cardiology,Home,Medication review,False
E0001637,P00298,inpatient,2025-10-09 08:00:00,2025-10-12 16:00:00,Cardiology,Home health,Heart failure exacerbation,False
E0001638,P00299,outpatient,2025-06-11 08:00:00,2025-06-11 11:00:00,General Medicine,Home,Follow-up,False
E0001639,P00299,outpatient,2025-07-19 08:00:00,2025-07-19 15:00:00,General Surgery,Home,Follow-up,False
E0001640,P00299,emergency,2025-08-28 08:00:00,2025-08-28 11:00:00,General Medicine,Home,Medication review,False
E0001641,P00299,outpatient,2025-09-11 08:00:00,2025-09-11 09:00:00,General Surgery,Home,Medication review,False
E0001642,P00300,outpatient,2024-10-16 08:00:00,2024-10-16 09:00:00,General Surgery,Home,Acute symptom visit,False
E0001643,P00300,emergency,2024-12-05 08:00:00,2024-12-05 12:00:00,Endocrinology,Home,Follow-up,False
E0001644,P00300,emergency,2025-02-03 08:00:00,2025-02-03 14:00:00,Pulmonary,Home,Acute symptom visit,False
E0001645,P00300,inpatient,2025-05-18 08:00:00,2025-05-22 13:00:00,Cardiology,Expired,Heart failure exacerbation,False
E0001646,P00300,inpatient,2025-06-03 18:00:00,2025-06-07 03:00:00,Endocrinology,Home,Hyperglycemia,False
E0001647,P00301,emergency,2024-08-29 08:00:00,2024-08-29 15:00:00,Endocrinology,Home,Acute symptom visit,False
E0001648,P00301,outpatient,2024-10-21 08:00:00,2024-10-21 16:00:00,Endocrinology,Home,Follow-up,False
E0001649,P00301,emergency,2024-11-10 08:00:00,2024-11-10 11:00:00,General Medicine,Home,Follow-up,False
E0001650,P00301,inpatient,2025-03-04 08:00:00,2025-03-08 17:00:00,Cardiology,Skilled nursing facility,Heart failure exacerbation,False
E0001651,P00301,inpatient,2025-03-26 17:00:00,2025-03-29 23:00:00,General Medicine,Home,Electrolyte disorder,False
E0001652,P00302,emergency,2025-05-07 08:00:00,2025-05-07 10:00:00,Endocrinology,Home,Follow-up,False
E0001653,P00302,emergency,2025-05-08 08:00:00,2025-05-08 11:00:00,Cardiology,Home,Medication review,False
E0001654,P00302,outpatient,2025-07-21 08:00:00,2025-07-21 15:00:00,General Medicine,Home,Acute symptom visit,False
E0001655,P00302,outpatient,2025-07-27 08:00:00,2025-07-27 11:00:00,Cardiology,Home,Follow-up,False
E0001656,P00302,inpatient,2025-10-04 08:00:00,2025-10-08 16:00:00,General Surgery,Home health,Postoperative wound issue,False
E0001657,P00302,inpatient,2026-02-09 21:00:00,2026-02-15 03:00:00,Pulmonary,Home,Asthma exacerbation,False
E0001658,P00302,inpatient,2026-06-23 09:00:00,2026-06-26 18:00:00,General Medicine,Transfer to acute care,Sepsis,False
E0001659,P00303,emergency,2025-02-22 08:00:00,2025-02-22 16:00:00,Endocrinology,Home,Acute symptom visit,False
E0001660,P00303,emergency,2025-04-05 08:00:00,2025-04-05 14:00:00,Pulmonary,Home,Acute symptom visit,False
E0001661,P00303,outpatient,2025-04-30 08:00:00,2025-04-30 14:00:00,General Surgery,Home,Follow-up,False
E0001662,P00303,inpatient,2025-09-02 08:00:00,2025-09-03 15:00:00,Pulmonary,Home,Pneumonia,False
E0001663,P00303,inpatient,2025-10-24 16:00:00,2025-10-26 02:00:00,General Medicine,Home,Cellulitis,False
E0001664,P00304,outpatient,2024-09-06 08:00:00,2024-09-06 11:00:00,Cardiology,Home,Follow-up,False
E0001665,P00304,emergency,2024-09-28 08:00:00,2024-09-28 10:00:00,General Surgery,Home,Acute symptom visit,False
E0001666,P00304,emergency,2024-10-27 08:00:00,2024-10-27 11:00:00,Endocrinology,Home,Acute symptom visit,False
E0001667,P00304,outpatient,2024-12-31 08:00:00,2024-12-31 15:00:00,General Surgery,Home,Follow-up,False
E0001668,P00304,outpatient,2024-12-31 08:00:00,2024-12-31 12:00:00,General Medicine,Home,Medication review,False
E0001669,P00304,outpatient,2025-01-18 08:00:00,2025-01-18 14:00:00,Endocrinology,Home,Follow-up,False
E0001670,P00304,outpatient,2025-02-14 08:00:00,2025-02-14 12:00:00,Endocrinology,Home,Medication review,False
E0001671,P00304,inpatient,2025-04-06 08:00:00,2025-04-09 11:00:00,General Medicine,Home,Sepsis,False
E0001672,P00304,inpatient,2025-08-29 14:00:00,2025-09-02 17:00:00,Pulmonary,Home health,Pneumonia,False
E0001673,P00304,inpatient,2025-09-19 02:00:00,2025-09-22 08:00:00,Pulmonary,Home,COPD exacerbation,False
E0001674,P00305,outpatient,2025-07-01 08:00:00,2025-07-01 16:00:00,General Medicine,Home,Follow-up,False
E0001675,P00305,outpatient,2025-08-01 08:00:00,2025-08-01 09:00:00,Pulmonary,Home,Follow-up,False
E0001676,P00305,emergency,2025-08-21 08:00:00,2025-08-21 12:00:00,Pulmonary,Home,Acute symptom visit,False
E0001677,P00305,inpatient,2025-10-02 08:00:00,2025-10-04 13:00:00,General Medicine,Home,Electrolyte disorder,False
E0001678,P00306,outpatient,2024-11-24 08:00:00,2024-11-24 16:00:00,Endocrinology,Home,Follow-up,False
E0001679,P00306,outpatient,2024-11-25 08:00:00,2024-11-25 16:00:00,Endocrinology,Home,Follow-up,False
E0001680,P00306,outpatient,2025-03-11 08:00:00,2025-03-11 16:00:00,General Medicine,Home,Acute symptom visit,False
E0001681,P00306,inpatient,2025-06-16 08:00:00,2025-06-20 10:00:00,General Medicine,Home health,Cellulitis,False
E0001682,P00307,outpatient,2025-03-06 08:00:00,2025-03-06 09:00:00,General Surgery,Home,Medication review,False
E0001683,P00307,outpatient,2025-03-27 08:00:00,2025-03-27 16:00:00,Endocrinology,Home,Follow-up,False
E0001684,P00307,outpatient,2025-04-27 08:00:00,2025-04-27 15:00:00,Cardiology,Home,Acute symptom visit,False
E0001685,P00307,outpatient,2025-06-09 08:00:00,2025-06-09 16:00:00,General Surgery,Home,Acute symptom visit,False
E0001686,P00307,inpatient,2025-09-24 08:00:00,2025-09-27 10:00:00,General Surgery,Skilled nursing facility,Biliary disease,False
E0001687,P00308,outpatient,2024-09-30 08:00:00,2024-09-30 14:00:00,Endocrinology,Home,Medication review,False
E0001688,P00308,emergency,2024-11-19 08:00:00,2024-11-19 14:00:00,General Medicine,Home,Medication review,False
E0001689,P00308,outpatient,2024-11-20 08:00:00,2024-11-20 11:00:00,Cardiology,Home,Acute symptom visit,False
E0001690,P00308,emergency,2025-01-15 08:00:00,2025-01-15 13:00:00,Pulmonary,Home,Acute symptom visit,False
E0001691,P00308,inpatient,2025-02-19 08:00:00,2025-02-21 18:00:00,Pulmonary,Home health,Asthma exacerbation,False
E0001692,P00308,inpatient,2025-06-17 05:00:00,2025-06-22 12:00:00,Pulmonary,Home health,Pneumonia,False
E0001693,P00309,emergency,2024-12-08 08:00:00,2024-12-08 13:00:00,General Surgery,Home,Acute symptom visit,False
E0001694,P00309,emergency,2025-01-12 08:00:00,2025-01-12 09:00:00,Cardiology,Home,Medication review,False
E0001695,P00309,outpatient,2025-01-18 08:00:00,2025-01-18 15:00:00,Pulmonary,Home,Acute symptom visit,False
E0001696,P00309,emergency,2025-01-26 08:00:00,2025-01-26 13:00:00,General Medicine,Home,Acute symptom visit,False
E0001697,P00309,outpatient,2025-02-10 08:00:00,2025-02-10 16:00:00,Pulmonary,Home,Acute symptom visit,False
E0001698,P00309,outpatient,2025-02-28 08:00:00,2025-02-28 15:00:00,Pulmonary,Home,Medication review,False
E0001699,P00309,outpatient,2025-02-28 08:00:00,2025-02-28 10:00:00,Cardiology,Home,Follow-up,False
E0001700,P00309,outpatient,2025-04-11 08:00:00,2025-04-11 14:00:00,Pulmonary,Home,Medication review,False
E0001701,P00309,inpatient,2025-04-30 08:00:00,2025-05-04 10:00:00,General Medicine,Skilled nursing facility,Sepsis,False
E0001702,P00310,outpatient,2025-06-08 08:00:00,2025-06-08 13:00:00,Pulmonary,Home,Follow-up,False
E0001703,P00310,outpatient,2025-08-12 08:00:00,2025-08-12 12:00:00,Endocrinology,Home,Medication review,False
E0001704,P00310,inpatient,2025-11-05 08:00:00,2025-11-08 17:00:00,General Medicine,Home,Syncope,False
E0001705,P00311,outpatient,2024-07-19 08:00:00,2024-07-19 12:00:00,General Surgery,Home,Follow-up,False
E0001706,P00311,emergency,2024-08-07 08:00:00,2024-08-07 10:00:00,Endocrinology,Home,Acute symptom visit,False
E0001707,P00311,outpatient,2024-08-11 08:00:00,2024-08-11 09:00:00,Cardiology,Home,Follow-up,False
E0001708,P00311,outpatient,2024-10-22 08:00:00,2024-10-22 16:00:00,Pulmonary,Home,Acute symptom visit,False
E0001709,P00311,outpatient,2024-11-11 08:00:00,2024-11-11 12:00:00,Cardiology,Home,Acute symptom visit,False
E0001710,P00311,inpatient,2025-02-24 08:00:00,2025-02-27 18:00:00,General Medicine,Home health,Cellulitis,False
E0001711,P00312,outpatient,2025-02-12 08:00:00,2025-02-12 13:00:00,Cardiology,Home,Medication review,False
E0001712,P00312,emergency,2025-03-26 08:00:00,2025-03-26 12:00:00,Endocrinology,Home,Acute symptom visit,False
E0001713,P00312,outpatient,2025-04-13 08:00:00,2025-04-13 11:00:00,General Medicine,Home,Medication review,False
E0001714,P00312,emergency,2025-05-22 08:00:00,2025-05-22 16:00:00,General Surgery,Home,Medication review,False
E0001715,P00312,outpatient,2025-05-31 08:00:00,2025-05-31 13:00:00,General Surgery,Home,Follow-up,False
E0001716,P00312,outpatient,2025-07-06 08:00:00,2025-07-06 12:00:00,General Medicine,Home,Follow-up,False
E0001717,P00312,inpatient,2025-08-06 08:00:00,2025-08-09 15:00:00,General Medicine,Home health,Cellulitis,False
E0001718,P00313,outpatient,2025-02-16 08:00:00,2025-02-16 12:00:00,General Surgery,Home,Follow-up,False
E0001719,P00313,emergency,2025-05-23 08:00:00,2025-05-23 09:00:00,Pulmonary,Home,Follow-up,False
E0001720,P00313,emergency,2025-05-23 08:00:00,2025-05-23 11:00:00,General Medicine,Home,Acute symptom visit,False
E0001721,P00313,inpatient,2025-06-19 08:00:00,2025-06-20 17:00:00,Cardiology,Home,Atrial fibrillation,False
E0001722,P00313,inpatient,2025-09-29 00:00:00,2025-10-04 05:00:00,Cardiology,Home health,Atrial fibrillation,False
E0001723,P00313,inpatient,2025-12-03 07:00:00,2025-12-04 10:00:00,General Surgery,Home,Postoperative wound issue,False
E0001724,P00314,outpatient,2024-10-07 08:00:00,2024-10-07 12:00:00,General Surgery,Home,Acute symptom visit,False
E0001725,P00314,outpatient,2024-11-10 08:00:00,2024-11-10 09:00:00,Cardiology,Home,Follow-up,False
E0001726,P00314,outpatient,2025-01-23 08:00:00,2025-01-23 15:00:00,General Medicine,Home,Follow-up,False
E0001727,P00314,outpatient,2025-02-19 08:00:00,2025-02-19 13:00:00,General Surgery,Home,Acute symptom visit,False
E0001728,P00314,inpatient,2025-03-16 08:00:00,2025-03-19 15:00:00,Cardiology,Skilled nursing facility,Heart failure exacerbation,False
E0001729,P00315,outpatient,2024-12-08 08:00:00,2024-12-08 12:00:00,Endocrinology,Home,Medication review,False
E0001730,P00315,emergency,2025-01-01 08:00:00,2025-01-01 10:00:00,Cardiology,Home,Acute symptom visit,False
E0001731,P00315,outpatient,2025-01-10 08:00:00,2025-01-10 11:00:00,General Medicine,Home,Follow-up,False
E0001732,P00315,emergency,2025-01-26 08:00:00,2025-01-26 11:00:00,Cardiology,Home,Follow-up,False
E0001733,P00315,emergency,2025-03-20 08:00:00,2025-03-20 11:00:00,Endocrinology,Home,Medication review,False
E0001734,P00315,inpatient,2025-06-18 08:00:00,2025-06-23 16:00:00,General Medicine,Skilled nursing facility,Cellulitis,False
E0001735,P00316,outpatient,2025-02-07 08:00:00,2025-02-07 14:00:00,General Medicine,Home,Medication review,False
E0001736,P00316,outpatient,2025-03-08 08:00:00,2025-03-08 14:00:00,General Medicine,Home,Follow-up,False
E0001737,P00316,outpatient,2025-03-19 08:00:00,2025-03-19 10:00:00,Pulmonary,Home,Acute symptom visit,False
E0001738,P00316,outpatient,2025-03-23 08:00:00,2025-03-23 11:00:00,Endocrinology,Home,Follow-up,False
E0001739,P00316,outpatient,2025-04-22 08:00:00,2025-04-22 10:00:00,General Medicine,Home,Medication review,False
E0001740,P00316,emergency,2025-05-27 08:00:00,2025-05-27 15:00:00,Cardiology,Home,Acute symptom visit,False
E0001741,P00317,outpatient,2024-09-11 08:00:00,2024-09-11 15:00:00,Endocrinology,Home,Medication review,False
E0001742,P00317,outpatient,2024-09-23 08:00:00,2024-09-23 09:00:00,Pulmonary,Home,Follow-up,False
E0001743,P00317,outpatient,2024-11-18 08:00:00,2024-11-18 10:00:00,General Surgery,Home,Medication review,False
E0001744,P00317,outpatient,2024-12-20 08:00:00,2024-12-20 09:00:00,Pulmonary,Home,Follow-up,False
E0001745,P00317,outpatient,2024-12-22 08:00:00,2024-12-22 10:00:00,General Medicine,Home,Acute symptom visit,False
E0001746,P00317,inpatient,2025-04-09 08:00:00,2025-04-11 14:00:00,Cardiology,Home,Atrial fibrillation,False
E0001747,P00318,emergency,2025-05-10 08:00:00,2025-05-10 13:00:00,General Surgery,Home,Follow-up,False
E0001748,P00318,outpatient,2025-07-06 08:00:00,2025-07-06 12:00:00,General Medicine,Home,Medication review,False
E0001749,P00318,outpatient,2025-07-17 08:00:00,2025-07-17 15:00:00,General Medicine,Home,Acute symptom visit,False
E0001750,P00318,emergency,2025-08-07 08:00:00,2025-08-07 11:00:00,General Medicine,Home,Medication review,False
E0001751,P00318,inpatient,2025-09-03 08:00:00,2025-09-04 16:00:00,Cardiology,Skilled nursing facility,Heart failure exacerbation,False
E0001752,P00318,inpatient,2025-09-26 22:00:00,2025-09-29 01:00:00,General Medicine,Home,Syncope,False
E0001753,P00319,emergency,2024-09-27 08:00:00,2024-09-27 10:00:00,General Medicine,Home,Acute symptom visit,False
E0001754,P00319,outpatient,2024-10-25 08:00:00,2024-10-25 14:00:00,Cardiology,Home,Acute symptom visit,False
E0001755,P00319,outpatient,2024-12-02 08:00:00,2024-12-02 15:00:00,General Medicine,Home,Medication review,False
E0001756,P00319,outpatient,2024-12-14 08:00:00,2024-12-14 12:00:00,General Surgery,Home,Follow-up,False
E0001757,P00319,inpatient,2025-02-09 08:00:00,2025-02-13 13:00:00,Cardiology,Home,Chest pain,False
E0001758,P00319,inpatient,2025-05-30 17:00:00,2025-05-31 19:00:00,Endocrinology,Home,Hyperglycemia,False
E0001759,P00320,outpatient,2025-01-25 08:00:00,2025-01-25 11:00:00,Endocrinology,Home,Medication review,False
E0001760,P00320,outpatient,2025-02-16 08:00:00,2025-02-16 15:00:00,General Surgery,Home,Medication review,False
E0001761,P00320,outpatient,2025-03-19 08:00:00,2025-03-19 15:00:00,Pulmonary,Home,Follow-up,False
E0001762,P00320,outpatient,2025-06-02 08:00:00,2025-06-02 14:00:00,Cardiology,Home,Acute symptom visit,False
E0001763,P00320,outpatient,2025-06-10 08:00:00,2025-06-10 09:00:00,General Surgery,Home,Medication review,False
E0001764,P00320,inpatient,2025-07-08 08:00:00,2025-07-09 10:00:00,Pulmonary,Home health,COPD exacerbation,False
E0001765,P00320,inpatient,2025-08-06 19:00:00,2025-08-08 23:00:00,Cardiology,Home health,Atrial fibrillation,False
E0001766,P00321,outpatient,2024-10-11 08:00:00,2024-10-11 11:00:00,General Medicine,Home,Follow-up,False
E0001767,P00321,emergency,2024-11-11 08:00:00,2024-11-11 11:00:00,Endocrinology,Home,Follow-up,False
E0001768,P00321,emergency,2024-11-17 08:00:00,2024-11-17 10:00:00,Endocrinology,Home,Follow-up,False
E0001769,P00321,emergency,2024-12-13 08:00:00,2024-12-13 09:00:00,General Surgery,Home,Medication review,False
E0001770,P00321,outpatient,2024-12-20 08:00:00,2024-12-20 14:00:00,Cardiology,Home,Acute symptom visit,False
E0001771,P00321,outpatient,2025-01-27 08:00:00,2025-01-27 10:00:00,General Medicine,Home,Acute symptom visit,False
E0001772,P00321,outpatient,2025-03-08 08:00:00,2025-03-08 13:00:00,General Medicine,Home,Follow-up,False
E0001773,P00321,inpatient,2025-04-27 08:00:00,2025-04-29 17:00:00,General Medicine,Home,Electrolyte disorder,False
E0001774,P00321,inpatient,2025-08-20 03:00:00,2025-08-25 12:00:00,Cardiology,Home,Heart failure exacerbation,False
E0001775,P00322,outpatient,2024-08-31 08:00:00,2024-08-31 13:00:00,General Surgery,Home,Follow-up,False
E0001776,P00322,outpatient,2024-09-07 08:00:00,2024-09-07 12:00:00,Endocrinology,Home,Follow-up,False
E0001777,P00322,outpatient,2024-09-08 08:00:00,2024-09-08 11:00:00,Endocrinology,Home,Acute symptom visit,False
E0001778,P00322,outpatient,2024-09-22 08:00:00,2024-09-22 12:00:00,General Medicine,Home,Acute symptom visit,False
E0001779,P00322,emergency,2024-11-15 08:00:00,2024-11-15 14:00:00,Pulmonary,Home,Follow-up,False
E0001780,P00322,outpatient,2024-11-25 08:00:00,2024-11-25 12:00:00,Pulmonary,Home,Acute symptom visit,False
E0001781,P00322,inpatient,2025-02-18 08:00:00,2025-02-20 18:00:00,Pulmonary,Home,COPD exacerbation,False
E0001782,P00322,inpatient,2025-06-15 02:00:00,2025-06-19 06:00:00,General Medicine,Home,Electrolyte disorder,False
E0001783,P00323,outpatient,2024-10-26 08:00:00,2024-10-26 11:00:00,General Surgery,Home,Medication review,False
E0001784,P00323,outpatient,2024-12-29 08:00:00,2024-12-29 10:00:00,Pulmonary,Home,Acute symptom visit,False
E0001785,P00324,outpatient,2025-03-09 08:00:00,2025-03-09 09:00:00,Endocrinology,Home,Follow-up,False
E0001786,P00324,emergency,2025-04-05 08:00:00,2025-04-05 15:00:00,Endocrinology,Home,Acute symptom visit,False
E0001787,P00324,outpatient,2025-04-30 08:00:00,2025-04-30 13:00:00,General Surgery,Home,Medication review,False
E0001788,P00324,outpatient,2025-05-22 08:00:00,2025-05-22 09:00:00,General Medicine,Home,Medication review,False
E0001789,P00324,inpatient,2025-08-25 08:00:00,2025-08-27 16:00:00,General Medicine,Transfer to acute care,Electrolyte disorder,False
E0001790,P00324,inpatient,2026-01-15 03:00:00,2026-01-17 13:00:00,General Medicine,Home,Syncope,False
E0001791,P00325,outpatient,2025-02-24 08:00:00,2025-02-24 13:00:00,General Surgery,Home,Medication review,False
E0001792,P00325,emergency,2025-05-26 08:00:00,2025-05-26 09:00:00,Pulmonary,Home,Medication review,False
E0001793,P00325,emergency,2025-06-26 08:00:00,2025-06-26 16:00:00,Pulmonary,Home,Acute symptom visit,False
E0001794,P00325,outpatient,2025-06-30 08:00:00,2025-06-30 16:00:00,Cardiology,Home,Acute symptom visit,False
E0001795,P00325,inpatient,2025-08-28 08:00:00,2025-08-31 17:00:00,Cardiology,Home health,Chest pain,False
E0001796,P00325,inpatient,2026-01-09 19:00:00,2026-01-12 05:00:00,General Medicine,Home,Electrolyte disorder,False
E0001797,P00326,emergency,2025-01-17 08:00:00,2025-01-17 11:00:00,Endocrinology,Home,Medication review,False
E0001798,P00326,outpatient,2025-01-28 08:00:00,2025-01-28 11:00:00,Endocrinology,Home,Acute symptom visit,False
E0001799,P00326,outpatient,2025-02-17 08:00:00,2025-02-17 09:00:00,General Surgery,Home,Follow-up,False
E0001800,P00326,emergency,2025-04-20 08:00:00,2025-04-20 10:00:00,Endocrinology,Home,Medication review,False
E0001801,P00326,emergency,2025-04-26 08:00:00,2025-04-26 13:00:00,Pulmonary,Home,Acute symptom visit,False
E0001802,P00326,emergency,2025-05-04 08:00:00,2025-05-04 11:00:00,Cardiology,Home,Medication review,False
E0001803,P00326,inpatient,2025-06-20 08:00:00,2025-06-24 17:00:00,Cardiology,Home,Chest pain,False
E0001804,P00327,outpatient,2025-06-14 08:00:00,2025-06-14 15:00:00,Endocrinology,Home,Acute symptom visit,False
E0001805,P00327,outpatient,2025-06-17 08:00:00,2025-06-17 10:00:00,Pulmonary,Home,Medication review,False
E0001806,P00327,outpatient,2025-07-13 08:00:00,2025-07-13 10:00:00,Cardiology,Home,Medication review,False
E0001807,P00327,outpatient,2025-08-15 08:00:00,2025-08-15 09:00:00,Cardiology,Home,Follow-up,False
E0001808,P00327,emergency,2025-09-09 08:00:00,2025-09-09 11:00:00,General Surgery,Home,Acute symptom visit,False
E0001809,P00327,inpatient,2025-09-30 08:00:00,2025-10-02 15:00:00,General Surgery,Home,Abdominal pain,False
E0001810,P00327,inpatient,2026-01-14 22:00:00,2026-01-19 00:00:00,Pulmonary,Skilled nursing facility,Pneumonia,False
E0001811,P00328,outpatient,2024-12-22 08:00:00,2024-12-22 12:00:00,Endocrinology,Home,Acute symptom visit,False
E0001812,P00328,emergency,2025-01-07 08:00:00,2025-01-07 14:00:00,General Surgery,Home,Acute symptom visit,False
E0001813,P00328,inpatient,2025-03-29 08:00:00,2025-04-01 10:00:00,General Medicine,Home,Syncope,False
E0001814,P00329,outpatient,2025-01-09 08:00:00,2025-01-09 09:00:00,General Medicine,Home,Follow-up,False
E0001815,P00329,outpatient,2025-01-14 08:00:00,2025-01-14 13:00:00,General Surgery,Home,Follow-up,False
E0001816,P00329,outpatient,2025-01-28 08:00:00,2025-01-28 09:00:00,General Medicine,Home,Acute symptom visit,False
E0001817,P00329,outpatient,2025-02-15 08:00:00,2025-02-15 14:00:00,Cardiology,Home,Follow-up,False
E0001818,P00329,outpatient,2025-02-16 08:00:00,2025-02-16 15:00:00,Cardiology,Home,Follow-up,False
E0001819,P00329,inpatient,2025-04-24 08:00:00,2025-04-26 14:00:00,Endocrinology,Transfer to acute care,Hypoglycemia,False
E0001820,P00330,emergency,2024-11-23 08:00:00,2024-11-23 09:00:00,General Surgery,Home,Follow-up,False
E0001821,P00330,outpatient,2024-11-30 08:00:00,2024-11-30 16:00:00,Cardiology,Home,Follow-up,False
E0001822,P00330,inpatient,2025-03-30 08:00:00,2025-04-01 14:00:00,General Medicine,Home,Electrolyte disorder,False
E0001823,P00331,outpatient,2025-03-28 08:00:00,2025-03-28 13:00:00,General Surgery,Home,Medication review,False
E0001824,P00331,outpatient,2025-04-18 08:00:00,2025-04-18 16:00:00,Endocrinology,Home,Follow-up,False
E0001825,P00331,outpatient,2025-05-19 08:00:00,2025-05-19 16:00:00,Cardiology,Home,Medication review,False
E0001826,P00331,outpatient,2025-06-06 08:00:00,2025-06-06 10:00:00,General Surgery,Home,Medication review,False
E0001827,P00331,outpatient,2025-08-23 08:00:00,2025-08-23 12:00:00,Pulmonary,Home,Acute symptom visit,False
E0001828,P00331,inpatient,2025-09-26 08:00:00,2025-09-29 15:00:00,General Surgery,Skilled nursing facility,Abdominal pain,False
E0001829,P00332,outpatient,2025-04-30 08:00:00,2025-04-30 15:00:00,Cardiology,Home,Acute symptom visit,False
E0001830,P00332,emergency,2025-05-21 08:00:00,2025-05-21 09:00:00,Cardiology,Home,Medication review,False
E0001831,P00332,outpatient,2025-05-22 08:00:00,2025-05-22 09:00:00,General Surgery,Home,Follow-up,False
E0001832,P00332,outpatient,2025-06-11 08:00:00,2025-06-11 14:00:00,Cardiology,Home,Medication review,False
E0001833,P00332,emergency,2025-06-27 08:00:00,2025-06-27 15:00:00,Endocrinology,Home,Acute symptom visit,False
E0001834,P00332,emergency,2025-06-27 08:00:00,2025-06-27 15:00:00,Endocrinology,Home,Follow-up,False
E0001835,P00332,emergency,2025-07-17 08:00:00,2025-07-17 12:00:00,Cardiology,Home,Follow-up,False
E0001836,P00332,outpatient,2025-08-15 08:00:00,2025-08-15 14:00:00,Endocrinology,Home,Follow-up,False
E0001837,P00332,outpatient,2025-09-17 08:00:00,2025-09-17 16:00:00,Pulmonary,Home,Acute symptom visit,False
E0001838,P00332,inpatient,2025-11-15 08:00:00,2025-11-16 13:00:00,Pulmonary,Home,COPD exacerbation,False
E0001839,P00333,outpatient,2024-09-28 08:00:00,2024-09-28 16:00:00,General Medicine,Home,Medication review,False
E0001840,P00333,emergency,2024-10-09 08:00:00,2024-10-09 12:00:00,General Medicine,Home,Acute symptom visit,False
E0001841,P00333,emergency,2024-11-22 08:00:00,2024-11-22 11:00:00,Cardiology,Home,Acute symptom visit,False
E0001842,P00333,outpatient,2024-12-01 08:00:00,2024-12-01 16:00:00,Endocrinology,Home,Follow-up,False
E0001843,P00333,outpatient,2024-12-05 08:00:00,2024-12-05 16:00:00,General Medicine,Home,Acute symptom visit,False
E0001844,P00333,outpatient,2024-12-31 08:00:00,2024-12-31 09:00:00,General Medicine,Home,Follow-up,False
E0001845,P00333,inpatient,2025-02-08 08:00:00,2025-02-11 13:00:00,General Surgery,Transfer to acute care,Biliary disease,True
E0001846,P00333,inpatient,2025-05-05 00:00:00,2025-05-06 07:00:00,General Surgery,Home health,Biliary disease,False
E0001847,P00333,inpatient,2025-07-27 07:00:00,2025-07-29 13:00:00,General Medicine,Home,Syncope,False
E0001848,P00334,outpatient,2024-11-06 08:00:00,2024-11-06 15:00:00,General Surgery,Home,Acute symptom visit,False
E0001849,P00334,inpatient,2025-04-19 08:00:00,2025-04-23 18:00:00,General Medicine,Transfer to acute care,Cellulitis,False
E0001850,P00335,outpatient,2024-08-22 08:00:00,2024-08-22 11:00:00,General Medicine,Home,Follow-up,False
E0001851,P00335,outpatient,2024-10-02 08:00:00,2024-10-02 10:00:00,Pulmonary,Home,Follow-up,False
E0001852,P00335,emergency,2025-01-03 08:00:00,2025-01-03 15:00:00,Pulmonary,Home,Acute symptom visit,False
E0001853,P00335,outpatient,2025-01-20 08:00:00,2025-01-20 09:00:00,Endocrinology,Home,Medication review,False
E0001854,P00335,inpatient,2025-02-22 08:00:00,2025-02-23 12:00:00,General Surgery,Home,Postoperative wound issue,True
E0001855,P00335,inpatient,2025-06-27 18:00:00,2025-06-29 00:00:00,Endocrinology,Home,Hypoglycemia,False
E0001856,P00336,outpatient,2025-03-16 08:00:00,2025-03-16 10:00:00,General Surgery,Home,Acute symptom visit,False
E0001857,P00336,inpatient,2025-06-19 08:00:00,2025-06-20 18:00:00,General Medicine,Home,Sepsis,False
E0001858,P00336,inpatient,2025-09-20 20:00:00,2025-09-22 22:00:00,General Medicine,Skilled nursing facility,Sepsis,False
E0001859,P00337,outpatient,2025-02-05 08:00:00,2025-02-05 10:00:00,Pulmonary,Home,Follow-up,False
E0001860,P00337,inpatient,2025-06-04 08:00:00,2025-06-08 12:00:00,Pulmonary,Home,COPD exacerbation,False
E0001861,P00338,outpatient,2025-01-16 08:00:00,2025-01-16 12:00:00,General Surgery,Home,Acute symptom visit,False
E0001862,P00338,outpatient,2025-02-03 08:00:00,2025-02-03 11:00:00,Cardiology,Home,Follow-up,False
E0001863,P00338,outpatient,2025-03-20 08:00:00,2025-03-20 10:00:00,General Medicine,Home,Follow-up,False
E0001864,P00338,inpatient,2025-06-03 08:00:00,2025-06-06 15:00:00,General Medicine,Home,Cellulitis,False
E0001865,P00338,inpatient,2025-10-21 22:00:00,2025-10-23 02:00:00,Cardiology,Home,Atrial fibrillation,False
E0001866,P00339,emergency,2025-04-16 08:00:00,2025-04-16 15:00:00,Endocrinology,Home,Medication review,False
E0001867,P00339,outpatient,2025-06-10 08:00:00,2025-06-10 16:00:00,General Medicine,Home,Medication review,False
E0001868,P00339,outpatient,2025-07-28 08:00:00,2025-07-28 13:00:00,General Medicine,Home,Medication review,False
E0001869,P00339,emergency,2025-07-29 08:00:00,2025-07-29 13:00:00,Cardiology,Home,Acute symptom visit,False
E0001870,P00339,emergency,2025-08-08 08:00:00,2025-08-08 12:00:00,Pulmonary,Home,Follow-up,False
E0001871,P00339,emergency,2025-08-20 08:00:00,2025-08-20 15:00:00,Endocrinology,Home,Acute symptom visit,False
E0001872,P00339,inpatient,2025-10-08 08:00:00,2025-10-13 10:00:00,General Surgery,Home,Postoperative wound issue,False
E0001873,P00339,inpatient,2026-02-08 13:00:00,2026-02-13 15:00:00,Endocrinology,Home health,Hyperglycemia,False
E0001874,P00340,emergency,2025-02-18 08:00:00,2025-02-18 09:00:00,Cardiology,Home,Acute symptom visit,False
E0001875,P00340,emergency,2025-02-22 08:00:00,2025-02-22 10:00:00,Endocrinology,Home,Follow-up,False
E0001876,P00340,outpatient,2025-04-17 08:00:00,2025-04-17 14:00:00,Endocrinology,Home,Follow-up,False
E0001877,P00340,inpatient,2025-05-26 08:00:00,2025-05-28 16:00:00,Pulmonary,Home,Pneumonia,False
E0001878,P00341,outpatient,2024-08-23 08:00:00,2024-08-23 09:00:00,Endocrinology,Home,Acute symptom visit,False
E0001879,P00341,outpatient,2024-09-28 08:00:00,2024-09-28 14:00:00,General Medicine,Home,Acute symptom visit,False
E0001880,P00341,outpatient,2024-10-07 08:00:00,2024-10-07 15:00:00,Cardiology,Home,Medication review,False
E0001881,P00342,outpatient,2025-08-23 08:00:00,2025-08-23 15:00:00,Pulmonary,Home,Medication review,False
E0001882,P00343,outpatient,2025-07-26 08:00:00,2025-07-26 15:00:00,Pulmonary,Home,Medication review,False
E0001883,P00343,inpatient,2025-10-30 08:00:00,2025-11-04 17:00:00,Pulmonary,Home health,Asthma exacerbation,False
E0001884,P00344,outpatient,2024-10-11 08:00:00,2024-10-11 14:00:00,Cardiology,Home,Follow-up,False
E0001885,P00344,outpatient,2024-11-18 08:00:00,2024-11-18 11:00:00,General Medicine,Home,Medication review,False
E0001886,P00344,outpatient,2024-12-13 08:00:00,2024-12-13 14:00:00,Endocrinology,Home,Follow-up,False
E0001887,P00344,outpatient,2024-12-23 08:00:00,2024-12-23 11:00:00,General Medicine,Home,Follow-up,False
E0001888,P00344,emergency,2025-03-08 08:00:00,2025-03-08 16:00:00,Cardiology,Home,Medication review,False
E0001889,P00344,inpatient,2025-04-25 08:00:00,2025-04-27 15:00:00,General Medicine,Skilled nursing facility,Cellulitis,False
E0001890,P00345,outpatient,2024-08-30 08:00:00,2024-08-30 12:00:00,General Medicine,Home,Follow-up,False
E0001891,P00345,outpatient,2024-10-27 08:00:00,2024-10-27 09:00:00,Endocrinology,Home,Medication review,False
E0001892,P00345,outpatient,2024-10-29 08:00:00,2024-10-29 12:00:00,General Surgery,Home,Medication review,False
E0001893,P00345,outpatient,2024-12-18 08:00:00,2024-12-18 12:00:00,Pulmonary,Home,Acute symptom visit,False
E0001894,P00345,emergency,2024-12-19 08:00:00,2024-12-19 09:00:00,Endocrinology,Home,Follow-up,False
E0001895,P00345,emergency,2025-01-16 08:00:00,2025-01-16 09:00:00,General Surgery,Home,Acute symptom visit,False
E0001896,P00345,inpatient,2025-03-11 08:00:00,2025-03-13 15:00:00,General Medicine,Home,Cellulitis,False
E0001897,P00346,outpatient,2025-04-22 08:00:00,2025-04-22 13:00:00,General Surgery,Home,Medication review,False
E0001898,P00346,outpatient,2025-05-17 08:00:00,2025-05-17 14:00:00,General Surgery,Home,Acute symptom visit,False
E0001899,P00346,outpatient,2025-07-02 08:00:00,2025-07-02 12:00:00,Endocrinology,Home,Follow-up,False
E0001900,P00346,outpatient,2025-07-08 08:00:00,2025-07-08 13:00:00,General Surgery,Home,Medication review,False
E0001901,P00346,outpatient,2025-07-12 08:00:00,2025-07-12 11:00:00,General Medicine,Home,Medication review,False
E0001902,P00346,inpatient,2025-10-10 08:00:00,2025-10-13 10:00:00,Cardiology,Transfer to acute care,Atrial fibrillation,False
E0001903,P00347,outpatient,2025-01-05 08:00:00,2025-01-05 14:00:00,Pulmonary,Home,Follow-up,False
E0001904,P00347,emergency,2025-03-12 08:00:00,2025-03-12 13:00:00,General Surgery,Home,Acute symptom visit,False
E0001905,P00347,inpatient,2025-07-09 08:00:00,2025-07-12 13:00:00,General Medicine,Home,Sepsis,False
E0001906,P00347,inpatient,2025-09-10 18:00:00,2025-09-11 21:00:00,General Medicine,Home,Syncope,False
E0001907,P00347,inpatient,2025-10-27 09:00:00,2025-10-29 15:00:00,General Medicine,Home,Syncope,False
E0001908,P00348,outpatient,2024-12-06 08:00:00,2024-12-06 14:00:00,General Medicine,Home,Acute symptom visit,False
E0001909,P00348,outpatient,2024-12-17 08:00:00,2024-12-17 11:00:00,General Medicine,Home,Medication review,False
E0001910,P00348,outpatient,2025-01-15 08:00:00,2025-01-15 16:00:00,General Surgery,Home,Medication review,False
E0001911,P00348,outpatient,2025-03-27 08:00:00,2025-03-27 14:00:00,General Medicine,Home,Acute symptom visit,False
E0001912,P00348,inpatient,2025-04-16 08:00:00,2025-04-17 14:00:00,Endocrinology,Home health,Diabetes complication,False
E0001913,P00349,outpatient,2025-03-15 08:00:00,2025-03-15 09:00:00,General Medicine,Home,Medication review,False
E0001914,P00349,outpatient,2025-06-04 08:00:00,2025-06-04 12:00:00,General Medicine,Home,Medication review,False
E0001915,P00349,outpatient,2025-06-27 08:00:00,2025-06-27 14:00:00,Endocrinology,Home,Acute symptom visit,False
E0001916,P00349,outpatient,2025-08-06 08:00:00,2025-08-06 11:00:00,General Medicine,Home,Medication review,False
E0001917,P00349,outpatient,2025-08-14 08:00:00,2025-08-14 15:00:00,Cardiology,Home,Medication review,False
E0001918,P00349,inpatient,2025-09-17 08:00:00,2025-09-19 15:00:00,Endocrinology,Home,Hypoglycemia,False
E0001919,P00350,outpatient,2025-06-01 08:00:00,2025-06-01 16:00:00,General Surgery,Home,Acute symptom visit,False
E0001920,P00350,outpatient,2025-06-03 08:00:00,2025-06-03 09:00:00,Cardiology,Home,Acute symptom visit,False
E0001921,P00351,outpatient,2025-03-28 08:00:00,2025-03-28 15:00:00,General Surgery,Home,Acute symptom visit,False
E0001922,P00351,outpatient,2025-06-29 08:00:00,2025-06-29 16:00:00,General Surgery,Home,Medication review,False
E0001923,P00351,inpatient,2025-08-19 08:00:00,2025-08-21 17:00:00,General Surgery,Home,Postoperative wound issue,False
E0001924,P00352,outpatient,2025-04-23 08:00:00,2025-04-23 15:00:00,General Medicine,Home,Medication review,False
E0001925,P00352,emergency,2025-06-01 08:00:00,2025-06-01 11:00:00,General Surgery,Home,Follow-up,False
E0001926,P00352,outpatient,2025-07-04 08:00:00,2025-07-04 10:00:00,General Surgery,Home,Acute symptom visit,False
E0001927,P00352,inpatient,2025-11-02 08:00:00,2025-11-06 10:00:00,General Medicine,Home,Electrolyte disorder,False
E0001928,P00353,outpatient,2024-09-29 08:00:00,2024-09-29 13:00:00,General Medicine,Home,Acute symptom visit,False
E0001929,P00353,outpatient,2024-11-02 08:00:00,2024-11-02 13:00:00,General Surgery,Home,Medication review,False
E0001930,P00353,outpatient,2024-11-04 08:00:00,2024-11-04 16:00:00,Pulmonary,Home,Medication review,False
E0001931,P00353,outpatient,2024-12-17 08:00:00,2024-12-17 12:00:00,General Medicine,Home,Medication review,False
E0001932,P00353,outpatient,2024-12-25 08:00:00,2024-12-25 13:00:00,Cardiology,Home,Follow-up,False
E0001933,P00353,inpatient,2025-02-13 08:00:00,2025-02-14 15:00:00,General Surgery,Home,Postoperative wound issue,False
E0001934,P00354,outpatient,2024-11-14 08:00:00,2024-11-14 12:00:00,Endocrinology,Home,Follow-up,False
E0001935,P00354,emergency,2024-11-29 08:00:00,2024-11-29 12:00:00,General Surgery,Home,Follow-up,False
E0001936,P00354,outpatient,2024-12-24 08:00:00,2024-12-24 16:00:00,General Surgery,Home,Acute symptom visit,False
E0001937,P00354,emergency,2025-01-09 08:00:00,2025-01-09 09:00:00,Pulmonary,Home,Follow-up,False
E0001938,P00354,emergency,2025-01-31 08:00:00,2025-01-31 14:00:00,General Surgery,Home,Medication review,False
E0001939,P00355,outpatient,2025-04-04 08:00:00,2025-04-04 12:00:00,Endocrinology,Home,Acute symptom visit,False
E0001940,P00355,emergency,2025-05-05 08:00:00,2025-05-05 14:00:00,Cardiology,Home,Follow-up,False
E0001941,P00355,outpatient,2025-06-03 08:00:00,2025-06-03 14:00:00,Endocrinology,Home,Medication review,False
E0001942,P00355,emergency,2025-07-27 08:00:00,2025-07-27 14:00:00,General Surgery,Home,Medication review,False
E0001943,P00355,outpatient,2025-08-20 08:00:00,2025-08-20 13:00:00,Pulmonary,Home,Follow-up,False
E0001944,P00355,inpatient,2025-10-01 08:00:00,2025-10-04 13:00:00,General Medicine,Home,Electrolyte disorder,False
E0001945,P00355,inpatient,2026-01-16 22:00:00,2026-01-18 03:00:00,General Medicine,Home health,Cellulitis,False
E0001946,P00356,emergency,2025-06-12 08:00:00,2025-06-12 09:00:00,Endocrinology,Home,Follow-up,False
E0001947,P00356,outpatient,2025-07-09 08:00:00,2025-07-09 16:00:00,General Surgery,Home,Follow-up,False
E0001948,P00356,outpatient,2025-07-13 08:00:00,2025-07-13 12:00:00,General Surgery,Home,Medication review,False
E0001949,P00356,outpatient,2025-08-26 08:00:00,2025-08-26 16:00:00,Endocrinology,Home,Follow-up,False
E0001950,P00356,inpatient,2025-10-26 08:00:00,2025-10-28 14:00:00,Cardiology,Home,Chest pain,False
E0001951,P00356,inpatient,2025-11-17 02:00:00,2025-11-18 08:00:00,Endocrinology,Home,Hypoglycemia,False
E0001952,P00356,inpatient,2026-01-31 19:00:00,2026-02-02 02:00:00,General Surgery,Home health,Postoperative wound issue,False
E0001953,P00357,outpatient,2024-07-25 08:00:00,2024-07-25 13:00:00,General Medicine,Home,Medication review,False
E0001954,P00357,outpatient,2024-08-28 08:00:00,2024-08-28 11:00:00,Pulmonary,Home,Follow-up,False
E0001955,P00357,outpatient,2024-09-19 08:00:00,2024-09-19 11:00:00,General Surgery,Home,Follow-up,False
E0001956,P00357,emergency,2024-09-23 08:00:00,2024-09-23 09:00:00,General Surgery,Home,Medication review,False
E0001957,P00357,emergency,2024-11-09 08:00:00,2024-11-09 16:00:00,General Surgery,Home,Follow-up,False
E0001958,P00357,outpatient,2024-12-22 08:00:00,2024-12-22 09:00:00,General Medicine,Home,Medication review,False
E0001959,P00358,outpatient,2025-06-10 08:00:00,2025-06-10 09:00:00,Cardiology,Home,Acute symptom visit,False
E0001960,P00358,emergency,2025-08-14 08:00:00,2025-08-14 10:00:00,General Surgery,Home,Follow-up,False
E0001961,P00358,outpatient,2025-09-01 08:00:00,2025-09-01 09:00:00,General Surgery,Home,Acute symptom visit,False
E0001962,P00358,outpatient,2025-09-10 08:00:00,2025-09-10 14:00:00,Pulmonary,Home,Acute symptom visit,False
E0001963,P00358,inpatient,2025-10-03 08:00:00,2025-10-08 16:00:00,General Medicine,Home,Syncope,False
E0001964,P00359,outpatient,2025-05-08 08:00:00,2025-05-08 14:00:00,Pulmonary,Home,Acute symptom visit,False
E0001965,P00359,outpatient,2025-05-16 08:00:00,2025-05-16 12:00:00,General Medicine,Home,Acute symptom visit,False
E0001966,P00359,outpatient,2025-06-10 08:00:00,2025-06-10 14:00:00,General Medicine,Home,Medication review,False
E0001967,P00360,emergency,2025-04-15 08:00:00,2025-04-15 13:00:00,General Medicine,Home,Acute symptom visit,False
E0001968,P00360,emergency,2025-04-19 08:00:00,2025-04-19 09:00:00,General Surgery,Home,Follow-up,False
E0001969,P00360,outpatient,2025-04-30 08:00:00,2025-04-30 16:00:00,General Surgery,Home,Medication review,False
E0001970,P00360,outpatient,2025-05-26 08:00:00,2025-05-26 16:00:00,Pulmonary,Home,Medication review,False
E0001971,P00360,inpatient,2025-10-25 08:00:00,2025-10-28 12:00:00,General Surgery,Home,Abdominal pain,True
E0001972,P00361,outpatient,2025-03-20 08:00:00,2025-03-20 14:00:00,General Medicine,Home,Follow-up,False
E0001973,P00361,outpatient,2025-06-12 08:00:00,2025-06-12 11:00:00,Endocrinology,Home,Acute symptom visit,False
E0001974,P00361,emergency,2025-06-30 08:00:00,2025-06-30 12:00:00,General Medicine,Home,Follow-up,False
E0001975,P00361,emergency,2025-07-17 08:00:00,2025-07-17 12:00:00,Pulmonary,Home,Follow-up,False
E0001976,P00361,inpatient,2025-08-15 08:00:00,2025-08-16 18:00:00,General Medicine,Home,Electrolyte disorder,False
E0001977,P00362,outpatient,2025-05-11 08:00:00,2025-05-11 13:00:00,Endocrinology,Home,Medication review,False
E0001978,P00362,emergency,2025-08-03 08:00:00,2025-08-03 11:00:00,General Surgery,Home,Acute symptom visit,False
E0001979,P00362,emergency,2025-08-13 08:00:00,2025-08-13 13:00:00,Endocrinology,Home,Medication review,False
E0001980,P00362,inpatient,2025-10-12 08:00:00,2025-10-15 14:00:00,Cardiology,Home,Atrial fibrillation,False
E0001981,P00363,outpatient,2025-01-08 08:00:00,2025-01-08 14:00:00,Cardiology,Home,Acute symptom visit,False
E0001982,P00363,inpatient,2025-03-26 08:00:00,2025-03-29 13:00:00,General Medicine,Expired,Sepsis,False
E0001983,P00363,inpatient,2025-04-03 20:00:00,2025-04-07 04:00:00,Pulmonary,Home,Pneumonia,False
E0001984,P00363,inpatient,2025-08-06 08:00:00,2025-08-08 11:00:00,Cardiology,Skilled nursing facility,Atrial fibrillation,False
E0001985,P00364,emergency,2025-04-13 08:00:00,2025-04-13 13:00:00,Endocrinology,Home,Follow-up,False
E0001986,P00364,emergency,2025-07-28 08:00:00,2025-07-28 16:00:00,Pulmonary,Home,Acute symptom visit,False
E0001987,P00364,outpatient,2025-08-06 08:00:00,2025-08-06 16:00:00,Pulmonary,Home,Follow-up,False
E0001988,P00365,outpatient,2025-05-11 08:00:00,2025-05-11 11:00:00,Endocrinology,Home,Acute symptom visit,False
E0001989,P00365,emergency,2025-06-30 08:00:00,2025-06-30 14:00:00,Cardiology,Home,Follow-up,False
E0001990,P00365,outpatient,2025-08-22 08:00:00,2025-08-22 09:00:00,Pulmonary,Home,Medication review,False
E0001991,P00365,emergency,2025-09-09 08:00:00,2025-09-09 11:00:00,Cardiology,Home,Acute symptom visit,False
E0001992,P00365,inpatient,2025-10-28 08:00:00,2025-10-29 18:00:00,Endocrinology,Home,Diabetes complication,False
E0001993,P00365,inpatient,2025-11-18 22:00:00,2025-11-23 01:00:00,Pulmonary,Home,Asthma exacerbation,False
E0001994,P00366,outpatient,2024-08-25 08:00:00,2024-08-25 10:00:00,Cardiology,Home,Follow-up,False
E0001995,P00366,outpatient,2024-09-12 08:00:00,2024-09-12 14:00:00,Endocrinology,Home,Medication review,False
E0001996,P00366,outpatient,2024-10-09 08:00:00,2024-10-09 10:00:00,General Surgery,Home,Follow-up,False
E0001997,P00366,outpatient,2024-10-11 08:00:00,2024-10-11 10:00:00,Pulmonary,Home,Acute symptom visit,False
E0001998,P00366,emergency,2024-12-10 08:00:00,2024-12-10 11:00:00,Endocrinology,Home,Medication review,False
E0001999,P00366,emergency,2025-01-29 08:00:00,2025-01-29 14:00:00,General Medicine,Home,Medication review,False
E0002000,P00367,outpatient,2025-01-02 08:00:00,2025-01-02 09:00:00,General Medicine,Home,Follow-up,False
E0002001,P00367,outpatient,2025-04-14 08:00:00,2025-04-14 09:00:00,General Medicine,Home,Acute symptom visit,False
E0002002,P00367,emergency,2025-04-15 08:00:00,2025-04-15 14:00:00,Pulmonary,Home,Medication review,False
E0002003,P00367,inpatient,2025-07-16 08:00:00,2025-07-17 12:00:00,Pulmonary,Home,Pneumonia,False
E0002004,P00368,emergency,2025-06-21 08:00:00,2025-06-21 14:00:00,Cardiology,Home,Medication review,False
E0002005,P00368,outpatient,2025-07-12 08:00:00,2025-07-12 12:00:00,Cardiology,Home,Follow-up,False
E0002006,P00368,outpatient,2025-09-14 08:00:00,2025-09-14 09:00:00,Pulmonary,Home,Follow-up,False
E0002007,P00368,inpatient,2025-11-06 08:00:00,2025-11-11 14:00:00,Endocrinology,Skilled nursing facility,Hyperglycemia,False
E0002008,P00369,outpatient,2025-05-21 08:00:00,2025-05-21 11:00:00,Pulmonary,Home,Medication review,False
E0002009,P00369,emergency,2025-07-20 08:00:00,2025-07-20 15:00:00,Pulmonary,Home,Medication review,False
E0002010,P00369,emergency,2025-09-26 08:00:00,2025-09-26 15:00:00,Pulmonary,Home,Acute symptom visit,False
E0002011,P00369,inpatient,2025-10-08 08:00:00,2025-10-12 12:00:00,Endocrinology,Skilled nursing facility,Diabetes complication,False
E0002012,P00370,emergency,2024-09-06 08:00:00,2024-09-06 09:00:00,Cardiology,Home,Medication review,False
E0002013,P00370,emergency,2024-09-20 08:00:00,2024-09-20 13:00:00,General Surgery,Home,Follow-up,False
E0002014,P00370,outpatient,2024-10-09 08:00:00,2024-10-09 13:00:00,Pulmonary,Home,Medication review,False
E0002015,P00370,emergency,2024-10-20 08:00:00,2024-10-20 16:00:00,General Medicine,Home,Acute symptom visit,False
E0002016,P00370,emergency,2024-11-07 08:00:00,2024-11-07 15:00:00,General Surgery,Home,Acute symptom visit,False
E0002017,P00370,outpatient,2025-01-23 08:00:00,2025-01-23 11:00:00,Pulmonary,Home,Follow-up,False
E0002018,P00370,emergency,2025-01-27 08:00:00,2025-01-27 11:00:00,General Surgery,Home,Medication review,False
E0002019,P00370,inpatient,2025-03-09 08:00:00,2025-03-13 12:00:00,General Medicine,Home,Electrolyte disorder,False
E0002020,P00371,outpatient,2024-11-16 08:00:00,2024-11-16 14:00:00,General Medicine,Home,Follow-up,False
E0002021,P00371,outpatient,2024-12-18 08:00:00,2024-12-18 13:00:00,Pulmonary,Home,Medication review,False
E0002022,P00371,outpatient,2025-04-05 08:00:00,2025-04-05 14:00:00,Pulmonary,Home,Medication review,False
E0002023,P00371,inpatient,2025-05-28 08:00:00,2025-06-01 15:00:00,Pulmonary,Home,Pneumonia,False
E0002024,P00371,inpatient,2025-06-07 18:00:00,2025-06-10 23:00:00,General Medicine,Home,Electrolyte disorder,False
E0002025,P00371,inpatient,2025-10-29 04:00:00,2025-10-30 12:00:00,Pulmonary,Home,Pneumonia,False
E0002026,P00372,outpatient,2024-11-08 08:00:00,2024-11-08 09:00:00,Endocrinology,Home,Follow-up,False
E0002027,P00372,emergency,2025-03-28 08:00:00,2025-03-28 14:00:00,General Surgery,Home,Acute symptom visit,False
E0002028,P00372,emergency,2025-04-14 08:00:00,2025-04-14 13:00:00,Cardiology,Home,Follow-up,False
E0002029,P00372,inpatient,2025-06-20 08:00:00,2025-06-25 12:00:00,General Medicine,Home health,Syncope,False
E0002030,P00373,outpatient,2024-08-26 08:00:00,2024-08-26 10:00:00,General Medicine,Home,Acute symptom visit,False
E0002031,P00373,outpatient,2024-09-14 08:00:00,2024-09-14 14:00:00,General Medicine,Home,Follow-up,False
E0002032,P00373,emergency,2024-09-29 08:00:00,2024-09-29 12:00:00,Pulmonary,Home,Follow-up,False
E0002033,P00373,outpatient,2024-11-13 08:00:00,2024-11-13 09:00:00,Endocrinology,Home,Follow-up,False
E0002034,P00373,inpatient,2025-02-19 08:00:00,2025-02-20 15:00:00,Cardiology,Home,Heart failure exacerbation,False
E0002035,P00373,inpatient,2025-05-05 17:00:00,2025-05-08 20:00:00,Pulmonary,Home,Asthma exacerbation,False
E0002036,P00374,outpatient,2025-03-08 08:00:00,2025-03-08 16:00:00,Endocrinology,Home,Medication review,False
E0002037,P00374,outpatient,2025-05-10 08:00:00,2025-05-10 09:00:00,Pulmonary,Home,Follow-up,False
E0002038,P00374,emergency,2025-05-29 08:00:00,2025-05-29 16:00:00,General Surgery,Home,Medication review,False
E0002039,P00374,outpatient,2025-07-07 08:00:00,2025-07-07 14:00:00,General Surgery,Home,Follow-up,False
E0002040,P00374,outpatient,2025-07-27 08:00:00,2025-07-27 14:00:00,Endocrinology,Home,Follow-up,False
E0002041,P00375,emergency,2024-09-02 08:00:00,2024-09-02 11:00:00,General Medicine,Home,Follow-up,False
E0002042,P00375,outpatient,2024-09-13 08:00:00,2024-09-13 10:00:00,Cardiology,Home,Follow-up,False
E0002043,P00375,outpatient,2024-11-02 08:00:00,2024-11-02 15:00:00,General Surgery,Home,Acute symptom visit,False
E0002044,P00375,outpatient,2024-11-26 08:00:00,2024-11-26 14:00:00,Cardiology,Home,Follow-up,False
E0002045,P00375,inpatient,2025-03-01 08:00:00,2025-03-03 15:00:00,General Surgery,Home,Postoperative wound issue,False
E0002046,P00376,outpatient,2025-01-16 08:00:00,2025-01-16 10:00:00,General Medicine,Home,Medication review,False
E0002047,P00376,outpatient,2025-02-11 08:00:00,2025-02-11 15:00:00,General Surgery,Home,Medication review,False
E0002048,P00376,outpatient,2025-03-29 08:00:00,2025-03-29 09:00:00,Pulmonary,Home,Follow-up,False
E0002049,P00376,outpatient,2025-04-02 08:00:00,2025-04-02 10:00:00,Pulmonary,Home,Follow-up,False
E0002050,P00377,outpatient,2025-01-05 08:00:00,2025-01-05 14:00:00,Cardiology,Home,Medication review,False
E0002051,P00377,inpatient,2025-06-11 08:00:00,2025-06-13 16:00:00,General Surgery,Home,Abdominal pain,False
E0002052,P00377,inpatient,2025-10-22 19:00:00,2025-10-27 03:00:00,General Surgery,Home,Abdominal pain,False
E0002053,P00378,outpatient,2024-08-19 08:00:00,2024-08-19 16:00:00,Cardiology,Home,Follow-up,False
E0002054,P00378,emergency,2024-09-01 08:00:00,2024-09-01 10:00:00,Pulmonary,Home,Follow-up,False
E0002055,P00378,outpatient,2024-10-01 08:00:00,2024-10-01 16:00:00,General Surgery,Home,Acute symptom visit,False
E0002056,P00378,outpatient,2024-10-08 08:00:00,2024-10-08 12:00:00,Cardiology,Home,Follow-up,False
E0002057,P00378,outpatient,2024-10-18 08:00:00,2024-10-18 16:00:00,Cardiology,Home,Acute symptom visit,False
E0002058,P00378,outpatient,2024-12-09 08:00:00,2024-12-09 16:00:00,Endocrinology,Home,Acute symptom visit,False
E0002059,P00378,inpatient,2025-02-01 08:00:00,2025-02-07 15:00:00,General Surgery,Skilled nursing facility,Postoperative wound issue,False
E0002060,P00379,outpatient,2025-01-17 08:00:00,2025-01-17 13:00:00,General Surgery,Home,Medication review,False
E0002061,P00379,outpatient,2025-02-12 08:00:00,2025-02-12 15:00:00,Pulmonary,Home,Acute symptom visit,False
E0002062,P00379,emergency,2025-02-14 08:00:00,2025-02-14 09:00:00,Cardiology,Home,Medication review,False
E0002063,P00379,outpatient,2025-02-16 08:00:00,2025-02-16 12:00:00,Cardiology,Home,Medication review,False
E0002064,P00379,outpatient,2025-03-30 08:00:00,2025-03-30 12:00:00,General Surgery,Home,Follow-up,False
E0002065,P00379,inpatient,2025-08-19 08:00:00,2025-08-21 14:00:00,General Medicine,Home,Sepsis,False
E0002066,P00379,inpatient,2025-11-08 19:00:00,2025-11-10 23:00:00,Cardiology,Home,Heart failure exacerbation,False
E0002067,P00380,outpatient,2025-03-24 08:00:00,2025-03-24 15:00:00,General Medicine,Home,Acute symptom visit,False
E0002068,P00380,outpatient,2025-05-31 08:00:00,2025-05-31 10:00:00,Pulmonary,Home,Acute symptom visit,False
E0002069,P00380,outpatient,2025-06-18 08:00:00,2025-06-18 11:00:00,Cardiology,Home,Medication review,False
E0002070,P00380,outpatient,2025-07-15 08:00:00,2025-07-15 14:00:00,General Medicine,Home,Acute symptom visit,False
E0002071,P00380,inpatient,2025-10-10 08:00:00,2025-10-12 14:00:00,Cardiology,Home,Atrial fibrillation,False
E0002072,P00381,emergency,2025-06-06 08:00:00,2025-06-06 09:00:00,Pulmonary,Home,Medication review,False
E0002073,P00381,outpatient,2025-07-24 08:00:00,2025-07-24 13:00:00,Endocrinology,Home,Acute symptom visit,False
E0002074,P00381,emergency,2025-08-02 08:00:00,2025-08-02 09:00:00,Pulmonary,Home,Medication review,False
E0002075,P00381,outpatient,2025-08-14 08:00:00,2025-08-14 10:00:00,Pulmonary,Home,Acute symptom visit,False
E0002076,P00381,inpatient,2025-11-05 08:00:00,2025-11-07 10:00:00,General Surgery,Home health,Abdominal pain,True
E0002077,P00381,inpatient,2026-04-04 19:00:00,2026-04-09 01:00:00,General Surgery,Skilled nursing facility,Abdominal pain,False
E0002078,P00381,inpatient,2026-08-21 05:00:00,2026-08-24 09:00:00,Cardiology,Home,Atrial fibrillation,False
E0002079,P00382,outpatient,2025-03-25 08:00:00,2025-03-25 15:00:00,General Medicine,Home,Medication review,False
E0002080,P00382,outpatient,2025-06-14 08:00:00,2025-06-14 15:00:00,Pulmonary,Home,Acute symptom visit,False
E0002081,P00382,outpatient,2025-07-22 08:00:00,2025-07-22 09:00:00,General Surgery,Home,Acute symptom visit,False
E0002082,P00382,outpatient,2025-08-04 08:00:00,2025-08-04 10:00:00,Pulmonary,Home,Medication review,False
E0002083,P00382,inpatient,2025-09-24 08:00:00,2025-09-28 12:00:00,Pulmonary,Home,Pneumonia,False
E0002084,P00383,emergency,2025-05-31 08:00:00,2025-05-31 09:00:00,Pulmonary,Home,Acute symptom visit,False
E0002085,P00383,outpatient,2025-06-09 08:00:00,2025-06-09 14:00:00,Pulmonary,Home,Acute symptom visit,False
E0002086,P00383,outpatient,2025-07-01 08:00:00,2025-07-01 14:00:00,Pulmonary,Home,Medication review,False
E0002087,P00383,outpatient,2025-07-15 08:00:00,2025-07-15 12:00:00,Pulmonary,Home,Follow-up,False
E0002088,P00383,outpatient,2025-08-03 08:00:00,2025-08-03 09:00:00,General Surgery,Home,Follow-up,False
E0002089,P00383,emergency,2025-08-06 08:00:00,2025-08-06 12:00:00,General Surgery,Home,Acute symptom visit,False
E0002090,P00383,inpatient,2025-10-26 08:00:00,2025-10-27 14:00:00,General Surgery,Home,Abdominal pain,False
E0002091,P00383,inpatient,2026-03-18 01:00:00,2026-03-21 11:00:00,General Medicine,Home,Electrolyte disorder,False
E0002092,P00383,inpatient,2026-06-17 19:00:00,2026-06-22 00:00:00,Pulmonary,Home,Asthma exacerbation,False
E0002093,P00384,outpatient,2025-03-10 08:00:00,2025-03-10 14:00:00,General Medicine,Home,Medication review,False
E0002094,P00384,emergency,2025-04-16 08:00:00,2025-04-16 16:00:00,Endocrinology,Home,Medication review,False
E0002095,P00384,outpatient,2025-05-24 08:00:00,2025-05-24 13:00:00,Pulmonary,Home,Medication review,False
E0002096,P00384,emergency,2025-06-07 08:00:00,2025-06-07 10:00:00,General Medicine,Home,Medication review,False
E0002097,P00384,emergency,2025-07-19 08:00:00,2025-07-19 10:00:00,General Medicine,Home,Follow-up,False
E0002098,P00384,inpatient,2025-09-24 08:00:00,2025-09-27 12:00:00,General Medicine,Home health,Electrolyte disorder,False
E0002099,P00384,inpatient,2026-02-11 20:00:00,2026-02-17 05:00:00,General Medicine,Home,Cellulitis,False
E0002100,P00385,outpatient,2024-12-11 08:00:00,2024-12-11 12:00:00,Endocrinology,Home,Acute symptom visit,False
E0002101,P00385,outpatient,2024-12-25 08:00:00,2024-12-25 14:00:00,General Medicine,Home,Acute symptom visit,False
E0002102,P00385,emergency,2025-01-20 08:00:00,2025-01-20 14:00:00,Endocrinology,Home,Medication review,False
E0002103,P00385,outpatient,2025-01-20 08:00:00,2025-01-20 09:00:00,General Surgery,Home,Acute symptom visit,False
E0002104,P00385,outpatient,2025-03-20 08:00:00,2025-03-20 12:00:00,General Medicine,Home,Follow-up,False
E0002105,P00385,emergency,2025-03-24 08:00:00,2025-03-24 12:00:00,General Medicine,Home,Acute symptom visit,False
E0002106,P00385,outpatient,2025-03-30 08:00:00,2025-03-30 15:00:00,General Medicine,Home,Medication review,False
E0002107,P00385,emergency,2025-04-19 08:00:00,2025-04-19 13:00:00,General Surgery,Home,Follow-up,False
E0002108,P00386,outpatient,2024-10-11 08:00:00,2024-10-11 10:00:00,General Surgery,Home,Follow-up,False
E0002109,P00386,outpatient,2024-12-06 08:00:00,2024-12-06 09:00:00,Pulmonary,Home,Follow-up,False
E0002110,P00386,emergency,2025-01-09 08:00:00,2025-01-09 16:00:00,Endocrinology,Home,Medication review,False
E0002111,P00386,emergency,2025-01-16 08:00:00,2025-01-16 11:00:00,General Surgery,Home,Medication review,False
E0002112,P00386,outpatient,2025-01-17 08:00:00,2025-01-17 13:00:00,Cardiology,Home,Follow-up,False
E0002113,P00386,outpatient,2025-02-07 08:00:00,2025-02-07 12:00:00,General Surgery,Home,Medication review,False
E0002114,P00386,outpatient,2025-02-23 08:00:00,2025-02-23 15:00:00,Cardiology,Home,Acute symptom visit,False
E0002115,P00386,inpatient,2025-04-05 08:00:00,2025-04-06 14:00:00,Cardiology,Home,Atrial fibrillation,False
E0002116,P00386,inpatient,2025-07-21 17:00:00,2025-07-22 23:00:00,Endocrinology,Home,Diabetes complication,False
E0002117,P00387,outpatient,2025-05-21 08:00:00,2025-05-21 16:00:00,Pulmonary,Home,Medication review,False
E0002118,P00387,inpatient,2025-08-14 08:00:00,2025-08-20 11:00:00,Cardiology,Home,Chest pain,False
E0002119,P00388,outpatient,2025-01-04 08:00:00,2025-01-04 11:00:00,Cardiology,Home,Acute symptom visit,False
E0002120,P00388,outpatient,2025-02-16 08:00:00,2025-02-16 14:00:00,General Surgery,Home,Medication review,False
E0002121,P00388,outpatient,2025-02-16 08:00:00,2025-02-16 13:00:00,Endocrinology,Home,Follow-up,False
E0002122,P00388,inpatient,2025-04-28 08:00:00,2025-05-01 16:00:00,General Surgery,Home,Biliary disease,False
E0002123,P00389,outpatient,2025-01-27 08:00:00,2025-01-27 15:00:00,Cardiology,Home,Acute symptom visit,False
E0002124,P00389,emergency,2025-02-22 08:00:00,2025-02-22 11:00:00,General Medicine,Home,Acute symptom visit,False
E0002125,P00389,outpatient,2025-03-06 08:00:00,2025-03-06 09:00:00,Pulmonary,Home,Acute symptom visit,False
E0002126,P00389,outpatient,2025-03-23 08:00:00,2025-03-23 16:00:00,General Surgery,Home,Acute symptom visit,False
E0002127,P00389,emergency,2025-05-07 08:00:00,2025-05-07 16:00:00,Endocrinology,Home,Medication review,False
E0002128,P00389,outpatient,2025-06-13 08:00:00,2025-06-13 12:00:00,Pulmonary,Home,Acute symptom visit,False
E0002129,P00389,inpatient,2025-08-16 08:00:00,2025-08-18 18:00:00,General Surgery,Home,Biliary disease,True
E0002130,P00389,inpatient,2025-10-17 23:00:00,2025-10-19 09:00:00,General Medicine,Skilled nursing facility,Sepsis,False
E0002131,P00390,emergency,2025-03-03 08:00:00,2025-03-03 15:00:00,General Surgery,Home,Medication review,False
E0002132,P00390,outpatient,2025-03-19 08:00:00,2025-03-19 12:00:00,General Medicine,Home,Medication review,False
E0002133,P00390,outpatient,2025-07-10 08:00:00,2025-07-10 14:00:00,General Surgery,Home,Follow-up,False
E0002134,P00390,inpatient,2025-08-08 08:00:00,2025-08-10 18:00:00,General Surgery,Home health,Abdominal pain,False
E0002135,P00391,outpatient,2024-12-12 08:00:00,2024-12-12 11:00:00,General Medicine,Home,Follow-up,False
E0002136,P00391,outpatient,2025-01-04 08:00:00,2025-01-04 14:00:00,Cardiology,Home,Medication review,False
E0002137,P00391,outpatient,2025-01-07 08:00:00,2025-01-07 14:00:00,Endocrinology,Home,Acute symptom visit,False
E0002138,P00391,outpatient,2025-03-22 08:00:00,2025-03-22 15:00:00,General Medicine,Home,Medication review,False
E0002139,P00391,emergency,2025-03-28 08:00:00,2025-03-28 13:00:00,General Surgery,Home,Medication review,False
E0002140,P00391,outpatient,2025-04-09 08:00:00,2025-04-09 11:00:00,Pulmonary,Home,Acute symptom visit,False
E0002141,P00391,emergency,2025-04-24 08:00:00,2025-04-24 16:00:00,Cardiology,Home,Medication review,False
E0002142,P00391,inpatient,2025-06-27 08:00:00,2025-06-30 15:00:00,Endocrinology,Home,Hyperglycemia,False
E0002143,P00391,inpatient,2025-09-27 18:00:00,2025-09-29 04:00:00,General Medicine,Home,Electrolyte disorder,False
E0002144,P00392,outpatient,2024-12-14 08:00:00,2024-12-14 09:00:00,General Medicine,Home,Acute symptom visit,False
E0002145,P00392,outpatient,2024-12-20 08:00:00,2024-12-20 09:00:00,Cardiology,Home,Acute symptom visit,False
E0002146,P00392,emergency,2025-01-15 08:00:00,2025-01-15 11:00:00,Endocrinology,Home,Follow-up,False
E0002147,P00392,emergency,2025-01-16 08:00:00,2025-01-16 11:00:00,Pulmonary,Home,Medication review,False
E0002148,P00392,outpatient,2025-01-18 08:00:00,2025-01-18 16:00:00,General Medicine,Home,Acute symptom visit,False
E0002149,P00392,outpatient,2025-02-04 08:00:00,2025-02-04 11:00:00,Endocrinology,Home,Follow-up,False
E0002150,P00392,emergency,2025-03-08 08:00:00,2025-03-08 14:00:00,Endocrinology,Home,Follow-up,False
E0002151,P00392,emergency,2025-05-20 08:00:00,2025-05-20 16:00:00,Endocrinology,Home,Medication review,False
E0002152,P00392,inpatient,2025-07-03 08:00:00,2025-07-07 15:00:00,General Medicine,Home,Syncope,False
E0002153,P00392,inpatient,2025-08-29 17:00:00,2025-09-01 02:00:00,Cardiology,Skilled nursing facility,Heart failure exacerbation,False
E0002154,P00393,outpatient,2025-01-22 08:00:00,2025-01-22 11:00:00,Pulmonary,Home,Acute symptom visit,False
E0002155,P00393,outpatient,2025-01-28 08:00:00,2025-01-28 14:00:00,Pulmonary,Home,Medication review,False
E0002156,P00393,outpatient,2025-02-13 08:00:00,2025-02-13 09:00:00,Endocrinology,Home,Follow-up,False
E0002157,P00393,outpatient,2025-03-01 08:00:00,2025-03-01 13:00:00,General Surgery,Home,Medication review,False
E0002158,P00393,outpatient,2025-03-01 08:00:00,2025-03-01 10:00:00,Pulmonary,Home,Follow-up,False
E0002159,P00393,emergency,2025-04-06 08:00:00,2025-04-06 15:00:00,Pulmonary,Home,Acute symptom visit,False
E0002160,P00393,emergency,2025-04-08 08:00:00,2025-04-08 10:00:00,General Medicine,Home,Acute symptom visit,False
E0002161,P00393,inpatient,2025-08-13 08:00:00,2025-08-14 14:00:00,General Surgery,Home,Biliary disease,False
E0002162,P00393,inpatient,2025-11-01 16:00:00,2025-11-05 23:00:00,General Medicine,Home,Sepsis,False
E0002163,P00394,outpatient,2024-09-29 08:00:00,2024-09-29 14:00:00,General Surgery,Home,Acute symptom visit,False
E0002164,P00394,outpatient,2024-10-07 08:00:00,2024-10-07 12:00:00,General Medicine,Home,Acute symptom visit,False
E0002165,P00394,emergency,2024-11-09 08:00:00,2024-11-09 11:00:00,Pulmonary,Home,Acute symptom visit,False
E0002166,P00394,outpatient,2024-11-13 08:00:00,2024-11-13 10:00:00,Cardiology,Home,Medication review,False
E0002167,P00394,outpatient,2024-11-16 08:00:00,2024-11-16 12:00:00,General Medicine,Home,Acute symptom visit,False
E0002168,P00394,outpatient,2024-11-29 08:00:00,2024-11-29 11:00:00,General Surgery,Home,Medication review,False
E0002169,P00394,inpatient,2025-03-31 08:00:00,2025-04-02 17:00:00,General Surgery,Skilled nursing facility,Postoperative wound issue,False
E0002170,P00395,outpatient,2025-02-09 08:00:00,2025-02-09 12:00:00,Pulmonary,Home,Medication review,False
E0002171,P00395,emergency,2025-02-11 08:00:00,2025-02-11 10:00:00,General Surgery,Home,Acute symptom visit,False
E0002172,P00395,emergency,2025-03-01 08:00:00,2025-03-01 14:00:00,Endocrinology,Home,Acute symptom visit,False
E0002173,P00395,emergency,2025-03-21 08:00:00,2025-03-21 11:00:00,Pulmonary,Home,Acute symptom visit,False
E0002174,P00395,emergency,2025-04-08 08:00:00,2025-04-08 13:00:00,Endocrinology,Home,Acute symptom visit,False
E0002175,P00395,outpatient,2025-04-19 08:00:00,2025-04-19 09:00:00,Cardiology,Home,Medication review,False
E0002176,P00395,emergency,2025-05-28 08:00:00,2025-05-28 13:00:00,General Medicine,Home,Follow-up,False
E0002177,P00395,inpatient,2025-08-15 08:00:00,2025-08-19 10:00:00,General Medicine,Home health,Electrolyte disorder,False
E0002178,P00396,outpatient,2024-11-26 08:00:00,2024-11-26 14:00:00,Pulmonary,Home,Follow-up,False
E0002179,P00396,emergency,2024-12-09 08:00:00,2024-12-09 11:00:00,General Surgery,Home,Acute symptom visit,False
E0002180,P00396,outpatient,2025-01-08 08:00:00,2025-01-08 16:00:00,Pulmonary,Home,Follow-up,False
E0002181,P00396,emergency,2025-01-23 08:00:00,2025-01-23 13:00:00,Pulmonary,Home,Follow-up,False
E0002182,P00396,outpatient,2025-03-11 08:00:00,2025-03-11 10:00:00,Endocrinology,Home,Follow-up,False
E0002183,P00396,inpatient,2025-05-19 08:00:00,2025-05-21 17:00:00,Cardiology,Home,Chest pain,False
E0002184,P00396,inpatient,2025-09-09 23:00:00,2025-09-13 03:00:00,Pulmonary,Home,COPD exacerbation,False
E0002185,P00396,inpatient,2026-01-17 04:00:00,2026-01-21 12:00:00,General Medicine,Home,Cellulitis,False
E0002186,P00397,emergency,2024-12-13 08:00:00,2024-12-13 15:00:00,Pulmonary,Home,Acute symptom visit,False
E0002187,P00397,outpatient,2025-01-15 08:00:00,2025-01-15 12:00:00,Cardiology,Home,Medication review,False
E0002188,P00397,emergency,2025-02-07 08:00:00,2025-02-07 15:00:00,General Medicine,Home,Follow-up,False
E0002189,P00397,outpatient,2025-03-27 08:00:00,2025-03-27 12:00:00,Endocrinology,Home,Medication review,False
E0002190,P00397,inpatient,2025-05-29 08:00:00,2025-06-02 18:00:00,Pulmonary,Home,COPD exacerbation,False
E0002191,P00397,inpatient,2025-07-20 05:00:00,2025-07-22 12:00:00,General Surgery,Home,Abdominal pain,False
E0002192,P00397,inpatient,2025-09-30 16:00:00,2025-10-06 23:00:00,Cardiology,Home health,Atrial fibrillation,False
E0002193,P00398,outpatient,2025-01-26 08:00:00,2025-01-26 09:00:00,Cardiology,Home,Medication review,False
E0002194,P00398,emergency,2025-03-23 08:00:00,2025-03-23 11:00:00,Cardiology,Home,Medication review,False
E0002195,P00398,emergency,2025-03-25 08:00:00,2025-03-25 15:00:00,Endocrinology,Home,Medication review,False
E0002196,P00398,outpatient,2025-04-06 08:00:00,2025-04-06 09:00:00,Pulmonary,Home,Medication review,False
E0002197,P00398,outpatient,2025-06-07 08:00:00,2025-06-07 11:00:00,General Surgery,Home,Acute symptom visit,False
E0002198,P00398,inpatient,2025-08-19 08:00:00,2025-08-21 17:00:00,Cardiology,Home health,Atrial fibrillation,False
E0002199,P00398,inpatient,2025-12-05 23:00:00,2025-12-07 05:00:00,General Medicine,Home,Electrolyte disorder,False
E0002200,P00399,emergency,2025-05-17 08:00:00,2025-05-17 16:00:00,Cardiology,Home,Follow-up,False
E0002201,P00399,emergency,2025-06-06 08:00:00,2025-06-06 10:00:00,General Medicine,Home,Medication review,False
E0002202,P00399,emergency,2025-06-09 08:00:00,2025-06-09 10:00:00,Pulmonary,Home,Follow-up,False
E0002203,P00399,outpatient,2025-06-21 08:00:00,2025-06-21 11:00:00,General Surgery,Home,Acute symptom visit,False
E0002204,P00399,emergency,2025-07-09 08:00:00,2025-07-09 15:00:00,General Medicine,Home,Medication review,False
E0002205,P00399,outpatient,2025-09-18 08:00:00,2025-09-18 11:00:00,General Surgery,Home,Medication review,False
E0002206,P00399,inpatient,2025-10-26 08:00:00,2025-11-02 13:00:00,General Surgery,Home,Biliary disease,False
E0002207,P00399,inpatient,2026-01-26 17:00:00,2026-01-31 00:00:00,Cardiology,Home health,Atrial fibrillation,False
E0002208,P00400,outpatient,2025-01-09 08:00:00,2025-01-09 13:00:00,General Surgery,Home,Acute symptom visit,False
E0002209,P00400,emergency,2025-02-19 08:00:00,2025-02-19 15:00:00,General Medicine,Home,Acute symptom visit,False
E0002210,P00400,inpatient,2025-04-04 08:00:00,2025-04-07 17:00:00,Cardiology,Home,Chest pain,False
E0002211,P00400,inpatient,2025-05-25 23:00:00,2025-05-31 04:00:00,Pulmonary,Transfer to acute care,Pneumonia,False
E0002212,P00401,emergency,2024-12-25 08:00:00,2024-12-25 10:00:00,Pulmonary,Home,Medication review,False
E0002213,P00401,emergency,2025-02-25 08:00:00,2025-02-25 11:00:00,General Medicine,Home,Medication review,False
E0002214,P00401,outpatient,2025-03-06 08:00:00,2025-03-06 14:00:00,Pulmonary,Home,Medication review,False
E0002215,P00401,emergency,2025-05-02 08:00:00,2025-05-02 10:00:00,General Medicine,Home,Acute symptom visit,False
E0002216,P00401,inpatient,2025-06-20 08:00:00,2025-06-24 10:00:00,General Medicine,Home health,Electrolyte disorder,False
E0002217,P00402,emergency,2025-03-03 08:00:00,2025-03-03 13:00:00,Pulmonary,Home,Medication review,False
E0002218,P00402,outpatient,2025-05-14 08:00:00,2025-05-14 14:00:00,Pulmonary,Home,Medication review,False
E0002219,P00402,emergency,2025-05-28 08:00:00,2025-05-28 12:00:00,Pulmonary,Home,Medication review,False
E0002220,P00402,emergency,2025-06-11 08:00:00,2025-06-11 11:00:00,General Medicine,Home,Acute symptom visit,False
E0002221,P00403,outpatient,2025-01-23 08:00:00,2025-01-23 15:00:00,General Surgery,Home,Medication review,False
E0002222,P00403,outpatient,2025-01-24 08:00:00,2025-01-24 13:00:00,Cardiology,Home,Follow-up,False
E0002223,P00403,outpatient,2025-01-31 08:00:00,2025-01-31 15:00:00,General Medicine,Home,Medication review,False
E0002224,P00403,outpatient,2025-06-13 08:00:00,2025-06-13 12:00:00,General Medicine,Home,Medication review,False
E0002225,P00403,inpatient,2025-08-24 08:00:00,2025-08-29 16:00:00,General Medicine,Skilled nursing facility,Cellulitis,False
E0002226,P00403,inpatient,2026-01-12 20:00:00,2026-01-16 00:00:00,General Medicine,Home health,Syncope,False
E0002227,P00404,outpatient,2025-03-12 08:00:00,2025-03-12 15:00:00,General Medicine,Home,Follow-up,False
E0002228,P00404,emergency,2025-04-03 08:00:00,2025-04-03 10:00:00,Pulmonary,Home,Follow-up,False
E0002229,P00404,outpatient,2025-04-11 08:00:00,2025-04-11 14:00:00,Pulmonary,Home,Medication review,False
E0002230,P00404,emergency,2025-05-16 08:00:00,2025-05-16 15:00:00,General Surgery,Home,Medication review,False
E0002231,P00404,outpatient,2025-07-04 08:00:00,2025-07-04 16:00:00,Pulmonary,Home,Follow-up,False
E0002232,P00404,outpatient,2025-07-13 08:00:00,2025-07-13 15:00:00,Cardiology,Home,Medication review,False
E0002233,P00404,outpatient,2025-07-24 08:00:00,2025-07-24 13:00:00,Cardiology,Home,Medication review,False
E0002234,P00404,inpatient,2025-08-30 08:00:00,2025-09-05 16:00:00,Cardiology,Home,Heart failure exacerbation,False
E0002235,P00405,outpatient,2025-01-07 08:00:00,2025-01-07 11:00:00,Pulmonary,Home,Medication review,False
E0002236,P00405,outpatient,2025-01-31 08:00:00,2025-01-31 14:00:00,General Medicine,Home,Follow-up,False
E0002237,P00405,inpatient,2025-08-03 08:00:00,2025-08-07 14:00:00,General Medicine,Home health,Electrolyte disorder,False
E0002238,P00406,outpatient,2024-11-24 08:00:00,2024-11-24 12:00:00,General Medicine,Home,Medication review,False
E0002239,P00406,outpatient,2025-03-09 08:00:00,2025-03-09 09:00:00,Cardiology,Home,Medication review,False
E0002240,P00406,outpatient,2025-04-15 08:00:00,2025-04-15 09:00:00,Endocrinology,Home,Follow-up,False
E0002241,P00406,inpatient,2025-06-28 08:00:00,2025-06-29 10:00:00,Cardiology,Home,Heart failure exacerbation,False
E0002242,P00407,outpatient,2024-08-02 08:00:00,2024-08-02 14:00:00,Cardiology,Home,Medication review,False
E0002243,P00407,emergency,2024-08-08 08:00:00,2024-08-08 13:00:00,Endocrinology,Home,Medication review,False
E0002244,P00407,emergency,2024-08-29 08:00:00,2024-08-29 12:00:00,Cardiology,Home,Medication review,False
E0002245,P00407,outpatient,2024-09-09 08:00:00,2024-09-09 12:00:00,General Surgery,Home,Medication review,False
E0002246,P00407,emergency,2024-09-24 08:00:00,2024-09-24 11:00:00,General Surgery,Home,Follow-up,False
E0002247,P00407,inpatient,2025-02-03 08:00:00,2025-02-07 10:00:00,Cardiology,Home,Heart failure exacerbation,False
E0002248,P00408,outpatient,2024-08-29 08:00:00,2024-08-29 10:00:00,Pulmonary,Home,Acute symptom visit,False
E0002249,P00408,outpatient,2024-08-31 08:00:00,2024-08-31 11:00:00,General Surgery,Home,Acute symptom visit,False
E0002250,P00408,outpatient,2024-09-25 08:00:00,2024-09-25 14:00:00,Endocrinology,Home,Acute symptom visit,False
E0002251,P00408,emergency,2024-10-12 08:00:00,2024-10-12 16:00:00,General Surgery,Home,Medication review,False
E0002252,P00408,outpatient,2024-12-08 08:00:00,2024-12-08 11:00:00,Endocrinology,Home,Acute symptom visit,False
E0002253,P00408,outpatient,2024-12-17 08:00:00,2024-12-17 13:00:00,Cardiology,Home,Medication review,False
E0002254,P00409,emergency,2024-12-18 08:00:00,2024-12-18 16:00:00,General Surgery,Home,Medication review,False
E0002255,P00409,outpatient,2025-03-06 08:00:00,2025-03-06 14:00:00,General Surgery,Home,Acute symptom visit,False
E0002256,P00409,emergency,2025-03-09 08:00:00,2025-03-09 10:00:00,General Surgery,Home,Follow-up,False
E0002257,P00409,inpatient,2025-05-09 08:00:00,2025-05-10 13:00:00,Pulmonary,Home,Asthma exacerbation,False
E0002258,P00410,outpatient,2024-10-30 08:00:00,2024-10-30 12:00:00,Pulmonary,Home,Medication review,False
E0002259,P00410,outpatient,2024-11-04 08:00:00,2024-11-04 15:00:00,General Surgery,Home,Medication review,False
E0002260,P00410,emergency,2024-12-31 08:00:00,2024-12-31 10:00:00,General Medicine,Home,Medication review,False
E0002261,P00410,outpatient,2025-02-04 08:00:00,2025-02-04 13:00:00,Pulmonary,Home,Follow-up,False
E0002262,P00410,inpatient,2025-03-24 08:00:00,2025-03-27 17:00:00,General Surgery,Home,Abdominal pain,False
E0002263,P00410,inpatient,2025-07-21 03:00:00,2025-07-24 08:00:00,Pulmonary,Home health,Asthma exacerbation,False
E0002264,P00411,outpatient,2025-01-22 08:00:00,2025-01-22 13:00:00,Endocrinology,Home,Medication review,False
E0002265,P00411,outpatient,2025-02-12 08:00:00,2025-02-12 13:00:00,Pulmonary,Home,Follow-up,False
E0002266,P00411,emergency,2025-03-20 08:00:00,2025-03-20 09:00:00,Endocrinology,Home,Follow-up,False
E0002267,P00411,emergency,2025-04-28 08:00:00,2025-04-28 14:00:00,General Medicine,Home,Follow-up,False
E0002268,P00411,inpatient,2025-08-05 08:00:00,2025-08-06 15:00:00,General Surgery,Home,Postoperative wound issue,True
E0002269,P00412,outpatient,2025-04-04 08:00:00,2025-04-04 12:00:00,Cardiology,Home,Medication review,False
E0002270,P00412,emergency,2025-05-20 08:00:00,2025-05-20 14:00:00,Pulmonary,Home,Medication review,False
E0002271,P00412,outpatient,2025-05-30 08:00:00,2025-05-30 10:00:00,Endocrinology,Home,Acute symptom visit,False
E0002272,P00412,outpatient,2025-06-16 08:00:00,2025-06-16 15:00:00,General Surgery,Home,Follow-up,False
E0002273,P00412,outpatient,2025-06-18 08:00:00,2025-06-18 14:00:00,General Medicine,Home,Acute symptom visit,False
E0002274,P00412,outpatient,2025-07-11 08:00:00,2025-07-11 13:00:00,General Surgery,Home,Acute symptom visit,False
E0002275,P00412,inpatient,2025-09-10 08:00:00,2025-09-13 10:00:00,General Surgery,Home,Postoperative wound issue,False
E0002276,P00413,outpatient,2024-12-15 08:00:00,2024-12-15 10:00:00,Cardiology,Home,Medication review,False
E0002277,P00413,outpatient,2025-02-12 08:00:00,2025-02-12 09:00:00,General Medicine,Home,Acute symptom visit,False
E0002278,P00413,outpatient,2025-02-17 08:00:00,2025-02-17 15:00:00,Endocrinology,Home,Acute symptom visit,False
E0002279,P00413,inpatient,2025-04-20 08:00:00,2025-04-21 18:00:00,General Medicine,Home,Electrolyte disorder,False
E0002280,P00414,outpatient,2025-02-22 08:00:00,2025-02-22 10:00:00,General Medicine,Home,Medication review,False
E0002281,P00414,emergency,2025-03-13 08:00:00,2025-03-13 13:00:00,General Medicine,Home,Acute symptom visit,False
E0002282,P00414,emergency,2025-03-25 08:00:00,2025-03-25 11:00:00,General Medicine,Home,Follow-up,False
E0002283,P00414,inpatient,2025-05-14 08:00:00,2025-05-16 14:00:00,Endocrinology,Home,Diabetes complication,False
E0002284,P00415,outpatient,2024-10-03 08:00:00,2024-10-03 10:00:00,General Medicine,Home,Acute symptom visit,False
E0002285,P00415,outpatient,2024-12-21 08:00:00,2024-12-21 10:00:00,Cardiology,Home,Medication review,False
E0002286,P00415,outpatient,2024-12-27 08:00:00,2024-12-27 09:00:00,General Medicine,Home,Follow-up,False
E0002287,P00415,inpatient,2025-03-09 08:00:00,2025-03-13 14:00:00,General Surgery,Home,Biliary disease,False
E0002288,P00415,inpatient,2025-03-26 16:00:00,2025-03-30 00:00:00,Pulmonary,Home,Pneumonia,False
E0002289,P00416,outpatient,2025-06-11 08:00:00,2025-06-11 14:00:00,Pulmonary,Home,Medication review,False
E0002290,P00416,outpatient,2025-06-22 08:00:00,2025-06-22 13:00:00,General Surgery,Home,Medication review,False
E0002291,P00416,inpatient,2025-10-07 08:00:00,2025-10-11 16:00:00,General Surgery,Skilled nursing facility,Postoperative wound issue,True
E0002292,P00417,outpatient,2024-10-14 08:00:00,2024-10-14 10:00:00,General Surgery,Home,Acute symptom visit,False
E0002293,P00417,outpatient,2024-10-29 08:00:00,2024-10-29 13:00:00,Pulmonary,Home,Follow-up,False
E0002294,P00417,outpatient,2024-11-15 08:00:00,2024-11-15 15:00:00,Cardiology,Home,Follow-up,False
E0002295,P00417,outpatient,2025-01-24 08:00:00,2025-01-24 14:00:00,Cardiology,Home,Acute symptom visit,False
E0002296,P00417,outpatient,2025-01-25 08:00:00,2025-01-25 14:00:00,General Medicine,Home,Follow-up,False
E0002297,P00417,inpatient,2025-03-09 08:00:00,2025-03-10 13:00:00,General Medicine,Home,Syncope,False
E0002298,P00417,inpatient,2025-06-18 18:00:00,2025-06-21 00:00:00,Endocrinology,Home,Hypoglycemia,False
E0002299,P00417,inpatient,2025-06-25 03:00:00,2025-06-28 07:00:00,Cardiology,Skilled nursing facility,Chest pain,False
E0002300,P00418,outpatient,2024-12-04 08:00:00,2024-12-04 12:00:00,General Surgery,Home,Acute symptom visit,False
E0002301,P00418,emergency,2024-12-13 08:00:00,2024-12-13 16:00:00,Endocrinology,Home,Medication review,False
E0002302,P00418,outpatient,2025-01-12 08:00:00,2025-01-12 15:00:00,Endocrinology,Home,Medication review,False
E0002303,P00418,emergency,2025-02-09 08:00:00,2025-02-09 14:00:00,General Medicine,Home,Medication review,False
E0002304,P00418,outpatient,2025-02-25 08:00:00,2025-02-25 11:00:00,Endocrinology,Home,Acute symptom visit,False
E0002305,P00418,inpatient,2025-06-13 08:00:00,2025-06-14 16:00:00,Endocrinology,Home health,Hyperglycemia,False
E0002306,P00418,inpatient,2025-10-07 02:00:00,2025-10-08 09:00:00,Pulmonary,Home,COPD exacerbation,False
E0002307,P00419,emergency,2025-04-19 08:00:00,2025-04-19 16:00:00,General Surgery,Home,Acute symptom visit,False
E0002308,P00419,outpatient,2025-06-06 08:00:00,2025-06-06 13:00:00,General Surgery,Home,Acute symptom visit,False
E0002309,P00419,emergency,2025-06-14 08:00:00,2025-06-14 11:00:00,Pulmonary,Home,Medication review,False
E0002310,P00419,outpatient,2025-08-09 08:00:00,2025-08-09 13:00:00,General Surgery,Home,Medication review,False
E0002311,P00419,inpatient,2025-10-07 08:00:00,2025-10-10 18:00:00,General Medicine,Home,Electrolyte disorder,False
E0002312,P00420,outpatient,2025-04-15 08:00:00,2025-04-15 15:00:00,Pulmonary,Home,Acute symptom visit,False
E0002313,P00420,outpatient,2025-07-16 08:00:00,2025-07-16 16:00:00,General Surgery,Home,Follow-up,False
E0002314,P00420,outpatient,2025-07-26 08:00:00,2025-07-26 10:00:00,Cardiology,Home,Follow-up,False
E0002315,P00420,outpatient,2025-07-31 08:00:00,2025-07-31 11:00:00,Endocrinology,Home,Follow-up,False
E0002316,P00420,outpatient,2025-08-02 08:00:00,2025-08-02 13:00:00,Endocrinology,Home,Follow-up,False
E0002317,P00420,inpatient,2025-10-11 08:00:00,2025-10-13 14:00:00,Endocrinology,Home,Diabetes complication,False
E0002318,P00421,outpatient,2025-05-04 08:00:00,2025-05-04 13:00:00,Pulmonary,Home,Medication review,False
E0002319,P00421,emergency,2025-05-19 08:00:00,2025-05-19 09:00:00,Endocrinology,Home,Medication review,False
E0002320,P00421,outpatient,2025-06-08 08:00:00,2025-06-08 13:00:00,Pulmonary,Home,Acute symptom visit,False
E0002321,P00421,outpatient,2025-07-28 08:00:00,2025-07-28 10:00:00,General Medicine,Home,Acute symptom visit,False
E0002322,P00421,emergency,2025-09-01 08:00:00,2025-09-01 13:00:00,General Surgery,Home,Acute symptom visit,False
E0002323,P00421,outpatient,2025-09-17 08:00:00,2025-09-17 13:00:00,Cardiology,Home,Follow-up,False
E0002324,P00421,inpatient,2025-10-20 08:00:00,2025-10-24 11:00:00,Endocrinology,Home,Hyperglycemia,False
E0002325,P00422,outpatient,2024-11-10 08:00:00,2024-11-10 12:00:00,Endocrinology,Home,Acute symptom visit,False
E0002326,P00422,outpatient,2024-12-11 08:00:00,2024-12-11 13:00:00,General Medicine,Home,Acute symptom visit,False
E0002327,P00422,emergency,2024-12-13 08:00:00,2024-12-13 12:00:00,General Surgery,Home,Follow-up,False
E0002328,P00422,outpatient,2025-02-06 08:00:00,2025-02-06 16:00:00,Pulmonary,Home,Follow-up,False
E0002329,P00422,outpatient,2025-02-15 08:00:00,2025-02-15 15:00:00,Endocrinology,Home,Follow-up,False
E0002330,P00422,emergency,2025-02-24 08:00:00,2025-02-24 09:00:00,Pulmonary,Home,Follow-up,False
E0002331,P00422,emergency,2025-03-06 08:00:00,2025-03-06 12:00:00,General Surgery,Home,Follow-up,False
E0002332,P00422,inpatient,2025-05-07 08:00:00,2025-05-10 14:00:00,Endocrinology,Home,Diabetes complication,False
E0002333,P00423,emergency,2024-12-26 08:00:00,2024-12-26 15:00:00,Endocrinology,Home,Acute symptom visit,False
E0002334,P00423,outpatient,2024-12-30 08:00:00,2024-12-30 13:00:00,Endocrinology,Home,Follow-up,False
E0002335,P00423,emergency,2025-01-11 08:00:00,2025-01-11 15:00:00,Cardiology,Home,Acute symptom visit,False
E0002336,P00423,inpatient,2025-04-23 08:00:00,2025-04-24 17:00:00,General Surgery,Home health,Abdominal pain,False
E0002337,P00423,inpatient,2025-06-25 04:00:00,2025-06-29 09:00:00,Cardiology,Home health,Heart failure exacerbation,False
E0002338,P00424,outpatient,2025-04-03 08:00:00,2025-04-03 14:00:00,Endocrinology,Home,Follow-up,False
E0002339,P00424,outpatient,2025-04-19 08:00:00,2025-04-19 10:00:00,Cardiology,Home,Acute symptom visit,False
E0002340,P00424,outpatient,2025-05-07 08:00:00,2025-05-07 10:00:00,General Medicine,Home,Follow-up,False
E0002341,P00424,outpatient,2025-06-05 08:00:00,2025-06-05 14:00:00,Cardiology,Home,Acute symptom visit,False
E0002342,P00424,outpatient,2025-07-05 08:00:00,2025-07-05 16:00:00,Cardiology,Home,Medication review,False
E0002343,P00424,inpatient,2025-10-06 08:00:00,2025-10-09 10:00:00,Cardiology,Home,Heart failure exacerbation,False
E0002344,P00425,outpatient,2025-06-24 08:00:00,2025-06-24 10:00:00,Pulmonary,Home,Medication review,False
E0002345,P00425,inpatient,2025-10-28 08:00:00,2025-10-31 12:00:00,General Medicine,Home,Syncope,False
E0002346,P00426,outpatient,2024-10-25 08:00:00,2024-10-25 15:00:00,Cardiology,Home,Acute symptom visit,False
E0002347,P00426,outpatient,2024-11-05 08:00:00,2024-11-05 09:00:00,Cardiology,Home,Medication review,False
E0002348,P00426,emergency,2024-11-18 08:00:00,2024-11-18 15:00:00,General Medicine,Home,Follow-up,False
E0002349,P00426,outpatient,2025-01-28 08:00:00,2025-01-28 11:00:00,General Medicine,Home,Medication review,False
E0002350,P00426,outpatient,2025-02-18 08:00:00,2025-02-18 14:00:00,Pulmonary,Home,Follow-up,False
E0002351,P00426,emergency,2025-03-09 08:00:00,2025-03-09 14:00:00,Cardiology,Home,Acute symptom visit,False
E0002352,P00426,emergency,2025-03-18 08:00:00,2025-03-18 14:00:00,Endocrinology,Home,Medication review,False
E0002353,P00426,emergency,2025-04-17 08:00:00,2025-04-17 15:00:00,General Medicine,Home,Acute symptom visit,False
E0002354,P00426,inpatient,2025-05-17 08:00:00,2025-05-23 10:00:00,General Medicine,Skilled nursing facility,Syncope,False
E0002355,P00426,inpatient,2025-06-13 18:00:00,2025-06-20 04:00:00,General Medicine,Home health,Sepsis,False
E0002356,P00427,outpatient,2025-03-16 08:00:00,2025-03-16 09:00:00,General Medicine,Home,Follow-up,False
E0002357,P00427,outpatient,2025-04-23 08:00:00,2025-04-23 14:00:00,General Medicine,Home,Follow-up,False
E0002358,P00427,outpatient,2025-06-05 08:00:00,2025-06-05 10:00:00,Endocrinology,Home,Medication review,False
E0002359,P00427,outpatient,2025-06-14 08:00:00,2025-06-14 09:00:00,General Surgery,Home,Medication review,False
E0002360,P00427,inpatient,2025-09-16 08:00:00,2025-09-20 16:00:00,General Medicine,Home,Sepsis,False
E0002361,P00427,inpatient,2026-01-18 01:00:00,2026-01-23 07:00:00,General Surgery,Home,Postoperative wound issue,False
E0002362,P00428,outpatient,2024-12-17 08:00:00,2024-12-17 09:00:00,General Medicine,Home,Follow-up,False
E0002363,P00428,outpatient,2024-12-30 08:00:00,2024-12-30 09:00:00,Cardiology,Home,Follow-up,False
E0002364,P00428,emergency,2025-01-16 08:00:00,2025-01-16 16:00:00,Cardiology,Home,Medication review,False
E0002365,P00428,outpatient,2025-01-16 08:00:00,2025-01-16 16:00:00,Endocrinology,Home,Acute symptom visit,False
E0002366,P00428,outpatient,2025-02-13 08:00:00,2025-02-13 13:00:00,General Medicine,Home,Follow-up,False
E0002367,P00428,emergency,2025-03-24 08:00:00,2025-03-24 10:00:00,General Medicine,Home,Medication review,False
E0002368,P00428,inpatient,2025-05-06 08:00:00,2025-05-07 13:00:00,General Medicine,Home,Cellulitis,False
E0002369,P00428,inpatient,2025-09-29 13:00:00,2025-10-01 21:00:00,General Medicine,Skilled nursing facility,Cellulitis,False
E0002370,P00429,outpatient,2024-09-06 08:00:00,2024-09-06 09:00:00,General Medicine,Home,Follow-up,False
E0002371,P00429,outpatient,2024-10-10 08:00:00,2024-10-10 09:00:00,Endocrinology,Home,Medication review,False
E0002372,P00429,emergency,2024-11-08 08:00:00,2024-11-08 09:00:00,General Surgery,Home,Follow-up,False
E0002373,P00429,outpatient,2024-11-17 08:00:00,2024-11-17 12:00:00,General Surgery,Home,Medication review,False
E0002374,P00429,emergency,2024-11-20 08:00:00,2024-11-20 16:00:00,General Surgery,Home,Follow-up,False
E0002375,P00429,outpatient,2025-01-31 08:00:00,2025-01-31 16:00:00,Cardiology,Home,Follow-up,False
E0002376,P00430,outpatient,2024-10-30 08:00:00,2024-10-30 10:00:00,Endocrinology,Home,Acute symptom visit,False
E0002377,P00430,emergency,2024-11-02 08:00:00,2024-11-02 16:00:00,General Surgery,Home,Medication review,False
E0002378,P00430,emergency,2024-11-15 08:00:00,2024-11-15 12:00:00,Endocrinology,Home,Medication review,False
E0002379,P00430,outpatient,2025-02-03 08:00:00,2025-02-03 13:00:00,General Medicine,Home,Medication review,False
E0002380,P00430,emergency,2025-02-21 08:00:00,2025-02-21 12:00:00,Cardiology,Home,Acute symptom visit,False
E0002381,P00430,inpatient,2025-03-14 08:00:00,2025-03-18 12:00:00,General Medicine,Home,Sepsis,False
E0002382,P00431,emergency,2024-12-16 08:00:00,2024-12-16 09:00:00,General Medicine,Home,Acute symptom visit,False
E0002383,P00431,outpatient,2024-12-28 08:00:00,2024-12-28 10:00:00,Endocrinology,Home,Acute symptom visit,False
E0002384,P00431,outpatient,2025-03-11 08:00:00,2025-03-11 13:00:00,Pulmonary,Home,Medication review,False
E0002385,P00431,outpatient,2025-04-04 08:00:00,2025-04-04 15:00:00,Pulmonary,Home,Follow-up,False
E0002386,P00431,emergency,2025-05-03 08:00:00,2025-05-03 16:00:00,General Medicine,Home,Medication review,False
E0002387,P00431,inpatient,2025-06-02 08:00:00,2025-06-08 17:00:00,Cardiology,Home,Chest pain,False
E0002388,P00432,outpatient,2025-05-16 08:00:00,2025-05-16 10:00:00,Endocrinology,Home,Acute symptom visit,False
E0002389,P00432,emergency,2025-05-28 08:00:00,2025-05-28 09:00:00,General Surgery,Home,Follow-up,False
E0002390,P00432,outpatient,2025-06-18 08:00:00,2025-06-18 12:00:00,Cardiology,Home,Follow-up,False
E0002391,P00432,outpatient,2025-07-16 08:00:00,2025-07-16 14:00:00,Endocrinology,Home,Medication review,False
E0002392,P00432,outpatient,2025-08-18 08:00:00,2025-08-18 11:00:00,Pulmonary,Home,Acute symptom visit,False
E0002393,P00432,outpatient,2025-09-16 08:00:00,2025-09-16 13:00:00,Pulmonary,Home,Medication review,False
E0002394,P00432,inpatient,2025-11-29 08:00:00,2025-12-01 15:00:00,General Medicine,Home,Electrolyte disorder,False
E0002395,P00433,outpatient,2024-10-10 08:00:00,2024-10-10 10:00:00,Pulmonary,Home,Medication review,False
E0002396,P00433,outpatient,2024-10-21 08:00:00,2024-10-21 15:00:00,Cardiology,Home,Medication review,False
E0002397,P00433,outpatient,2024-11-22 08:00:00,2024-11-22 12:00:00,Endocrinology,Home,Follow-up,False
E0002398,P00433,outpatient,2024-11-23 08:00:00,2024-11-23 16:00:00,General Surgery,Home,Medication review,False
E0002399,P00433,outpatient,2024-12-24 08:00:00,2024-12-24 10:00:00,Pulmonary,Home,Acute symptom visit,False
E0002400,P00433,inpatient,2025-03-22 08:00:00,2025-03-24 11:00:00,General Medicine,Home,Syncope,False
E0002401,P00434,outpatient,2024-10-29 08:00:00,2024-10-29 15:00:00,Pulmonary,Home,Follow-up,False
E0002402,P00434,outpatient,2024-11-06 08:00:00,2024-11-06 10:00:00,Endocrinology,Home,Follow-up,False
E0002403,P00434,emergency,2024-12-12 08:00:00,2024-12-12 14:00:00,Cardiology,Home,Acute symptom visit,False
E0002404,P00434,outpatient,2024-12-21 08:00:00,2024-12-21 10:00:00,Endocrinology,Home,Acute symptom visit,False
E0002405,P00434,outpatient,2025-01-15 08:00:00,2025-01-15 11:00:00,General Medicine,Home,Acute symptom visit,False
E0002406,P00434,outpatient,2025-01-19 08:00:00,2025-01-19 15:00:00,Endocrinology,Home,Medication review,False
E0002407,P00434,inpatient,2025-04-26 08:00:00,2025-05-01 12:00:00,General Medicine,Home,Cellulitis,False
E0002408,P00435,emergency,2024-10-07 08:00:00,2024-10-07 14:00:00,General Medicine,Home,Medication review,False
E0002409,P00435,outpatient,2024-10-20 08:00:00,2024-10-20 16:00:00,General Surgery,Home,Acute symptom visit,False
E0002410,P00435,outpatient,2024-11-04 08:00:00,2024-11-04 12:00:00,Endocrinology,Home,Medication review,False
E0002411,P00435,outpatient,2024-12-20 08:00:00,2024-12-20 16:00:00,Cardiology,Home,Acute symptom visit,False
E0002412,P00435,emergency,2024-12-26 08:00:00,2024-12-26 10:00:00,Endocrinology,Home,Acute symptom visit,False
E0002413,P00435,emergency,2024-12-27 08:00:00,2024-12-27 12:00:00,Endocrinology,Home,Medication review,False
E0002414,P00435,emergency,2025-01-04 08:00:00,2025-01-04 12:00:00,General Medicine,Home,Medication review,False
E0002415,P00435,outpatient,2025-01-05 08:00:00,2025-01-05 14:00:00,General Medicine,Home,Medication review,False
E0002416,P00435,outpatient,2025-02-11 08:00:00,2025-02-11 15:00:00,Pulmonary,Home,Follow-up,False
E0002417,P00436,outpatient,2025-05-31 08:00:00,2025-05-31 11:00:00,Cardiology,Home,Follow-up,False
E0002418,P00436,outpatient,2025-06-09 08:00:00,2025-06-09 11:00:00,Pulmonary,Home,Medication review,False
E0002419,P00436,outpatient,2025-06-16 08:00:00,2025-06-16 11:00:00,General Medicine,Home,Follow-up,False
E0002420,P00436,outpatient,2025-07-26 08:00:00,2025-07-26 10:00:00,General Surgery,Home,Follow-up,False
E0002421,P00436,emergency,2025-08-03 08:00:00,2025-08-03 15:00:00,Cardiology,Home,Follow-up,False
E0002422,P00436,outpatient,2025-08-05 08:00:00,2025-08-05 12:00:00,Cardiology,Home,Medication review,False
E0002423,P00437,outpatient,2024-12-21 08:00:00,2024-12-21 11:00:00,Pulmonary,Home,Medication review,False
E0002424,P00437,emergency,2024-12-30 08:00:00,2024-12-30 10:00:00,General Surgery,Home,Acute symptom visit,False
E0002425,P00437,outpatient,2025-01-22 08:00:00,2025-01-22 09:00:00,Cardiology,Home,Medication review,False
E0002426,P00437,outpatient,2025-04-07 08:00:00,2025-04-07 16:00:00,Endocrinology,Home,Follow-up,False
E0002427,P00437,outpatient,2025-05-01 08:00:00,2025-05-01 15:00:00,General Surgery,Home,Medication review,False
E0002428,P00437,emergency,2025-05-07 08:00:00,2025-05-07 16:00:00,Cardiology,Home,Medication review,False
E0002429,P00437,inpatient,2025-07-07 08:00:00,2025-07-09 16:00:00,Pulmonary,Home,COPD exacerbation,False
E0002430,P00438,outpatient,2025-06-22 08:00:00,2025-06-22 10:00:00,Cardiology,Home,Medication review,False
E0002431,P00438,inpatient,2025-09-12 08:00:00,2025-09-17 14:00:00,General Medicine,Home health,Cellulitis,False
E0002432,P00439,outpatient,2025-05-06 08:00:00,2025-05-06 12:00:00,Pulmonary,Home,Acute symptom visit,False
E0002433,P00439,emergency,2025-06-01 08:00:00,2025-06-01 16:00:00,General Surgery,Home,Medication review,False
E0002434,P00439,outpatient,2025-06-10 08:00:00,2025-06-10 11:00:00,General Medicine,Home,Medication review,False
E0002435,P00439,emergency,2025-07-26 08:00:00,2025-07-26 11:00:00,Cardiology,Home,Acute symptom visit,False
E0002436,P00439,outpatient,2025-08-14 08:00:00,2025-08-14 11:00:00,Pulmonary,Home,Follow-up,False
E0002437,P00439,emergency,2025-09-06 08:00:00,2025-09-06 15:00:00,Cardiology,Home,Medication review,False
E0002438,P00439,inpatient,2025-10-25 08:00:00,2025-10-27 15:00:00,General Surgery,Home,Biliary disease,False
E0002439,P00439,inpatient,2025-11-04 03:00:00,2025-11-07 06:00:00,Cardiology,Home,Atrial fibrillation,False
E0002440,P00440,outpatient,2025-03-14 08:00:00,2025-03-14 10:00:00,Endocrinology,Home,Acute symptom visit,False
E0002441,P00440,outpatient,2025-05-22 08:00:00,2025-05-22 10:00:00,General Medicine,Home,Acute symptom visit,False
E0002442,P00440,outpatient,2025-06-21 08:00:00,2025-06-21 13:00:00,General Surgery,Home,Follow-up,False
E0002443,P00440,outpatient,2025-07-04 08:00:00,2025-07-04 12:00:00,Endocrinology,Home,Acute symptom visit,False
E0002444,P00440,emergency,2025-07-11 08:00:00,2025-07-11 12:00:00,Pulmonary,Home,Medication review,False
E0002445,P00440,outpatient,2025-07-13 08:00:00,2025-07-13 09:00:00,Endocrinology,Home,Acute symptom visit,False
E0002446,P00440,emergency,2025-07-28 08:00:00,2025-07-28 09:00:00,General Surgery,Home,Medication review,False
E0002447,P00440,inpatient,2025-09-18 08:00:00,2025-09-20 16:00:00,General Medicine,Home,Sepsis,False
E0002448,P00440,inpatient,2026-01-11 19:00:00,2026-01-16 23:00:00,General Medicine,Home health,Syncope,False
E0002449,P00440,inpatient,2026-04-04 01:00:00,2026-04-05 08:00:00,Pulmonary,Home,Asthma exacerbation,False
E0002450,P00441,emergency,2025-04-18 08:00:00,2025-04-18 14:00:00,Endocrinology,Home,Medication review,False
E0002451,P00441,emergency,2025-07-08 08:00:00,2025-07-08 15:00:00,General Surgery,Home,Acute symptom visit,False
E0002452,P00441,outpatient,2025-07-17 08:00:00,2025-07-17 12:00:00,General Surgery,Home,Acute symptom visit,False
E0002453,P00441,inpatient,2025-10-02 08:00:00,2025-10-03 12:00:00,General Medicine,Home,Sepsis,False
E0002454,P00442,outpatient,2025-05-27 08:00:00,2025-05-27 12:00:00,General Surgery,Home,Follow-up,False
E0002455,P00442,outpatient,2025-06-13 08:00:00,2025-06-13 14:00:00,Endocrinology,Home,Medication review,False
E0002456,P00442,outpatient,2025-08-17 08:00:00,2025-08-17 14:00:00,General Medicine,Home,Medication review,False
E0002457,P00442,inpatient,2025-11-05 08:00:00,2025-11-06 17:00:00,General Surgery,Home,Biliary disease,False
E0002458,P00443,outpatient,2024-09-15 08:00:00,2024-09-15 12:00:00,Endocrinology,Home,Follow-up,False
E0002459,P00443,outpatient,2024-12-06 08:00:00,2024-12-06 12:00:00,General Surgery,Home,Medication review,False
E0002460,P00443,outpatient,2024-12-31 08:00:00,2024-12-31 12:00:00,Endocrinology,Home,Medication review,False
E0002461,P00443,inpatient,2025-02-11 08:00:00,2025-02-13 11:00:00,General Surgery,Skilled nursing facility,Biliary disease,False
E0002462,P00444,outpatient,2024-10-03 08:00:00,2024-10-03 14:00:00,General Medicine,Home,Acute symptom visit,False
E0002463,P00444,emergency,2024-10-19 08:00:00,2024-10-19 15:00:00,Endocrinology,Home,Acute symptom visit,False
E0002464,P00444,outpatient,2024-11-11 08:00:00,2024-11-11 13:00:00,General Surgery,Home,Acute symptom visit,False
E0002465,P00444,outpatient,2024-12-03 08:00:00,2024-12-03 16:00:00,Pulmonary,Home,Acute symptom visit,False
E0002466,P00444,emergency,2024-12-09 08:00:00,2024-12-09 09:00:00,General Medicine,Home,Follow-up,False
E0002467,P00444,emergency,2024-12-18 08:00:00,2024-12-18 09:00:00,General Surgery,Home,Medication review,False
E0002468,P00444,emergency,2025-01-04 08:00:00,2025-01-04 15:00:00,General Medicine,Home,Follow-up,False
E0002469,P00444,outpatient,2025-01-07 08:00:00,2025-01-07 15:00:00,Endocrinology,Home,Follow-up,False
E0002470,P00444,outpatient,2025-02-01 08:00:00,2025-02-01 13:00:00,General Medicine,Home,Medication review,False
E0002471,P00444,emergency,2025-02-03 08:00:00,2025-02-03 12:00:00,General Surgery,Home,Medication review,False
E0002472,P00444,inpatient,2025-03-22 08:00:00,2025-03-27 17:00:00,General Medicine,Home health,Electrolyte disorder,False
E0002473,P00444,inpatient,2025-03-31 20:00:00,2025-04-05 06:00:00,Endocrinology,Home health,Diabetes complication,False
E0002474,P00444,inpatient,2025-04-26 16:00:00,2025-05-02 18:00:00,General Medicine,Home health,Sepsis,False
E0002475,P00445,emergency,2025-02-12 08:00:00,2025-02-12 13:00:00,Pulmonary,Home,Acute symptom visit,False
E0002476,P00445,outpatient,2025-05-17 08:00:00,2025-05-17 09:00:00,General Surgery,Home,Acute symptom visit,False
E0002477,P00445,outpatient,2025-05-18 08:00:00,2025-05-18 10:00:00,Pulmonary,Home,Acute symptom visit,False
E0002478,P00445,outpatient,2025-05-20 08:00:00,2025-05-20 09:00:00,General Medicine,Home,Medication review,False
E0002479,P00445,emergency,2025-06-13 08:00:00,2025-06-13 16:00:00,General Medicine,Home,Medication review,False
E0002480,P00445,outpatient,2025-06-22 08:00:00,2025-06-22 11:00:00,Cardiology,Home,Medication review,False
E0002481,P00445,inpatient,2025-08-04 08:00:00,2025-08-06 13:00:00,General Surgery,Skilled nursing facility,Postoperative wound issue,False
E0002482,P00445,inpatient,2025-11-15 22:00:00,2025-11-18 06:00:00,Cardiology,Skilled nursing facility,Chest pain,False
E0002483,P00446,outpatient,2025-04-22 08:00:00,2025-04-22 09:00:00,General Medicine,Home,Follow-up,False
E0002484,P00446,inpatient,2025-07-27 08:00:00,2025-07-28 16:00:00,Pulmonary,Home,Asthma exacerbation,False
E0002485,P00447,emergency,2024-11-20 08:00:00,2024-11-20 13:00:00,General Medicine,Home,Medication review,False
E0002486,P00447,emergency,2024-12-17 08:00:00,2024-12-17 12:00:00,Pulmonary,Home,Follow-up,False
E0002487,P00447,outpatient,2024-12-21 08:00:00,2024-12-21 10:00:00,Pulmonary,Home,Follow-up,False
E0002488,P00447,outpatient,2024-12-27 08:00:00,2024-12-27 11:00:00,Pulmonary,Home,Acute symptom visit,False
E0002489,P00447,outpatient,2025-01-07 08:00:00,2025-01-07 12:00:00,Cardiology,Home,Acute symptom visit,False
E0002490,P00447,outpatient,2025-01-25 08:00:00,2025-01-25 16:00:00,Cardiology,Home,Medication review,False
E0002491,P00447,inpatient,2025-05-03 08:00:00,2025-05-04 17:00:00,Cardiology,Home,Atrial fibrillation,False
E0002492,P00447,inpatient,2025-09-03 05:00:00,2025-09-05 08:00:00,Cardiology,Home,Heart failure exacerbation,False
E0002493,P00448,outpatient,2024-08-14 08:00:00,2024-08-14 10:00:00,General Surgery,Home,Medication review,False
E0002494,P00448,emergency,2024-11-21 08:00:00,2024-11-21 11:00:00,General Medicine,Home,Acute symptom visit,False
E0002495,P00448,outpatient,2024-11-22 08:00:00,2024-11-22 11:00:00,Pulmonary,Home,Medication review,False
E0002496,P00448,emergency,2024-12-06 08:00:00,2024-12-06 10:00:00,Endocrinology,Home,Acute symptom visit,False
E0002497,P00448,outpatient,2025-01-03 08:00:00,2025-01-03 14:00:00,Cardiology,Home,Acute symptom visit,False
E0002498,P00448,inpatient,2025-03-10 08:00:00,2025-03-11 12:00:00,Pulmonary,Home health,Pneumonia,False
E0002499,P00449,emergency,2024-12-01 08:00:00,2024-12-01 12:00:00,General Medicine,Home,Acute symptom visit,False
E0002500,P00449,outpatient,2025-01-21 08:00:00,2025-01-21 11:00:00,General Medicine,Home,Follow-up,False
E0002501,P00449,outpatient,2025-01-22 08:00:00,2025-01-22 10:00:00,General Surgery,Home,Acute symptom visit,False
E0002502,P00449,emergency,2025-01-29 08:00:00,2025-01-29 15:00:00,General Medicine,Home,Follow-up,False
E0002503,P00449,outpatient,2025-04-13 08:00:00,2025-04-13 09:00:00,General Medicine,Home,Acute symptom visit,False
E0002504,P00449,inpatient,2025-05-12 08:00:00,2025-05-16 15:00:00,General Surgery,Home,Biliary disease,False
E0002505,P00449,inpatient,2025-09-25 15:00:00,2025-09-28 20:00:00,Pulmonary,Home health,Pneumonia,False
E0002506,P00450,outpatient,2025-06-25 08:00:00,2025-06-25 14:00:00,General Surgery,Home,Medication review,False
E0002507,P00450,emergency,2025-09-10 08:00:00,2025-09-10 16:00:00,Pulmonary,Home,Medication review,False
E0002508,P00450,emergency,2025-10-09 08:00:00,2025-10-09 14:00:00,Pulmonary,Home,Follow-up,False
E0002509,P00451,outpatient,2024-12-24 08:00:00,2024-12-24 15:00:00,General Surgery,Home,Medication review,False
E0002510,P00451,outpatient,2025-01-14 08:00:00,2025-01-14 14:00:00,General Medicine,Home,Follow-up,False
E0002511,P00451,outpatient,2025-02-15 08:00:00,2025-02-15 11:00:00,Endocrinology,Home,Medication review,False
E0002512,P00451,outpatient,2025-03-09 08:00:00,2025-03-09 14:00:00,Cardiology,Home,Acute symptom visit,False
E0002513,P00451,inpatient,2025-05-28 08:00:00,2025-06-01 14:00:00,Pulmonary,Home,Pneumonia,False
E0002514,P00452,emergency,2024-09-05 08:00:00,2024-09-05 09:00:00,General Medicine,Home,Acute symptom visit,False
E0002515,P00452,outpatient,2024-09-26 08:00:00,2024-09-26 14:00:00,Endocrinology,Home,Medication review,False
E0002516,P00452,emergency,2024-12-03 08:00:00,2024-12-03 14:00:00,Endocrinology,Home,Medication review,False
E0002517,P00452,inpatient,2025-03-02 08:00:00,2025-03-03 11:00:00,Endocrinology,Expired,Diabetes complication,False
E0002518,P00452,inpatient,2025-04-18 19:00:00,2025-04-22 04:00:00,Pulmonary,Home,Pneumonia,False
E0002519,P00452,inpatient,2025-07-11 15:00:00,2025-07-15 01:00:00,General Surgery,Home,Biliary disease,True
E0002520,P00453,outpatient,2025-05-16 08:00:00,2025-05-16 14:00:00,Pulmonary,Home,Follow-up,False
E0002521,P00453,outpatient,2025-05-16 08:00:00,2025-05-16 14:00:00,Pulmonary,Home,Medication review,False
E0002522,P00453,outpatient,2025-06-30 08:00:00,2025-06-30 11:00:00,Endocrinology,Home,Acute symptom visit,False
E0002523,P00453,emergency,2025-08-23 08:00:00,2025-08-23 09:00:00,Endocrinology,Home,Acute symptom visit,False
E0002524,P00453,outpatient,2025-09-10 08:00:00,2025-09-10 14:00:00,Pulmonary,Home,Follow-up,False
E0002525,P00453,inpatient,2025-10-14 08:00:00,2025-10-20 18:00:00,General Surgery,Home,Biliary disease,False
E0002526,P00453,inpatient,2025-10-27 00:00:00,2025-11-01 08:00:00,Pulmonary,Home health,COPD exacerbation,False
E0002527,P00454,emergency,2025-03-03 08:00:00,2025-03-03 10:00:00,Endocrinology,Home,Acute symptom visit,False
E0002528,P00454,outpatient,2025-03-15 08:00:00,2025-03-15 16:00:00,Pulmonary,Home,Follow-up,False
E0002529,P00454,inpatient,2025-06-20 08:00:00,2025-06-22 10:00:00,Cardiology,Home,Atrial fibrillation,False
E0002530,P00455,emergency,2025-05-15 08:00:00,2025-05-15 09:00:00,Cardiology,Home,Acute symptom visit,False
E0002531,P00455,outpatient,2025-06-25 08:00:00,2025-06-25 16:00:00,General Surgery,Home,Medication review,False
E0002532,P00455,outpatient,2025-07-19 08:00:00,2025-07-19 13:00:00,Endocrinology,Home,Acute symptom visit,False
E0002533,P00455,outpatient,2025-09-06 08:00:00,2025-09-06 13:00:00,Endocrinology,Home,Acute symptom visit,False
E0002534,P00455,emergency,2025-09-17 08:00:00,2025-09-17 16:00:00,Pulmonary,Home,Medication review,False
E0002535,P00455,outpatient,2025-09-26 08:00:00,2025-09-26 10:00:00,General Medicine,Home,Acute symptom visit,False
E0002536,P00455,emergency,2025-09-27 08:00:00,2025-09-27 09:00:00,Pulmonary,Home,Acute symptom visit,False
E0002537,P00455,emergency,2025-09-28 08:00:00,2025-09-28 13:00:00,General Medicine,Home,Follow-up,False
E0002538,P00455,inpatient,2025-11-22 08:00:00,2025-11-24 12:00:00,General Medicine,Home health,Electrolyte disorder,False
E0002539,P00456,outpatient,2025-03-21 08:00:00,2025-03-21 09:00:00,Pulmonary,Home,Acute symptom visit,False
E0002540,P00456,outpatient,2025-04-02 08:00:00,2025-04-02 15:00:00,Endocrinology,Home,Follow-up,False
E0002541,P00456,outpatient,2025-07-09 08:00:00,2025-07-09 12:00:00,General Surgery,Home,Medication review,False
E0002542,P00456,outpatient,2025-08-14 08:00:00,2025-08-14 09:00:00,Cardiology,Home,Acute symptom visit,False
E0002543,P00456,inpatient,2025-10-06 08:00:00,2025-10-10 11:00:00,General Medicine,Transfer to acute care,Cellulitis,False
E0002544,P00457,outpatient,2024-11-18 08:00:00,2024-11-18 15:00:00,General Surgery,Home,Acute symptom visit,False
E0002545,P00457,outpatient,2025-02-03 08:00:00,2025-02-03 14:00:00,Cardiology,Home,Follow-up,False
E0002546,P00457,outpatient,2025-02-08 08:00:00,2025-02-08 11:00:00,Cardiology,Home,Medication review,False
E0002547,P00457,emergency,2025-02-11 08:00:00,2025-02-11 15:00:00,General Medicine,Home,Acute symptom visit,False
E0002548,P00457,inpatient,2025-04-25 08:00:00,2025-04-26 11:00:00,Pulmonary,Home,Pneumonia,False
E0002549,P00457,inpatient,2025-05-03 14:00:00,2025-05-07 17:00:00,Cardiology,Transfer to acute care,Chest pain,False
E0002550,P00458,outpatient,2024-11-11 08:00:00,2024-11-11 15:00:00,General Surgery,Home,Acute symptom visit,False
E0002551,P00458,emergency,2024-11-16 08:00:00,2024-11-16 15:00:00,Pulmonary,Home,Medication review,False
E0002552,P00458,outpatient,2025-01-12 08:00:00,2025-01-12 15:00:00,General Medicine,Home,Follow-up,False
E0002553,P00458,inpatient,2025-03-04 08:00:00,2025-03-05 13:00:00,General Medicine,Home,Cellulitis,False
E0002554,P00458,inpatient,2025-07-29 00:00:00,2025-07-31 02:00:00,Pulmonary,Home,Pneumonia,False
E0002555,P00459,outpatient,2024-09-05 08:00:00,2024-09-05 10:00:00,Endocrinology,Home,Acute symptom visit,False
E0002556,P00459,outpatient,2024-10-17 08:00:00,2024-10-17 15:00:00,Pulmonary,Home,Medication review,False
E0002557,P00459,outpatient,2025-01-10 08:00:00,2025-01-10 13:00:00,Cardiology,Home,Follow-up,False
E0002558,P00459,outpatient,2025-01-27 08:00:00,2025-01-27 10:00:00,Endocrinology,Home,Medication review,False
E0002559,P00459,inpatient,2025-03-02 08:00:00,2025-03-07 12:00:00,General Medicine,Home,Cellulitis,False
E0002560,P00460,outpatient,2024-12-21 08:00:00,2024-12-21 12:00:00,General Medicine,Home,Acute symptom visit,False
E0002561,P00460,outpatient,2025-01-17 08:00:00,2025-01-17 10:00:00,Endocrinology,Home,Acute symptom visit,False
E0002562,P00460,outpatient,2025-03-21 08:00:00,2025-03-21 15:00:00,General Medicine,Home,Medication review,False
E0002563,P00460,emergency,2025-05-31 08:00:00,2025-05-31 14:00:00,Pulmonary,Home,Medication review,False
E0002564,P00460,emergency,2025-06-04 08:00:00,2025-06-04 09:00:00,General Surgery,Home,Follow-up,False
E0002565,P00460,inpatient,2025-06-26 08:00:00,2025-06-28 11:00:00,Endocrinology,Home,Hyperglycemia,False
E0002566,P00461,outpatient,2024-09-09 08:00:00,2024-09-09 09:00:00,General Surgery,Home,Acute symptom visit,False
E0002567,P00461,outpatient,2024-09-20 08:00:00,2024-09-20 11:00:00,Endocrinology,Home,Medication review,False
E0002568,P00461,emergency,2024-11-05 08:00:00,2024-11-05 15:00:00,Cardiology,Home,Medication review,False
E0002569,P00461,emergency,2024-12-02 08:00:00,2024-12-02 11:00:00,Pulmonary,Home,Follow-up,False
E0002570,P00461,emergency,2025-01-17 08:00:00,2025-01-17 11:00:00,Pulmonary,Home,Follow-up,False
E0002571,P00461,outpatient,2025-02-05 08:00:00,2025-02-05 15:00:00,General Medicine,Home,Acute symptom visit,False
E0002572,P00461,inpatient,2025-03-14 08:00:00,2025-03-19 10:00:00,General Medicine,Transfer to acute care,Syncope,False
E0002573,P00461,inpatient,2025-07-17 12:00:00,2025-07-22 20:00:00,Endocrinology,Skilled nursing facility,Hypoglycemia,False
E0002574,P00462,outpatient,2024-11-28 08:00:00,2024-11-28 11:00:00,Endocrinology,Home,Follow-up,False
E0002575,P00462,inpatient,2025-06-07 08:00:00,2025-06-09 18:00:00,Pulmonary,Home,COPD exacerbation,False
E0002576,P00463,outpatient,2025-06-18 08:00:00,2025-06-18 12:00:00,Endocrinology,Home,Acute symptom visit,False
E0002577,P00463,outpatient,2025-08-21 08:00:00,2025-08-21 11:00:00,Pulmonary,Home,Medication review,False
E0002578,P00463,outpatient,2025-08-30 08:00:00,2025-08-30 11:00:00,General Surgery,Home,Follow-up,False
E0002579,P00463,outpatient,2025-09-01 08:00:00,2025-09-01 14:00:00,General Medicine,Home,Acute symptom visit,False
E0002580,P00463,inpatient,2025-11-10 08:00:00,2025-11-14 10:00:00,Cardiology,Home,Heart failure exacerbation,False
E0002581,P00463,inpatient,2026-04-06 12:00:00,2026-04-11 14:00:00,General Medicine,Expired,Syncope,False
E0002582,P00464,outpatient,2025-03-06 08:00:00,2025-03-06 16:00:00,Cardiology,Home,Medication review,False
E0002583,P00464,emergency,2025-07-15 08:00:00,2025-07-15 12:00:00,Pulmonary,Home,Acute symptom visit,False
E0002584,P00464,inpatient,2025-07-31 08:00:00,2025-08-04 17:00:00,Pulmonary,Transfer to acute care,Pneumonia,False
E0002585,P00465,outpatient,2025-01-17 08:00:00,2025-01-17 09:00:00,Endocrinology,Home,Follow-up,False
E0002586,P00465,outpatient,2025-02-20 08:00:00,2025-02-20 13:00:00,Cardiology,Home,Follow-up,False
E0002587,P00465,emergency,2025-04-16 08:00:00,2025-04-16 10:00:00,Cardiology,Home,Medication review,False
E0002588,P00465,outpatient,2025-04-19 08:00:00,2025-04-19 09:00:00,General Surgery,Home,Medication review,False
E0002589,P00465,inpatient,2025-07-14 08:00:00,2025-07-18 10:00:00,General Surgery,Home,Abdominal pain,False
E0002590,P00465,inpatient,2025-11-19 10:00:00,2025-11-23 16:00:00,Pulmonary,Home health,Asthma exacerbation,False
E0002591,P00466,emergency,2025-03-22 08:00:00,2025-03-22 14:00:00,General Medicine,Home,Follow-up,False
E0002592,P00466,emergency,2025-04-29 08:00:00,2025-04-29 10:00:00,Endocrinology,Home,Medication review,False
E0002593,P00466,outpatient,2025-05-26 08:00:00,2025-05-26 14:00:00,General Surgery,Home,Medication review,False
E0002594,P00466,inpatient,2025-08-18 08:00:00,2025-08-21 10:00:00,Cardiology,Home health,Atrial fibrillation,False
E0002595,P00466,inpatient,2025-11-03 21:00:00,2025-11-05 06:00:00,Cardiology,Home,Heart failure exacerbation,False
E0002596,P00467,outpatient,2024-09-07 08:00:00,2024-09-07 14:00:00,Pulmonary,Home,Medication review,False
E0002597,P00467,outpatient,2024-11-04 08:00:00,2024-11-04 11:00:00,General Surgery,Home,Medication review,False
E0002598,P00467,inpatient,2025-03-09 08:00:00,2025-03-10 10:00:00,General Surgery,Home,Abdominal pain,False
E0002599,P00467,inpatient,2025-03-21 17:00:00,2025-03-26 02:00:00,General Medicine,Home,Sepsis,False
E0002600,P00468,outpatient,2025-04-04 08:00:00,2025-04-04 13:00:00,Cardiology,Home,Acute symptom visit,False
E0002601,P00468,outpatient,2025-04-04 08:00:00,2025-04-04 09:00:00,Pulmonary,Home,Follow-up,False
E0002602,P00468,outpatient,2025-04-25 08:00:00,2025-04-25 16:00:00,Cardiology,Home,Acute symptom visit,False
E0002603,P00468,emergency,2025-06-24 08:00:00,2025-06-24 09:00:00,Cardiology,Home,Follow-up,False
E0002604,P00468,outpatient,2025-07-08 08:00:00,2025-07-08 11:00:00,Pulmonary,Home,Follow-up,False
E0002605,P00468,outpatient,2025-08-28 08:00:00,2025-08-28 10:00:00,Cardiology,Home,Medication review,False
E0002606,P00468,inpatient,2025-10-28 08:00:00,2025-11-03 12:00:00,General Medicine,Home health,Sepsis,False
E0002607,P00468,inpatient,2026-03-27 23:00:00,2026-03-29 07:00:00,Cardiology,Transfer to acute care,Heart failure exacerbation,False
E0002608,P00469,emergency,2025-04-06 08:00:00,2025-04-06 10:00:00,Pulmonary,Home,Medication review,False
E0002609,P00469,emergency,2025-04-21 08:00:00,2025-04-21 10:00:00,General Medicine,Home,Medication review,False
E0002610,P00469,outpatient,2025-05-07 08:00:00,2025-05-07 13:00:00,General Surgery,Home,Acute symptom visit,False
E0002611,P00469,emergency,2025-06-03 08:00:00,2025-06-03 11:00:00,Endocrinology,Home,Medication review,False
E0002612,P00469,outpatient,2025-06-18 08:00:00,2025-06-18 13:00:00,Endocrinology,Home,Medication review,False
E0002613,P00469,outpatient,2025-07-22 08:00:00,2025-07-22 09:00:00,Endocrinology,Home,Follow-up,False
E0002614,P00469,emergency,2025-08-07 08:00:00,2025-08-07 10:00:00,Cardiology,Home,Follow-up,False
E0002615,P00469,inpatient,2025-08-25 08:00:00,2025-08-28 15:00:00,General Surgery,Home,Biliary disease,False
E0002616,P00469,inpatient,2025-11-29 02:00:00,2025-12-03 06:00:00,General Medicine,Home,Syncope,False
E0002617,P00470,outpatient,2024-10-20 08:00:00,2024-10-20 14:00:00,Endocrinology,Home,Acute symptom visit,False
E0002618,P00471,emergency,2025-03-01 08:00:00,2025-03-01 10:00:00,Cardiology,Home,Follow-up,False
E0002619,P00471,outpatient,2025-03-04 08:00:00,2025-03-04 13:00:00,General Surgery,Home,Acute symptom visit,False
E0002620,P00471,outpatient,2025-03-17 08:00:00,2025-03-17 14:00:00,General Surgery,Home,Acute symptom visit,False
E0002621,P00471,outpatient,2025-03-28 08:00:00,2025-03-28 12:00:00,General Medicine,Home,Follow-up,False
E0002622,P00471,emergency,2025-03-31 08:00:00,2025-03-31 14:00:00,General Medicine,Home,Acute symptom visit,False
E0002623,P00471,outpatient,2025-03-31 08:00:00,2025-03-31 15:00:00,Pulmonary,Home,Medication review,False
E0002624,P00471,outpatient,2025-04-06 08:00:00,2025-04-06 16:00:00,Cardiology,Home,Acute symptom visit,False
E0002625,P00471,inpatient,2025-05-13 08:00:00,2025-05-17 10:00:00,General Surgery,Home health,Postoperative wound issue,False
E0002626,P00472,outpatient,2024-12-07 08:00:00,2024-12-07 12:00:00,Cardiology,Home,Acute symptom visit,False
E0002627,P00472,inpatient,2025-04-04 08:00:00,2025-04-08 12:00:00,General Medicine,Home,Sepsis,False
E0002628,P00472,inpatient,2025-07-13 23:00:00,2025-07-16 04:00:00,General Medicine,Home,Syncope,False
E0002629,P00473,emergency,2024-12-02 08:00:00,2024-12-02 09:00:00,Cardiology,Home,Follow-up,False
E0002630,P00473,outpatient,2025-01-29 08:00:00,2025-01-29 14:00:00,General Medicine,Home,Medication review,False
E0002631,P00473,emergency,2025-02-15 08:00:00,2025-02-15 13:00:00,Cardiology,Home,Medication review,False
E0002632,P00473,emergency,2025-02-20 08:00:00,2025-02-20 15:00:00,General Medicine,Home,Medication review,False
E0002633,P00473,inpatient,2025-06-13 08:00:00,2025-06-19 14:00:00,General Surgery,Transfer to acute care,Abdominal pain,True
E0002634,P00474,outpatient,2025-09-04 08:00:00,2025-09-04 13:00:00,General Surgery,Home,Acute symptom visit,False
E0002635,P00474,inpatient,2025-11-07 08:00:00,2025-11-10 12:00:00,General Surgery,Home,Abdominal pain,True
E0002636,P00475,outpatient,2024-12-01 08:00:00,2024-12-01 10:00:00,General Surgery,Home,Follow-up,False
E0002637,P00475,outpatient,2024-12-25 08:00:00,2024-12-25 14:00:00,General Medicine,Home,Medication review,False
E0002638,P00475,outpatient,2025-02-07 08:00:00,2025-02-07 13:00:00,General Surgery,Home,Medication review,False
E0002639,P00475,outpatient,2025-02-07 08:00:00,2025-02-07 11:00:00,Pulmonary,Home,Follow-up,False
E0002640,P00475,outpatient,2025-02-13 08:00:00,2025-02-13 11:00:00,Cardiology,Home,Follow-up,False
E0002641,P00476,outpatient,2025-01-03 08:00:00,2025-01-03 10:00:00,General Surgery,Home,Follow-up,False
E0002642,P00476,outpatient,2025-01-14 08:00:00,2025-01-14 16:00:00,General Medicine,Home,Medication review,False
E0002643,P00476,inpatient,2025-07-26 08:00:00,2025-07-27 13:00:00,General Medicine,Home,Syncope,False
E0002644,P00477,outpatient,2025-02-13 08:00:00,2025-02-13 12:00:00,Endocrinology,Home,Medication review,False
E0002645,P00477,emergency,2025-03-07 08:00:00,2025-03-07 10:00:00,Endocrinology,Home,Acute symptom visit,False
E0002646,P00477,outpatient,2025-03-15 08:00:00,2025-03-15 15:00:00,Pulmonary,Home,Medication review,False
E0002647,P00477,emergency,2025-03-16 08:00:00,2025-03-16 12:00:00,General Surgery,Home,Medication review,False
E0002648,P00477,outpatient,2025-03-19 08:00:00,2025-03-19 12:00:00,General Surgery,Home,Medication review,False
E0002649,P00477,inpatient,2025-08-07 08:00:00,2025-08-13 13:00:00,General Surgery,Home health,Abdominal pain,False
E0002650,P00478,outpatient,2024-11-27 08:00:00,2024-11-27 11:00:00,General Medicine,Home,Follow-up,False
E0002651,P00478,outpatient,2024-12-22 08:00:00,2024-12-22 16:00:00,General Surgery,Home,Medication review,False
E0002652,P00478,outpatient,2025-04-03 08:00:00,2025-04-03 16:00:00,Endocrinology,Home,Follow-up,False
E0002653,P00478,inpatient,2025-06-11 08:00:00,2025-06-13 14:00:00,Cardiology,Home,Chest pain,False
E0002654,P00479,outpatient,2025-02-27 08:00:00,2025-02-27 09:00:00,General Medicine,Home,Medication review,False
E0002655,P00479,outpatient,2025-03-24 08:00:00,2025-03-24 10:00:00,Cardiology,Home,Acute symptom visit,False
E0002656,P00479,outpatient,2025-05-27 08:00:00,2025-05-27 14:00:00,General Medicine,Home,Acute symptom visit,False
E0002657,P00479,outpatient,2025-07-05 08:00:00,2025-07-05 15:00:00,Pulmonary,Home,Acute symptom visit,False
E0002658,P00480,emergency,2024-09-22 08:00:00,2024-09-22 14:00:00,General Medicine,Home,Follow-up,False
E0002659,P00480,outpatient,2025-01-25 08:00:00,2025-01-25 10:00:00,Pulmonary,Home,Acute symptom visit,False
E0002660,P00480,inpatient,2025-03-12 08:00:00,2025-03-14 10:00:00,Cardiology,Home,Chest pain,False
E0002661,P00481,outpatient,2025-03-26 08:00:00,2025-03-26 15:00:00,General Surgery,Home,Medication review,False
E0002662,P00481,outpatient,2025-04-09 08:00:00,2025-04-09 13:00:00,General Medicine,Home,Follow-up,False
E0002663,P00481,outpatient,2025-06-08 08:00:00,2025-06-08 12:00:00,Pulmonary,Home,Acute symptom visit,False
E0002664,P00481,outpatient,2025-07-16 08:00:00,2025-07-16 13:00:00,General Surgery,Home,Medication review,False
E0002665,P00481,emergency,2025-07-19 08:00:00,2025-07-19 15:00:00,General Medicine,Home,Acute symptom visit,False
E0002666,P00481,emergency,2025-08-29 08:00:00,2025-08-29 15:00:00,General Surgery,Home,Medication review,False
E0002667,P00482,outpatient,2024-10-09 08:00:00,2024-10-09 16:00:00,General Medicine,Home,Medication review,False
E0002668,P00482,outpatient,2024-11-05 08:00:00,2024-11-05 14:00:00,Cardiology,Home,Acute symptom visit,False
E0002669,P00482,emergency,2024-11-10 08:00:00,2024-11-10 15:00:00,Pulmonary,Home,Follow-up,False
E0002670,P00482,outpatient,2024-11-25 08:00:00,2024-11-25 16:00:00,General Medicine,Home,Medication review,False
E0002671,P00482,outpatient,2024-12-21 08:00:00,2024-12-21 13:00:00,Endocrinology,Home,Acute symptom visit,False
E0002672,P00482,outpatient,2024-12-24 08:00:00,2024-12-24 09:00:00,General Surgery,Home,Follow-up,False
E0002673,P00482,inpatient,2025-03-29 08:00:00,2025-04-01 13:00:00,Cardiology,Home health,Atrial fibrillation,False
E0002674,P00482,inpatient,2025-04-28 18:00:00,2025-05-04 03:00:00,General Surgery,Expired,Biliary disease,False
E0002675,P00483,outpatient,2024-07-27 08:00:00,2024-07-27 16:00:00,Cardiology,Home,Medication review,False
E0002676,P00483,outpatient,2024-08-26 08:00:00,2024-08-26 09:00:00,Cardiology,Home,Acute symptom visit,False
E0002677,P00483,outpatient,2024-09-06 08:00:00,2024-09-06 09:00:00,General Surgery,Home,Follow-up,False
E0002678,P00483,outpatient,2024-10-25 08:00:00,2024-10-25 09:00:00,Cardiology,Home,Medication review,False
E0002679,P00483,outpatient,2024-10-29 08:00:00,2024-10-29 13:00:00,General Medicine,Home,Acute symptom visit,False
E0002680,P00483,emergency,2024-12-20 08:00:00,2024-12-20 09:00:00,General Surgery,Home,Acute symptom visit,False
E0002681,P00483,inpatient,2025-01-10 08:00:00,2025-01-12 18:00:00,General Medicine,Home,Cellulitis,False
E0002682,P00483,inpatient,2025-05-25 06:00:00,2025-05-29 14:00:00,General Medicine,Home health,Cellulitis,False
E0002683,P00483,inpatient,2025-06-15 14:00:00,2025-06-20 00:00:00,General Surgery,Home,Abdominal pain,True
E0002684,P00484,outpatient,2025-04-08 08:00:00,2025-04-08 09:00:00,General Surgery,Home,Medication review,False
E0002685,P00484,outpatient,2025-06-07 08:00:00,2025-06-07 09:00:00,General Surgery,Home,Acute symptom visit,False
E0002686,P00484,outpatient,2025-06-17 08:00:00,2025-06-17 13:00:00,Cardiology,Home,Follow-up,False
E0002687,P00484,outpatient,2025-06-29 08:00:00,2025-06-29 16:00:00,Pulmonary,Home,Follow-up,False
E0002688,P00484,inpatient,2025-09-24 08:00:00,2025-09-27 15:00:00,General Medicine,Home,Electrolyte disorder,False
E0002689,P00484,inpatient,2025-10-04 03:00:00,2025-10-08 08:00:00,Endocrinology,Home,Diabetes complication,False
E0002690,P00485,outpatient,2025-04-17 08:00:00,2025-04-17 15:00:00,Endocrinology,Home,Acute symptom visit,False
E0002691,P00485,outpatient,2025-06-01 08:00:00,2025-06-01 12:00:00,Endocrinology,Home,Medication review,False
E0002692,P00485,emergency,2025-06-06 08:00:00,2025-06-06 09:00:00,General Medicine,Home,Medication review,False
E0002693,P00485,outpatient,2025-07-19 08:00:00,2025-07-19 10:00:00,Pulmonary,Home,Acute symptom visit,False
E0002694,P00485,emergency,2025-08-17 08:00:00,2025-08-17 14:00:00,Pulmonary,Home,Follow-up,False
E0002695,P00485,outpatient,2025-08-27 08:00:00,2025-08-27 09:00:00,General Medicine,Home,Follow-up,False
E0002696,P00485,emergency,2025-09-10 08:00:00,2025-09-10 14:00:00,Cardiology,Home,Acute symptom visit,False
E0002697,P00486,emergency,2025-02-24 08:00:00,2025-02-24 11:00:00,Cardiology,Home,Follow-up,False
E0002698,P00486,outpatient,2025-03-07 08:00:00,2025-03-07 15:00:00,Cardiology,Home,Medication review,False
E0002699,P00486,outpatient,2025-03-15 08:00:00,2025-03-15 10:00:00,General Surgery,Home,Acute symptom visit,False
E0002700,P00486,emergency,2025-04-18 08:00:00,2025-04-18 10:00:00,Endocrinology,Home,Acute symptom visit,False
E0002701,P00486,inpatient,2025-07-25 08:00:00,2025-07-30 12:00:00,Cardiology,Expired,Chest pain,False
E0002702,P00486,inpatient,2025-12-05 23:00:00,2025-12-08 08:00:00,Cardiology,Home,Chest pain,False
E0002703,P00486,inpatient,2026-03-13 11:00:00,2026-03-15 16:00:00,General Medicine,Skilled nursing facility,Electrolyte disorder,False
E0002704,P00487,outpatient,2025-04-30 08:00:00,2025-04-30 12:00:00,Cardiology,Home,Medication review,False
E0002705,P00487,outpatient,2025-05-06 08:00:00,2025-05-06 15:00:00,Pulmonary,Home,Medication review,False
E0002706,P00487,outpatient,2025-07-01 08:00:00,2025-07-01 13:00:00,Cardiology,Home,Follow-up,False
E0002707,P00487,outpatient,2025-08-14 08:00:00,2025-08-14 12:00:00,Endocrinology,Home,Acute symptom visit,False
E0002708,P00487,outpatient,2025-10-02 08:00:00,2025-10-02 13:00:00,Endocrinology,Home,Medication review,False
E0002709,P00487,inpatient,2025-12-09 08:00:00,2025-12-13 15:00:00,General Surgery,Home,Biliary disease,False
E0002710,P00488,emergency,2024-09-13 08:00:00,2024-09-13 15:00:00,Endocrinology,Home,Follow-up,False
E0002711,P00488,outpatient,2024-10-23 08:00:00,2024-10-23 15:00:00,General Medicine,Home,Follow-up,False
E0002712,P00488,outpatient,2024-10-26 08:00:00,2024-10-26 14:00:00,Pulmonary,Home,Follow-up,False
E0002713,P00488,emergency,2024-11-27 08:00:00,2024-11-27 10:00:00,Cardiology,Home,Medication review,False
E0002714,P00488,emergency,2025-01-31 08:00:00,2025-01-31 12:00:00,Pulmonary,Home,Medication review,False
E0002715,P00488,emergency,2025-02-14 08:00:00,2025-02-14 15:00:00,General Medicine,Home,Medication review,False
E0002716,P00488,inpatient,2025-02-17 08:00:00,2025-02-20 18:00:00,General Medicine,Home,Electrolyte disorder,False
E0002717,P00489,outpatient,2024-10-28 08:00:00,2024-10-28 14:00:00,Cardiology,Home,Acute symptom visit,False
E0002718,P00489,emergency,2024-11-28 08:00:00,2024-11-28 10:00:00,Pulmonary,Home,Follow-up,False
E0002719,P00489,outpatient,2024-12-12 08:00:00,2024-12-12 16:00:00,Cardiology,Home,Medication review,False
E0002720,P00489,outpatient,2025-02-21 08:00:00,2025-02-21 10:00:00,Endocrinology,Home,Follow-up,False
E0002721,P00489,emergency,2025-02-25 08:00:00,2025-02-25 09:00:00,General Surgery,Home,Acute symptom visit,False
E0002722,P00489,inpatient,2025-04-23 08:00:00,2025-04-27 17:00:00,General Surgery,Skilled nursing facility,Biliary disease,False
E0002723,P00490,outpatient,2024-09-27 08:00:00,2024-09-27 14:00:00,Pulmonary,Home,Follow-up,False
E0002724,P00490,outpatient,2024-10-01 08:00:00,2024-10-01 11:00:00,Pulmonary,Home,Medication review,False
E0002725,P00490,outpatient,2024-10-05 08:00:00,2024-10-05 10:00:00,General Surgery,Home,Follow-up,False
E0002726,P00490,outpatient,2024-11-20 08:00:00,2024-11-20 10:00:00,Cardiology,Home,Follow-up,False
E0002727,P00490,emergency,2024-11-23 08:00:00,2024-11-23 11:00:00,Endocrinology,Home,Follow-up,False
E0002728,P00490,emergency,2024-11-29 08:00:00,2024-11-29 11:00:00,Pulmonary,Home,Acute symptom visit,False
E0002729,P00490,emergency,2024-12-22 08:00:00,2024-12-22 16:00:00,Endocrinology,Home,Follow-up,False
E0002730,P00490,outpatient,2025-01-14 08:00:00,2025-01-14 13:00:00,Cardiology,Home,Follow-up,False
E0002731,P00490,inpatient,2025-03-17 08:00:00,2025-03-21 15:00:00,General Medicine,Home,Syncope,False
E0002732,P00491,emergency,2025-06-20 08:00:00,2025-06-20 10:00:00,General Medicine,Home,Medication review,False
E0002733,P00491,outpatient,2025-08-08 08:00:00,2025-08-08 16:00:00,Endocrinology,Home,Acute symptom visit,False
E0002734,P00491,outpatient,2025-08-11 08:00:00,2025-08-11 09:00:00,General Surgery,Home,Acute symptom visit,False
E0002735,P00491,outpatient,2025-08-17 08:00:00,2025-08-17 13:00:00,General Surgery,Home,Acute symptom visit,False
E0002736,P00491,emergency,2025-08-18 08:00:00,2025-08-18 16:00:00,Endocrinology,Home,Follow-up,False
E0002737,P00491,inpatient,2025-10-12 08:00:00,2025-10-15 11:00:00,General Medicine,Home,Cellulitis,False
E0002738,P00492,outpatient,2024-12-07 08:00:00,2024-12-07 12:00:00,General Surgery,Home,Medication review,False
E0002739,P00492,outpatient,2024-12-25 08:00:00,2024-12-25 16:00:00,General Surgery,Home,Follow-up,False
E0002740,P00492,outpatient,2025-01-15 08:00:00,2025-01-15 12:00:00,Endocrinology,Home,Medication review,False
E0002741,P00492,outpatient,2025-04-26 08:00:00,2025-04-26 10:00:00,General Medicine,Home,Medication review,False
E0002742,P00493,outpatient,2025-01-24 08:00:00,2025-01-24 10:00:00,Endocrinology,Home,Acute symptom visit,False
E0002743,P00493,emergency,2025-04-23 08:00:00,2025-04-23 10:00:00,Endocrinology,Home,Medication review,False
E0002744,P00493,outpatient,2025-05-07 08:00:00,2025-05-07 16:00:00,Endocrinology,Home,Acute symptom visit,False
E0002745,P00493,outpatient,2025-05-07 08:00:00,2025-05-07 14:00:00,Pulmonary,Home,Medication review,False
E0002746,P00493,outpatient,2025-06-09 08:00:00,2025-06-09 15:00:00,Cardiology,Home,Medication review,False
E0002747,P00493,inpatient,2025-06-28 08:00:00,2025-07-03 15:00:00,Cardiology,Home,Chest pain,False
E0002748,P00493,inpatient,2025-09-18 21:00:00,2025-09-22 02:00:00,Endocrinology,Skilled nursing facility,Hyperglycemia,False
E0002749,P00494,outpatient,2025-03-15 08:00:00,2025-03-15 13:00:00,Cardiology,Home,Medication review,False
E0002750,P00494,outpatient,2025-05-28 08:00:00,2025-05-28 09:00:00,Endocrinology,Home,Follow-up,False
E0002751,P00494,emergency,2025-06-16 08:00:00,2025-06-16 09:00:00,General Medicine,Home,Acute symptom visit,False
E0002752,P00494,emergency,2025-06-30 08:00:00,2025-06-30 09:00:00,Cardiology,Home,Acute symptom visit,False
E0002753,P00494,inpatient,2025-10-15 08:00:00,2025-10-16 13:00:00,General Medicine,Home health,Syncope,False
E0002754,P00494,inpatient,2025-11-01 00:00:00,2025-11-07 02:00:00,General Medicine,Transfer to acute care,Electrolyte disorder,False
E0002755,P00495,outpatient,2024-12-05 08:00:00,2024-12-05 10:00:00,General Medicine,Home,Medication review,False
E0002756,P00495,outpatient,2025-01-09 08:00:00,2025-01-09 12:00:00,Pulmonary,Home,Follow-up,False
E0002757,P00496,outpatient,2025-01-17 08:00:00,2025-01-17 14:00:00,General Surgery,Home,Medication review,False
E0002758,P00496,outpatient,2025-02-06 08:00:00,2025-02-06 11:00:00,Endocrinology,Home,Acute symptom visit,False
E0002759,P00496,outpatient,2025-04-01 08:00:00,2025-04-01 14:00:00,Pulmonary,Home,Acute symptom visit,False
E0002760,P00496,inpatient,2025-07-02 08:00:00,2025-07-04 15:00:00,Pulmonary,Home,Pneumonia,False
E0002761,P00497,outpatient,2025-01-20 08:00:00,2025-01-20 16:00:00,General Surgery,Home,Acute symptom visit,False
E0002762,P00497,outpatient,2025-02-14 08:00:00,2025-02-14 11:00:00,Endocrinology,Home,Acute symptom visit,False
E0002763,P00497,outpatient,2025-03-06 08:00:00,2025-03-06 15:00:00,Cardiology,Home,Follow-up,False
E0002764,P00497,outpatient,2025-04-02 08:00:00,2025-04-02 10:00:00,Pulmonary,Home,Follow-up,False
E0002765,P00497,emergency,2025-05-03 08:00:00,2025-05-03 13:00:00,Endocrinology,Home,Acute symptom visit,False
E0002766,P00497,outpatient,2025-05-06 08:00:00,2025-05-06 15:00:00,General Medicine,Home,Acute symptom visit,False
E0002767,P00497,inpatient,2025-06-20 08:00:00,2025-06-21 18:00:00,Cardiology,Transfer to acute care,Atrial fibrillation,False
E0002768,P00497,inpatient,2025-08-12 19:00:00,2025-08-16 04:00:00,General Medicine,Home,Cellulitis,False
E0002769,P00498,outpatient,2024-07-05 08:00:00,2024-07-05 16:00:00,General Surgery,Home,Medication review,False
E0002770,P00498,emergency,2024-09-06 08:00:00,2024-09-06 14:00:00,General Medicine,Home,Medication review,False
E0002771,P00498,outpatient,2024-11-30 08:00:00,2024-11-30 15:00:00,Endocrinology,Home,Follow-up,False
E0002772,P00499,outpatient,2025-04-14 08:00:00,2025-04-14 09:00:00,Endocrinology,Home,Acute symptom visit,False
E0002773,P00499,emergency,2025-07-03 08:00:00,2025-07-03 16:00:00,General Medicine,Home,Follow-up,False
E0002774,P00499,emergency,2025-07-07 08:00:00,2025-07-07 09:00:00,Pulmonary,Home,Medication review,False
E0002775,P00499,outpatient,2025-07-10 08:00:00,2025-07-10 11:00:00,General Medicine,Home,Follow-up,False
E0002776,P00499,outpatient,2025-07-29 08:00:00,2025-07-29 15:00:00,Endocrinology,Home,Follow-up,False
E0002777,P00499,inpatient,2025-11-08 08:00:00,2025-11-13 16:00:00,General Surgery,Home,Postoperative wound issue,True
E0002778,P00500,outpatient,2025-02-22 08:00:00,2025-02-22 11:00:00,General Medicine,Home,Acute symptom visit,False
E0002779,P00500,outpatient,2025-02-27 08:00:00,2025-02-27 15:00:00,General Surgery,Home,Medication review,False
E0002780,P00500,outpatient,2025-03-05 08:00:00,2025-03-05 09:00:00,General Surgery,Home,Acute symptom visit,False
E0002781,P00500,outpatient,2025-04-25 08:00:00,2025-04-25 09:00:00,Endocrinology,Home,Medication review,False
E0002782,P00500,inpatient,2025-08-14 08:00:00,2025-08-16 17:00:00,Pulmonary,Home health,Asthma exacerbation,False
E0002783,P00501,outpatient,2025-03-09 08:00:00,2025-03-09 12:00:00,Cardiology,Home,Medication review,False
E0002784,P00501,emergency,2025-04-01 08:00:00,2025-04-01 14:00:00,General Medicine,Home,Acute symptom visit,False
E0002785,P00501,outpatient,2025-04-29 08:00:00,2025-04-29 11:00:00,Pulmonary,Home,Acute symptom visit,False
E0002786,P00501,outpatient,2025-05-16 08:00:00,2025-05-16 12:00:00,General Surgery,Home,Acute symptom visit,False
E0002787,P00501,outpatient,2025-06-25 08:00:00,2025-06-25 12:00:00,Pulmonary,Home,Medication review,False
E0002788,P00501,inpatient,2025-08-08 08:00:00,2025-08-11 15:00:00,Pulmonary,Home health,Asthma exacerbation,False
E0002789,P00502,outpatient,2025-04-16 08:00:00,2025-04-16 11:00:00,General Surgery,Home,Acute symptom visit,False
E0002790,P00502,outpatient,2025-04-25 08:00:00,2025-04-25 16:00:00,Cardiology,Home,Follow-up,False
E0002791,P00502,outpatient,2025-05-04 08:00:00,2025-05-04 13:00:00,Endocrinology,Home,Medication review,False
E0002792,P00502,outpatient,2025-07-04 08:00:00,2025-07-04 12:00:00,Pulmonary,Home,Acute symptom visit,False
E0002793,P00502,emergency,2025-07-15 08:00:00,2025-07-15 10:00:00,General Medicine,Home,Acute symptom visit,False
E0002794,P00502,inpatient,2025-11-17 08:00:00,2025-11-18 10:00:00,General Medicine,Home,Syncope,False
E0002795,P00502,inpatient,2026-03-14 11:00:00,2026-03-17 17:00:00,General Surgery,Skilled nursing facility,Postoperative wound issue,False
E0002796,P00503,emergency,2025-02-14 08:00:00,2025-02-14 12:00:00,Pulmonary,Home,Follow-up,False
E0002797,P00503,emergency,2025-03-21 08:00:00,2025-03-21 09:00:00,General Medicine,Home,Acute symptom visit,False
E0002798,P00503,emergency,2025-04-05 08:00:00,2025-04-05 14:00:00,Cardiology,Home,Follow-up,False
E0002799,P00503,outpatient,2025-04-06 08:00:00,2025-04-06 13:00:00,Endocrinology,Home,Follow-up,False
E0002800,P00503,outpatient,2025-05-09 08:00:00,2025-05-09 10:00:00,Pulmonary,Home,Medication review,False
E0002801,P00503,inpatient,2025-07-12 08:00:00,2025-07-18 16:00:00,General Medicine,Home,Cellulitis,False
E0002802,P00504,outpatient,2025-04-08 08:00:00,2025-04-08 13:00:00,Cardiology,Home,Medication review,False
E0002803,P00504,outpatient,2025-04-20 08:00:00,2025-04-20 13:00:00,Pulmonary,Home,Medication review,False
E0002804,P00504,outpatient,2025-04-28 08:00:00,2025-04-28 14:00:00,Endocrinology,Home,Acute symptom visit,False
E0002805,P00504,emergency,2025-05-02 08:00:00,2025-05-02 16:00:00,Cardiology,Home,Medication review,False
E0002806,P00504,outpatient,2025-06-30 08:00:00,2025-06-30 11:00:00,Endocrinology,Home,Follow-up,False
E0002807,P00504,emergency,2025-07-31 08:00:00,2025-07-31 11:00:00,General Surgery,Home,Follow-up,False
E0002808,P00504,outpatient,2025-08-07 08:00:00,2025-08-07 13:00:00,Pulmonary,Home,Follow-up,False
E0002809,P00505,outpatient,2024-09-25 08:00:00,2024-09-25 12:00:00,Endocrinology,Home,Follow-up,False
E0002810,P00505,outpatient,2025-02-03 08:00:00,2025-02-03 10:00:00,General Surgery,Home,Follow-up,False
E0002811,P00506,emergency,2025-03-13 08:00:00,2025-03-13 15:00:00,General Surgery,Home,Acute symptom visit,False
E0002812,P00506,outpatient,2025-03-28 08:00:00,2025-03-28 13:00:00,General Medicine,Home,Acute symptom visit,False
E0002813,P00506,outpatient,2025-03-28 08:00:00,2025-03-28 11:00:00,General Surgery,Home,Follow-up,False
E0002814,P00506,outpatient,2025-05-08 08:00:00,2025-05-08 13:00:00,Endocrinology,Home,Follow-up,False
E0002815,P00506,outpatient,2025-05-20 08:00:00,2025-05-20 13:00:00,Pulmonary,Home,Medication review,False
E0002816,P00506,emergency,2025-07-05 08:00:00,2025-07-05 13:00:00,Cardiology,Home,Acute symptom visit,False
E0002817,P00506,inpatient,2025-08-26 08:00:00,2025-08-29 16:00:00,Cardiology,Home,Atrial fibrillation,False
E0002818,P00506,inpatient,2025-12-07 17:00:00,2025-12-11 03:00:00,Endocrinology,Skilled nursing facility,Hypoglycemia,False
E0002819,P00507,outpatient,2025-05-05 08:00:00,2025-05-05 11:00:00,General Surgery,Home,Acute symptom visit,False
E0002820,P00507,emergency,2025-07-03 08:00:00,2025-07-03 15:00:00,Endocrinology,Home,Follow-up,False
E0002821,P00507,outpatient,2025-07-08 08:00:00,2025-07-08 13:00:00,General Medicine,Home,Acute symptom visit,False
E0002822,P00507,emergency,2025-10-12 08:00:00,2025-10-12 12:00:00,Endocrinology,Home,Follow-up,False
E0002823,P00507,inpatient,2025-10-24 08:00:00,2025-10-26 14:00:00,General Surgery,Home,Abdominal pain,True
E0002824,P00508,emergency,2025-02-17 08:00:00,2025-02-17 13:00:00,Pulmonary,Home,Follow-up,False
E0002825,P00508,emergency,2025-03-15 08:00:00,2025-03-15 09:00:00,Cardiology,Home,Follow-up,False
E0002826,P00508,outpatient,2025-04-08 08:00:00,2025-04-08 16:00:00,General Surgery,Home,Follow-up,False
E0002827,P00508,emergency,2025-05-04 08:00:00,2025-05-04 13:00:00,Cardiology,Home,Acute symptom visit,False
E0002828,P00508,inpatient,2025-08-09 08:00:00,2025-08-12 11:00:00,Pulmonary,Home,COPD exacerbation,False
E0002829,P00509,outpatient,2024-11-08 08:00:00,2024-11-08 09:00:00,General Medicine,Home,Medication review,False
E0002830,P00509,inpatient,2025-01-16 08:00:00,2025-01-18 15:00:00,General Surgery,Home,Abdominal pain,False
E0002831,P00510,outpatient,2025-03-26 08:00:00,2025-03-26 16:00:00,General Medicine,Home,Follow-up,False
E0002832,P00510,emergency,2025-04-28 08:00:00,2025-04-28 16:00:00,Pulmonary,Home,Medication review,False
E0002833,P00510,emergency,2025-06-13 08:00:00,2025-06-13 12:00:00,General Medicine,Home,Follow-up,False
E0002834,P00510,outpatient,2025-07-18 08:00:00,2025-07-18 13:00:00,Cardiology,Home,Acute symptom visit,False
E0002835,P00510,outpatient,2025-08-25 08:00:00,2025-08-25 09:00:00,Pulmonary,Home,Medication review,False
E0002836,P00510,outpatient,2025-08-26 08:00:00,2025-08-26 13:00:00,General Surgery,Home,Follow-up,False
E0002837,P00510,inpatient,2025-09-24 08:00:00,2025-09-28 12:00:00,General Medicine,Home,Sepsis,False
E0002838,P00511,outpatient,2025-01-29 08:00:00,2025-01-29 12:00:00,Endocrinology,Home,Acute symptom visit,False
E0002839,P00511,outpatient,2025-02-20 08:00:00,2025-02-20 13:00:00,General Surgery,Home,Acute symptom visit,False
E0002840,P00512,outpatient,2024-09-07 08:00:00,2024-09-07 12:00:00,Endocrinology,Home,Acute symptom visit,False
E0002841,P00512,outpatient,2024-11-17 08:00:00,2024-11-17 09:00:00,General Surgery,Home,Follow-up,False
E0002842,P00512,outpatient,2024-11-30 08:00:00,2024-11-30 13:00:00,General Medicine,Home,Acute symptom visit,False
E0002843,P00512,emergency,2024-12-26 08:00:00,2024-12-26 09:00:00,General Surgery,Home,Medication review,False
E0002844,P00513,emergency,2025-02-25 08:00:00,2025-02-25 13:00:00,General Surgery,Home,Medication review,False
E0002845,P00513,emergency,2025-03-08 08:00:00,2025-03-08 15:00:00,General Medicine,Home,Follow-up,False
E0002846,P00513,outpatient,2025-04-19 08:00:00,2025-04-19 11:00:00,Endocrinology,Home,Acute symptom visit,False
E0002847,P00513,inpatient,2025-08-13 08:00:00,2025-08-14 18:00:00,General Surgery,Home health,Biliary disease,False
E0002848,P00513,inpatient,2025-10-14 04:00:00,2025-10-17 07:00:00,Cardiology,Home,Atrial fibrillation,False
E0002849,P00514,emergency,2024-08-06 08:00:00,2024-08-06 14:00:00,Pulmonary,Home,Follow-up,False
E0002850,P00514,outpatient,2024-08-29 08:00:00,2024-08-29 15:00:00,General Medicine,Home,Follow-up,False
E0002851,P00514,outpatient,2024-10-03 08:00:00,2024-10-03 10:00:00,General Medicine,Home,Medication review,False
E0002852,P00514,emergency,2024-10-29 08:00:00,2024-10-29 11:00:00,Endocrinology,Home,Medication review,False
E0002853,P00514,emergency,2024-11-30 08:00:00,2024-11-30 09:00:00,Pulmonary,Home,Follow-up,False
E0002854,P00514,outpatient,2024-12-07 08:00:00,2024-12-07 11:00:00,General Medicine,Home,Medication review,False
E0002855,P00515,outpatient,2025-01-23 08:00:00,2025-01-23 09:00:00,Pulmonary,Home,Medication review,False
E0002856,P00515,emergency,2025-02-26 08:00:00,2025-02-26 16:00:00,Endocrinology,Home,Follow-up,False
E0002857,P00515,emergency,2025-03-24 08:00:00,2025-03-24 13:00:00,General Surgery,Home,Medication review,False
E0002858,P00515,outpatient,2025-04-14 08:00:00,2025-04-14 14:00:00,Endocrinology,Home,Medication review,False
E0002859,P00515,outpatient,2025-06-19 08:00:00,2025-06-19 11:00:00,Cardiology,Home,Acute symptom visit,False
E0002860,P00515,outpatient,2025-07-05 08:00:00,2025-07-05 15:00:00,Pulmonary,Home,Follow-up,False
E0002861,P00515,inpatient,2025-08-01 08:00:00,2025-08-06 18:00:00,Pulmonary,Home,Pneumonia,False
E0002862,P00516,outpatient,2024-12-11 08:00:00,2024-12-11 09:00:00,Pulmonary,Home,Follow-up,False
E0002863,P00516,emergency,2025-03-06 08:00:00,2025-03-06 16:00:00,Cardiology,Home,Acute symptom visit,False
E0002864,P00516,emergency,2025-03-16 08:00:00,2025-03-16 11:00:00,General Medicine,Home,Acute symptom visit,False
E0002865,P00516,outpatient,2025-04-22 08:00:00,2025-04-22 11:00:00,General Surgery,Home,Follow-up,False
E0002866,P00516,outpatient,2025-05-05 08:00:00,2025-05-05 12:00:00,Endocrinology,Home,Acute symptom visit,False
E0002867,P00516,inpatient,2025-06-04 08:00:00,2025-06-06 18:00:00,Cardiology,Transfer to acute care,Heart failure exacerbation,False
E0002868,P00516,inpatient,2025-06-22 19:00:00,2025-06-25 21:00:00,General Medicine,Home,Cellulitis,False
E0002869,P00517,outpatient,2024-12-15 08:00:00,2024-12-15 15:00:00,Pulmonary,Home,Follow-up,False
E0002870,P00517,outpatient,2025-04-01 08:00:00,2025-04-01 14:00:00,General Medicine,Home,Acute symptom visit,False
E0002871,P00517,outpatient,2025-04-11 08:00:00,2025-04-11 11:00:00,General Medicine,Home,Acute symptom visit,False
E0002872,P00517,outpatient,2025-04-27 08:00:00,2025-04-27 11:00:00,General Surgery,Home,Acute symptom visit,False
E0002873,P00517,outpatient,2025-05-07 08:00:00,2025-05-07 10:00:00,General Surgery,Home,Acute symptom visit,False
E0002874,P00517,emergency,2025-05-27 08:00:00,2025-05-27 12:00:00,Pulmonary,Home,Follow-up,False
E0002875,P00517,inpatient,2025-06-26 08:00:00,2025-06-29 18:00:00,General Surgery,Home,Abdominal pain,False
E0002876,P00518,outpatient,2025-04-16 08:00:00,2025-04-16 13:00:00,Endocrinology,Home,Acute symptom visit,False
E0002877,P00518,outpatient,2025-05-13 08:00:00,2025-05-13 11:00:00,General Medicine,Home,Follow-up,False
E0002878,P00518,outpatient,2025-05-21 08:00:00,2025-05-21 10:00:00,Cardiology,Home,Acute symptom visit,False
E0002879,P00518,inpatient,2025-08-22 08:00:00,2025-08-23 17:00:00,Cardiology,Home,Atrial fibrillation,False
E0002880,P00518,inpatient,2025-09-10 18:00:00,2025-09-12 04:00:00,General Medicine,Home,Sepsis,False
E0002881,P00518,inpatient,2025-12-04 14:00:00,2025-12-07 22:00:00,Pulmonary,Home,Pneumonia,False
E0002882,P00519,outpatient,2024-11-05 08:00:00,2024-11-05 15:00:00,Pulmonary,Home,Medication review,False
E0002883,P00519,outpatient,2025-03-18 08:00:00,2025-03-18 10:00:00,General Surgery,Home,Acute symptom visit,False
E0002884,P00519,outpatient,2025-03-23 08:00:00,2025-03-23 13:00:00,Endocrinology,Home,Follow-up,False
E0002885,P00519,inpatient,2025-05-25 08:00:00,2025-05-26 18:00:00,Endocrinology,Home health,Hyperglycemia,False
E0002886,P00519,inpatient,2025-07-19 05:00:00,2025-07-20 12:00:00,General Medicine,Home,Sepsis,False
E0002887,P00520,outpatient,2024-10-13 08:00:00,2024-10-13 11:00:00,Pulmonary,Home,Medication review,False
E0002888,P00520,outpatient,2024-11-10 08:00:00,2024-11-10 13:00:00,General Medicine,Home,Acute symptom visit,False
E0002889,P00520,outpatient,2024-11-24 08:00:00,2024-11-24 11:00:00,General Surgery,Home,Medication review,False
E0002890,P00521,outpatient,2025-07-12 08:00:00,2025-07-12 12:00:00,General Medicine,Home,Follow-up,False
E0002891,P00521,outpatient,2025-08-08 08:00:00,2025-08-08 15:00:00,Pulmonary,Home,Acute symptom visit,False
E0002892,P00521,outpatient,2025-09-14 08:00:00,2025-09-14 09:00:00,Cardiology,Home,Acute symptom visit,False
E0002893,P00521,inpatient,2025-10-15 08:00:00,2025-10-18 12:00:00,General Medicine,Home health,Cellulitis,False
E0002894,P00521,inpatient,2026-03-05 15:00:00,2026-03-09 17:00:00,Cardiology,Skilled nursing facility,Atrial fibrillation,False
E0002895,P00522,outpatient,2024-12-10 08:00:00,2024-12-10 12:00:00,Cardiology,Home,Follow-up,False
E0002896,P00522,emergency,2025-01-25 08:00:00,2025-01-25 12:00:00,Endocrinology,Home,Medication review,False
E0002897,P00522,emergency,2025-02-26 08:00:00,2025-02-26 12:00:00,Endocrinology,Home,Follow-up,False
E0002898,P00522,emergency,2025-02-27 08:00:00,2025-02-27 10:00:00,Pulmonary,Home,Acute symptom visit,False
E0002899,P00522,emergency,2025-03-29 08:00:00,2025-03-29 14:00:00,General Surgery,Home,Follow-up,False
E0002900,P00522,outpatient,2025-04-07 08:00:00,2025-04-07 10:00:00,General Medicine,Home,Follow-up,False
E0002901,P00522,outpatient,2025-04-14 08:00:00,2025-04-14 11:00:00,General Surgery,Home,Follow-up,False
E0002902,P00522,emergency,2025-04-26 08:00:00,2025-04-26 15:00:00,Cardiology,Home,Acute symptom visit,False
E0002903,P00523,outpatient,2025-07-27 08:00:00,2025-07-27 09:00:00,Endocrinology,Home,Medication review,False
E0002904,P00523,inpatient,2025-08-28 08:00:00,2025-08-31 13:00:00,General Surgery,Home,Biliary disease,False
E0002905,P00523,inpatient,2025-09-12 23:00:00,2025-09-17 08:00:00,General Medicine,Home health,Sepsis,False
E0002906,P00524,outpatient,2025-04-01 08:00:00,2025-04-01 15:00:00,Cardiology,Home,Follow-up,False
E0002907,P00524,outpatient,2025-05-29 08:00:00,2025-05-29 12:00:00,General Medicine,Home,Follow-up,False
E0002908,P00524,outpatient,2025-06-18 08:00:00,2025-06-18 13:00:00,Pulmonary,Home,Follow-up,False
E0002909,P00524,outpatient,2025-07-24 08:00:00,2025-07-24 16:00:00,Endocrinology,Home,Medication review,False
E0002910,P00524,outpatient,2025-08-14 08:00:00,2025-08-14 16:00:00,General Medicine,Home,Acute symptom visit,False
E0002911,P00524,inpatient,2025-09-06 08:00:00,2025-09-09 15:00:00,General Medicine,Skilled nursing facility,Sepsis,False
E0002912,P00525,outpatient,2025-05-12 08:00:00,2025-05-12 12:00:00,General Medicine,Home,Acute symptom visit,False
E0002913,P00525,outpatient,2025-07-04 08:00:00,2025-07-04 09:00:00,General Surgery,Home,Follow-up,False
E0002914,P00525,outpatient,2025-07-07 08:00:00,2025-07-07 10:00:00,Endocrinology,Home,Follow-up,False
E0002915,P00525,outpatient,2025-07-18 08:00:00,2025-07-18 15:00:00,Cardiology,Home,Acute symptom visit,False
E0002916,P00525,outpatient,2025-08-06 08:00:00,2025-08-06 15:00:00,Cardiology,Home,Follow-up,False
E0002917,P00525,inpatient,2025-11-04 08:00:00,2025-11-05 10:00:00,General Surgery,Transfer to acute care,Postoperative wound issue,True
E0002918,P00525,inpatient,2026-04-03 19:00:00,2026-04-08 21:00:00,General Medicine,Home,Syncope,False
E0002919,P00526,outpatient,2025-04-30 08:00:00,2025-04-30 16:00:00,General Medicine,Home,Follow-up,False
E0002920,P00526,outpatient,2025-05-04 08:00:00,2025-05-04 09:00:00,Endocrinology,Home,Follow-up,False
E0002921,P00526,outpatient,2025-06-29 08:00:00,2025-06-29 15:00:00,Pulmonary,Home,Acute symptom visit,False
E0002922,P00526,outpatient,2025-07-12 08:00:00,2025-07-12 13:00:00,General Medicine,Home,Follow-up,False
E0002923,P00526,outpatient,2025-08-13 08:00:00,2025-08-13 09:00:00,General Surgery,Home,Medication review,False
E0002924,P00526,emergency,2025-08-22 08:00:00,2025-08-22 13:00:00,Endocrinology,Home,Medication review,False
E0002925,P00526,inpatient,2025-10-07 08:00:00,2025-10-11 17:00:00,General Medicine,Home,Syncope,False
E0002926,P00527,outpatient,2025-01-01 08:00:00,2025-01-01 16:00:00,General Surgery,Home,Follow-up,False
E0002927,P00527,emergency,2025-02-10 08:00:00,2025-02-10 10:00:00,Endocrinology,Home,Medication review,False
E0002928,P00527,outpatient,2025-02-25 08:00:00,2025-02-25 09:00:00,Endocrinology,Home,Follow-up,False
E0002929,P00527,emergency,2025-02-26 08:00:00,2025-02-26 12:00:00,General Medicine,Home,Follow-up,False
E0002930,P00527,outpatient,2025-03-09 08:00:00,2025-03-09 13:00:00,Cardiology,Home,Follow-up,False
E0002931,P00527,outpatient,2025-05-23 08:00:00,2025-05-23 16:00:00,General Surgery,Home,Acute symptom visit,False
E0002932,P00527,emergency,2025-05-26 08:00:00,2025-05-26 10:00:00,General Medicine,Home,Acute symptom visit,False
E0002933,P00527,inpatient,2025-08-02 08:00:00,2025-08-05 18:00:00,General Medicine,Home,Sepsis,False
E0002934,P00528,emergency,2024-09-15 08:00:00,2024-09-15 10:00:00,General Surgery,Home,Medication review,False
E0002935,P00528,outpatient,2024-10-22 08:00:00,2024-10-22 15:00:00,General Medicine,Home,Acute symptom visit,False
E0002936,P00528,emergency,2024-11-02 08:00:00,2024-11-02 14:00:00,General Surgery,Home,Follow-up,False
E0002937,P00528,emergency,2024-12-14 08:00:00,2024-12-14 13:00:00,General Surgery,Home,Medication review,False
E0002938,P00528,inpatient,2025-02-14 08:00:00,2025-02-17 14:00:00,General Medicine,Home,Syncope,False
E0002939,P00528,inpatient,2025-06-22 16:00:00,2025-06-25 22:00:00,General Medicine,Transfer to acute care,Syncope,False
E0002940,P00529,outpatient,2024-12-18 08:00:00,2024-12-18 15:00:00,Cardiology,Home,Acute symptom visit,False
E0002941,P00529,emergency,2025-03-17 08:00:00,2025-03-17 15:00:00,Pulmonary,Home,Follow-up,False
E0002942,P00529,emergency,2025-04-29 08:00:00,2025-04-29 10:00:00,Cardiology,Home,Follow-up,False
E0002943,P00529,inpatient,2025-07-26 08:00:00,2025-07-29 15:00:00,General Medicine,Home,Cellulitis,False
E0002944,P00530,outpatient,2025-03-21 08:00:00,2025-03-21 12:00:00,General Medicine,Home,Acute symptom visit,False
E0002945,P00530,outpatient,2025-05-04 08:00:00,2025-05-04 16:00:00,Endocrinology,Home,Acute symptom visit,False
E0002946,P00531,outpatient,2025-02-07 08:00:00,2025-02-07 10:00:00,General Medicine,Home,Medication review,False
E0002947,P00531,outpatient,2025-03-23 08:00:00,2025-03-23 12:00:00,General Medicine,Home,Medication review,False
E0002948,P00531,outpatient,2025-04-08 08:00:00,2025-04-08 15:00:00,Pulmonary,Home,Medication review,False
E0002949,P00531,outpatient,2025-04-27 08:00:00,2025-04-27 16:00:00,Pulmonary,Home,Follow-up,False
E0002950,P00531,outpatient,2025-05-18 08:00:00,2025-05-18 12:00:00,Endocrinology,Home,Acute symptom visit,False
E0002951,P00531,inpatient,2025-08-15 08:00:00,2025-08-20 16:00:00,Pulmonary,Home,Pneumonia,False
E0002952,P00531,inpatient,2025-10-12 23:00:00,2025-10-17 02:00:00,General Medicine,Home,Electrolyte disorder,False
E0002953,P00532,emergency,2025-04-06 08:00:00,2025-04-06 10:00:00,Pulmonary,Home,Follow-up,False
E0002954,P00532,outpatient,2025-06-06 08:00:00,2025-06-06 16:00:00,General Surgery,Home,Follow-up,False
E0002955,P00532,emergency,2025-06-19 08:00:00,2025-06-19 10:00:00,General Surgery,Home,Acute symptom visit,False
E0002956,P00532,emergency,2025-08-14 08:00:00,2025-08-14 13:00:00,Endocrinology,Home,Medication review,False
E0002957,P00532,inpatient,2025-09-17 08:00:00,2025-09-23 14:00:00,Pulmonary,Home,Asthma exacerbation,False
E0002958,P00533,outpatient,2025-03-19 08:00:00,2025-03-19 14:00:00,Endocrinology,Home,Medication review,False
E0002959,P00533,outpatient,2025-03-31 08:00:00,2025-03-31 13:00:00,General Medicine,Home,Medication review,False
E0002960,P00533,outpatient,2025-04-22 08:00:00,2025-04-22 10:00:00,General Medicine,Home,Follow-up,False
E0002961,P00533,outpatient,2025-05-16 08:00:00,2025-05-16 11:00:00,Cardiology,Home,Acute symptom visit,False
E0002962,P00533,emergency,2025-06-18 08:00:00,2025-06-18 11:00:00,Cardiology,Home,Acute symptom visit,False
E0002963,P00533,emergency,2025-06-19 08:00:00,2025-06-19 14:00:00,General Surgery,Home,Acute symptom visit,False
E0002964,P00534,outpatient,2024-10-24 08:00:00,2024-10-24 16:00:00,Endocrinology,Home,Medication review,False
E0002965,P00534,outpatient,2025-02-23 08:00:00,2025-02-23 15:00:00,Endocrinology,Home,Acute symptom visit,False
E0002966,P00534,outpatient,2025-03-08 08:00:00,2025-03-08 16:00:00,Endocrinology,Home,Acute symptom visit,False
E0002967,P00534,inpatient,2025-04-10 08:00:00,2025-04-11 12:00:00,General Medicine,Home,Syncope,False
E0002968,P00535,outpatient,2025-03-31 08:00:00,2025-03-31 09:00:00,General Surgery,Home,Follow-up,False
E0002969,P00535,emergency,2025-04-01 08:00:00,2025-04-01 11:00:00,General Medicine,Home,Follow-up,False
E0002970,P00535,outpatient,2025-05-27 08:00:00,2025-05-27 13:00:00,Cardiology,Home,Acute symptom visit,False
E0002971,P00535,outpatient,2025-06-03 08:00:00,2025-06-03 10:00:00,Cardiology,Home,Medication review,False
E0002972,P00535,inpatient,2025-09-20 08:00:00,2025-09-23 13:00:00,General Medicine,Home,Electrolyte disorder,False
E0002973,P00536,outpatient,2025-01-09 08:00:00,2025-01-09 14:00:00,Cardiology,Home,Acute symptom visit,False
E0002974,P00536,emergency,2025-05-07 08:00:00,2025-05-07 15:00:00,Endocrinology,Home,Medication review,False
E0002975,P00536,inpatient,2025-06-01 08:00:00,2025-06-05 15:00:00,Pulmonary,Home,Pneumonia,False
E0002976,P00536,inpatient,2025-09-08 23:00:00,2025-09-13 03:00:00,General Medicine,Home health,Cellulitis,False
E0002977,P00537,outpatient,2024-10-19 08:00:00,2024-10-19 15:00:00,Cardiology,Home,Acute symptom visit,False
E0002978,P00537,outpatient,2024-11-28 08:00:00,2024-11-28 12:00:00,General Medicine,Home,Acute symptom visit,False
E0002979,P00537,emergency,2024-12-20 08:00:00,2024-12-20 14:00:00,Cardiology,Home,Follow-up,False
E0002980,P00537,inpatient,2025-03-31 08:00:00,2025-04-01 14:00:00,General Medicine,Home,Electrolyte disorder,False
E0002981,P00538,outpatient,2024-10-20 08:00:00,2024-10-20 10:00:00,Cardiology,Home,Medication review,False
E0002982,P00538,outpatient,2024-11-12 08:00:00,2024-11-12 16:00:00,General Surgery,Home,Medication review,False
E0002983,P00538,emergency,2024-12-27 08:00:00,2024-12-27 16:00:00,General Medicine,Home,Medication review,False
E0002984,P00538,outpatient,2025-01-16 08:00:00,2025-01-16 10:00:00,Endocrinology,Home,Follow-up,False
E0002985,P00538,outpatient,2025-02-27 08:00:00,2025-02-27 10:00:00,Pulmonary,Home,Follow-up,False
E0002986,P00538,outpatient,2025-03-02 08:00:00,2025-03-02 09:00:00,Pulmonary,Home,Follow-up,False
E0002987,P00538,inpatient,2025-04-04 08:00:00,2025-04-05 15:00:00,General Surgery,Home,Biliary disease,False
E0002988,P00539,outpatient,2024-08-05 08:00:00,2024-08-05 10:00:00,Endocrinology,Home,Medication review,False
E0002989,P00539,emergency,2024-09-17 08:00:00,2024-09-17 11:00:00,General Medicine,Home,Acute symptom visit,False
E0002990,P00539,emergency,2024-10-23 08:00:00,2024-10-23 15:00:00,General Surgery,Home,Follow-up,False
E0002991,P00539,outpatient,2024-10-30 08:00:00,2024-10-30 15:00:00,Endocrinology,Home,Acute symptom visit,False
E0002992,P00539,outpatient,2024-11-10 08:00:00,2024-11-10 13:00:00,General Medicine,Home,Follow-up,False
E0002993,P00540,outpatient,2025-05-05 08:00:00,2025-05-05 10:00:00,Cardiology,Home,Acute symptom visit,False
E0002994,P00540,outpatient,2025-05-05 08:00:00,2025-05-05 10:00:00,General Surgery,Home,Acute symptom visit,False
E0002995,P00540,emergency,2025-07-07 08:00:00,2025-07-07 12:00:00,Endocrinology,Home,Follow-up,False
E0002996,P00540,outpatient,2025-07-12 08:00:00,2025-07-12 12:00:00,General Medicine,Home,Acute symptom visit,False
E0002997,P00540,inpatient,2025-10-31 08:00:00,2025-11-02 10:00:00,Endocrinology,Home health,Diabetes complication,False
E0002998,P00540,inpatient,2025-11-23 10:00:00,2025-11-26 17:00:00,Pulmonary,Home,COPD exacerbation,False
E0002999,P00541,outpatient,2024-07-20 08:00:00,2024-07-20 11:00:00,Cardiology,Home,Acute symptom visit,False
E0003000,P00541,outpatient,2024-12-02 08:00:00,2024-12-02 15:00:00,Cardiology,Home,Follow-up,False
E0003001,P00541,inpatient,2025-01-28 08:00:00,2025-01-30 10:00:00,Pulmonary,Skilled nursing facility,COPD exacerbation,False
E0003002,P00542,outpatient,2024-11-15 08:00:00,2024-11-15 13:00:00,Cardiology,Home,Follow-up,False
E0003003,P00542,emergency,2024-12-16 08:00:00,2024-12-16 15:00:00,Cardiology,Home,Medication review,False
E0003004,P00542,inpatient,2025-04-06 08:00:00,2025-04-07 14:00:00,Pulmonary,Home,Pneumonia,False
E0003005,P00543,outpatient,2025-04-11 08:00:00,2025-04-11 10:00:00,Endocrinology,Home,Follow-up,False
E0003006,P00543,emergency,2025-05-20 08:00:00,2025-05-20 11:00:00,General Medicine,Home,Acute symptom visit,False
E0003007,P00543,outpatient,2025-08-03 08:00:00,2025-08-03 15:00:00,Pulmonary,Home,Medication review,False
E0003008,P00543,outpatient,2025-08-06 08:00:00,2025-08-06 13:00:00,Pulmonary,Home,Medication review,False
E0003009,P00543,outpatient,2025-08-13 08:00:00,2025-08-13 15:00:00,Cardiology,Home,Follow-up,False
E0003010,P00543,emergency,2025-08-31 08:00:00,2025-08-31 10:00:00,General Medicine,Home,Acute symptom visit,False
E0003011,P00543,inpatient,2025-09-22 08:00:00,2025-09-23 11:00:00,General Medicine,Home,Electrolyte disorder,False
E0003012,P00544,outpatient,2025-05-08 08:00:00,2025-05-08 12:00:00,Cardiology,Home,Medication review,False
E0003013,P00544,outpatient,2025-06-02 08:00:00,2025-06-02 16:00:00,Cardiology,Home,Follow-up,False
E0003014,P00544,outpatient,2025-06-20 08:00:00,2025-06-20 13:00:00,Cardiology,Home,Medication review,False
E0003015,P00544,outpatient,2025-07-07 08:00:00,2025-07-07 14:00:00,Cardiology,Home,Follow-up,False
E0003016,P00544,emergency,2025-07-26 08:00:00,2025-07-26 13:00:00,General Surgery,Home,Follow-up,False
E0003017,P00544,inpatient,2025-10-13 08:00:00,2025-10-14 17:00:00,General Medicine,Home,Sepsis,False
E0003018,P00544,inpatient,2025-11-10 02:00:00,2025-11-11 08:00:00,Cardiology,Home,Atrial fibrillation,False
E0003019,P00544,inpatient,2026-01-22 18:00:00,2026-01-26 04:00:00,Pulmonary,Home,COPD exacerbation,False
E0003020,P00545,outpatient,2024-11-19 08:00:00,2024-11-19 14:00:00,Pulmonary,Home,Acute symptom visit,False
E0003021,P00545,outpatient,2024-12-18 08:00:00,2024-12-18 16:00:00,Endocrinology,Home,Follow-up,False
E0003022,P00545,outpatient,2024-12-23 08:00:00,2024-12-23 12:00:00,General Medicine,Home,Acute symptom visit,False
E0003023,P00545,emergency,2025-01-03 08:00:00,2025-01-03 11:00:00,Endocrinology,Home,Medication review,False
E0003024,P00545,outpatient,2025-01-04 08:00:00,2025-01-04 11:00:00,General Medicine,Home,Medication review,False
E0003025,P00545,emergency,2025-01-21 08:00:00,2025-01-21 12:00:00,Cardiology,Home,Follow-up,False
E0003026,P00546,outpatient,2025-04-11 08:00:00,2025-04-11 13:00:00,General Medicine,Home,Follow-up,False
E0003027,P00546,outpatient,2025-04-28 08:00:00,2025-04-28 11:00:00,Cardiology,Home,Follow-up,False
E0003028,P00546,outpatient,2025-06-01 08:00:00,2025-06-01 16:00:00,General Medicine,Home,Acute symptom visit,False
E0003029,P00546,emergency,2025-07-26 08:00:00,2025-07-26 13:00:00,General Medicine,Home,Medication review,False
E0003030,P00546,emergency,2025-08-01 08:00:00,2025-08-01 14:00:00,Cardiology,Home,Acute symptom visit,False
E0003031,P00546,outpatient,2025-08-08 08:00:00,2025-08-08 12:00:00,Endocrinology,Home,Acute symptom visit,False
E0003032,P00546,emergency,2025-08-15 08:00:00,2025-08-15 14:00:00,Cardiology,Home,Acute symptom visit,False
E0003033,P00546,outpatient,2025-08-20 08:00:00,2025-08-20 15:00:00,Endocrinology,Home,Follow-up,False
E0003034,P00546,emergency,2025-09-01 08:00:00,2025-09-01 13:00:00,General Medicine,Home,Acute symptom visit,False
E0003035,P00547,outpatient,2025-01-14 08:00:00,2025-01-14 12:00:00,General Medicine,Home,Medication review,False
E0003036,P00547,inpatient,2025-07-19 08:00:00,2025-07-24 18:00:00,General Surgery,Home health,Abdominal pain,False
E0003037,P00547,inpatient,2025-11-05 18:00:00,2025-11-10 22:00:00,General Surgery,Home health,Postoperative wound issue,True
E0003038,P00548,outpatient,2025-03-13 08:00:00,2025-03-13 14:00:00,Pulmonary,Home,Follow-up,False
E0003039,P00548,outpatient,2025-03-15 08:00:00,2025-03-15 12:00:00,Cardiology,Home,Medication review,False
E0003040,P00548,outpatient,2025-03-23 08:00:00,2025-03-23 12:00:00,Endocrinology,Home,Acute symptom visit,False
E0003041,P00548,emergency,2025-04-08 08:00:00,2025-04-08 11:00:00,Endocrinology,Home,Acute symptom visit,False
E0003042,P00548,emergency,2025-05-03 08:00:00,2025-05-03 12:00:00,Endocrinology,Home,Acute symptom visit,False
E0003043,P00548,inpatient,2025-07-22 08:00:00,2025-07-25 11:00:00,General Medicine,Home,Sepsis,False
E0003044,P00549,outpatient,2024-10-25 08:00:00,2024-10-25 11:00:00,General Medicine,Home,Acute symptom visit,False
E0003045,P00549,outpatient,2024-12-01 08:00:00,2024-12-01 13:00:00,General Medicine,Home,Acute symptom visit,False
E0003046,P00549,outpatient,2025-02-04 08:00:00,2025-02-04 14:00:00,Endocrinology,Home,Medication review,False
E0003047,P00549,inpatient,2025-04-30 08:00:00,2025-05-02 18:00:00,General Medicine,Home health,Sepsis,False
E0003048,P00550,outpatient,2025-01-01 08:00:00,2025-01-01 16:00:00,Cardiology,Home,Acute symptom visit,False
E0003049,P00550,outpatient,2025-01-13 08:00:00,2025-01-13 13:00:00,Endocrinology,Home,Follow-up,False
E0003050,P00550,outpatient,2025-03-01 08:00:00,2025-03-01 11:00:00,General Medicine,Home,Follow-up,False
E0003051,P00550,outpatient,2025-04-25 08:00:00,2025-04-25 12:00:00,Endocrinology,Home,Follow-up,False
E0003052,P00550,inpatient,2025-06-23 08:00:00,2025-06-25 14:00:00,General Medicine,Home,Syncope,False
E0003053,P00551,emergency,2024-10-24 08:00:00,2024-10-24 11:00:00,Cardiology,Home,Medication review,False
E0003054,P00551,outpatient,2024-11-10 08:00:00,2024-11-10 10:00:00,Cardiology,Home,Medication review,False
E0003055,P00551,outpatient,2025-01-11 08:00:00,2025-01-11 10:00:00,Cardiology,Home,Acute symptom visit,False
E0003056,P00551,emergency,2025-02-05 08:00:00,2025-02-05 13:00:00,Endocrinology,Home,Medication review,False
E0003057,P00551,inpatient,2025-04-17 08:00:00,2025-04-20 11:00:00,Endocrinology,Home,Diabetes complication,False
E0003058,P00551,inpatient,2025-07-24 13:00:00,2025-07-29 16:00:00,General Medicine,Home,Cellulitis,False
E0003059,P00552,outpatient,2024-08-26 08:00:00,2024-08-26 12:00:00,Endocrinology,Home,Follow-up,False
E0003060,P00552,emergency,2024-11-09 08:00:00,2024-11-09 16:00:00,Pulmonary,Home,Follow-up,False
E0003061,P00552,emergency,2024-12-30 08:00:00,2024-12-30 13:00:00,Pulmonary,Home,Acute symptom visit,False
E0003062,P00552,inpatient,2025-01-24 08:00:00,2025-01-26 14:00:00,Cardiology,Home,Atrial fibrillation,False
E0003063,P00553,emergency,2025-01-04 08:00:00,2025-01-04 12:00:00,General Surgery,Home,Acute symptom visit,False
E0003064,P00553,outpatient,2025-01-22 08:00:00,2025-01-22 09:00:00,General Surgery,Home,Acute symptom visit,False
E0003065,P00553,emergency,2025-02-11 08:00:00,2025-02-11 12:00:00,Endocrinology,Home,Follow-up,False
E0003066,P00553,emergency,2025-03-09 08:00:00,2025-03-09 09:00:00,Cardiology,Home,Medication review,False
E0003067,P00553,emergency,2025-03-11 08:00:00,2025-03-11 14:00:00,Cardiology,Home,Follow-up,False
E0003068,P00553,outpatient,2025-04-19 08:00:00,2025-04-19 10:00:00,Cardiology,Home,Follow-up,False
E0003069,P00553,inpatient,2025-07-07 08:00:00,2025-07-10 15:00:00,Cardiology,Home,Heart failure exacerbation,False
E0003070,P00554,outpatient,2024-11-09 08:00:00,2024-11-09 15:00:00,General Medicine,Home,Medication review,False
E0003071,P00554,emergency,2024-11-19 08:00:00,2024-11-19 11:00:00,General Surgery,Home,Follow-up,False
E0003072,P00554,outpatient,2025-03-17 08:00:00,2025-03-17 10:00:00,General Surgery,Home,Acute symptom visit,False
E0003073,P00554,inpatient,2025-05-03 08:00:00,2025-05-07 18:00:00,General Medicine,Home,Syncope,False
E0003074,P00555,outpatient,2024-09-21 08:00:00,2024-09-21 11:00:00,General Surgery,Home,Follow-up,False
E0003075,P00555,emergency,2024-11-19 08:00:00,2024-11-19 11:00:00,Endocrinology,Home,Follow-up,False
E0003076,P00555,outpatient,2024-12-05 08:00:00,2024-12-05 09:00:00,Endocrinology,Home,Follow-up,False
E0003077,P00555,emergency,2025-01-08 08:00:00,2025-01-08 13:00:00,General Medicine,Home,Follow-up,False
E0003078,P00555,inpatient,2025-04-06 08:00:00,2025-04-10 10:00:00,Endocrinology,Skilled nursing facility,Diabetes complication,False
E0003079,P00555,inpatient,2025-04-26 12:00:00,2025-05-01 18:00:00,General Medicine,Home,Syncope,False
E0003080,P00556,outpatient,2025-02-13 08:00:00,2025-02-13 09:00:00,Endocrinology,Home,Follow-up,False
E0003081,P00556,outpatient,2025-03-02 08:00:00,2025-03-02 13:00:00,General Medicine,Home,Medication review,False
E0003082,P00556,outpatient,2025-03-10 08:00:00,2025-03-10 09:00:00,Endocrinology,Home,Acute symptom visit,False
E0003083,P00556,outpatient,2025-04-14 08:00:00,2025-04-14 14:00:00,General Medicine,Home,Medication review,False
E0003084,P00556,outpatient,2025-05-07 08:00:00,2025-05-07 16:00:00,Cardiology,Home,Acute symptom visit,False
E0003085,P00557,outpatient,2024-09-19 08:00:00,2024-09-19 13:00:00,Endocrinology,Home,Follow-up,False
E0003086,P00557,outpatient,2024-10-19 08:00:00,2024-10-19 12:00:00,General Surgery,Home,Acute symptom visit,False
E0003087,P00557,emergency,2024-10-21 08:00:00,2024-10-21 14:00:00,Pulmonary,Home,Follow-up,False
E0003088,P00557,outpatient,2024-11-22 08:00:00,2024-11-22 10:00:00,Endocrinology,Home,Acute symptom visit,False
E0003089,P00557,outpatient,2024-12-24 08:00:00,2024-12-24 16:00:00,General Medicine,Home,Medication review,False
E0003090,P00557,outpatient,2024-12-29 08:00:00,2024-12-29 11:00:00,Endocrinology,Home,Acute symptom visit,False
E0003091,P00557,inpatient,2025-03-31 08:00:00,2025-04-04 11:00:00,Endocrinology,Skilled nursing facility,Hyperglycemia,False
E0003092,P00558,outpatient,2024-10-08 08:00:00,2024-10-08 13:00:00,Endocrinology,Home,Acute symptom visit,False
E0003093,P00558,emergency,2024-11-30 08:00:00,2024-11-30 16:00:00,General Surgery,Home,Follow-up,False
E0003094,P00558,emergency,2025-02-08 08:00:00,2025-02-08 09:00:00,Pulmonary,Home,Acute symptom visit,False
E0003095,P00558,outpatient,2025-03-10 08:00:00,2025-03-10 13:00:00,Cardiology,Home,Acute symptom visit,False
E0003096,P00558,inpatient,2025-04-02 08:00:00,2025-04-03 18:00:00,Cardiology,Home,Chest pain,False
E0003097,P00558,inpatient,2025-09-01 03:00:00,2025-09-03 08:00:00,Cardiology,Home,Heart failure exacerbation,False
E0003098,P00559,emergency,2025-04-11 08:00:00,2025-04-11 12:00:00,Cardiology,Home,Medication review,False
E0003099,P00559,outpatient,2025-04-13 08:00:00,2025-04-13 09:00:00,Pulmonary,Home,Follow-up,False
E0003100,P00559,inpatient,2025-08-17 08:00:00,2025-08-22 15:00:00,General Medicine,Home,Cellulitis,False
E0003101,P00559,inpatient,2025-09-15 15:00:00,2025-09-18 01:00:00,General Medicine,Home,Electrolyte disorder,False
E0003102,P00560,outpatient,2025-02-10 08:00:00,2025-02-10 15:00:00,Pulmonary,Home,Acute symptom visit,False
E0003103,P00560,outpatient,2025-02-22 08:00:00,2025-02-22 14:00:00,Endocrinology,Home,Acute symptom visit,False
E0003104,P00560,inpatient,2025-07-03 08:00:00,2025-07-04 18:00:00,General Medicine,Home,Cellulitis,False
E0003105,P00561,outpatient,2024-12-21 08:00:00,2024-12-21 10:00:00,General Surgery,Home,Follow-up,False
E0003106,P00561,outpatient,2024-12-28 08:00:00,2024-12-28 14:00:00,Pulmonary,Home,Follow-up,False
E0003107,P00561,outpatient,2025-01-16 08:00:00,2025-01-16 11:00:00,Pulmonary,Home,Acute symptom visit,False
E0003108,P00561,emergency,2025-02-23 08:00:00,2025-02-23 11:00:00,General Surgery,Home,Acute symptom visit,False
E0003109,P00561,outpatient,2025-03-19 08:00:00,2025-03-19 15:00:00,Endocrinology,Home,Medication review,False
E0003110,P00561,emergency,2025-06-04 08:00:00,2025-06-04 12:00:00,Pulmonary,Home,Follow-up,False
E0003111,P00561,inpatient,2025-07-04 08:00:00,2025-07-08 12:00:00,General Medicine,Home,Syncope,False
E0003112,P00561,inpatient,2025-11-21 13:00:00,2025-11-24 23:00:00,General Surgery,Skilled nursing facility,Abdominal pain,True
E0003113,P00562,outpatient,2025-03-24 08:00:00,2025-03-24 14:00:00,Pulmonary,Home,Follow-up,False
E0003114,P00562,outpatient,2025-04-11 08:00:00,2025-04-11 11:00:00,Endocrinology,Home,Acute symptom visit,False
E0003115,P00562,emergency,2025-04-17 08:00:00,2025-04-17 12:00:00,Pulmonary,Home,Follow-up,False
E0003116,P00562,outpatient,2025-05-13 08:00:00,2025-05-13 09:00:00,Cardiology,Home,Acute symptom visit,False
E0003117,P00562,outpatient,2025-07-04 08:00:00,2025-07-04 16:00:00,Pulmonary,Home,Medication review,False
E0003118,P00562,outpatient,2025-08-12 08:00:00,2025-08-12 10:00:00,Endocrinology,Home,Acute symptom visit,False
E0003119,P00562,emergency,2025-08-13 08:00:00,2025-08-13 09:00:00,Cardiology,Home,Medication review,False
E0003120,P00562,inpatient,2025-10-27 08:00:00,2025-10-30 15:00:00,General Surgery,Home,Postoperative wound issue,False
E0003121,P00562,inpatient,2026-02-12 21:00:00,2026-02-18 06:00:00,General Surgery,Home,Postoperative wound issue,True
E0003122,P00563,outpatient,2025-02-02 08:00:00,2025-02-02 13:00:00,Cardiology,Home,Acute symptom visit,False
E0003123,P00563,emergency,2025-03-03 08:00:00,2025-03-03 16:00:00,Pulmonary,Home,Medication review,False
E0003124,P00563,outpatient,2025-04-18 08:00:00,2025-04-18 13:00:00,General Surgery,Home,Acute symptom visit,False
E0003125,P00563,outpatient,2025-05-08 08:00:00,2025-05-08 09:00:00,Endocrinology,Home,Acute symptom visit,False
E0003126,P00563,outpatient,2025-05-16 08:00:00,2025-05-16 12:00:00,Endocrinology,Home,Medication review,False
E0003127,P00563,outpatient,2025-06-22 08:00:00,2025-06-22 11:00:00,General Surgery,Home,Follow-up,False
E0003128,P00564,outpatient,2025-02-16 08:00:00,2025-02-16 11:00:00,General Medicine,Home,Acute symptom visit,False
E0003129,P00564,emergency,2025-02-17 08:00:00,2025-02-17 10:00:00,General Medicine,Home,Follow-up,False
E0003130,P00564,outpatient,2025-03-09 08:00:00,2025-03-09 13:00:00,Pulmonary,Home,Medication review,False
E0003131,P00564,emergency,2025-04-15 08:00:00,2025-04-15 15:00:00,General Surgery,Home,Acute symptom visit,False
E0003132,P00564,outpatient,2025-05-25 08:00:00,2025-05-25 12:00:00,General Surgery,Home,Acute symptom visit,False
E0003133,P00564,emergency,2025-06-09 08:00:00,2025-06-09 11:00:00,General Surgery,Home,Medication review,False
E0003134,P00564,inpatient,2025-08-12 08:00:00,2025-08-15 17:00:00,General Surgery,Home,Biliary disease,False
E0003135,P00564,inpatient,2025-11-28 20:00:00,2025-11-30 03:00:00,Cardiology,Skilled nursing facility,Chest pain,False
E0003136,P00565,outpatient,2024-10-04 08:00:00,2024-10-04 12:00:00,General Surgery,Home,Acute symptom visit,False
E0003137,P00565,outpatient,2024-11-04 08:00:00,2024-11-04 11:00:00,General Medicine,Home,Medication review,False
E0003138,P00565,inpatient,2025-03-28 08:00:00,2025-03-31 13:00:00,General Surgery,Home,Biliary disease,False
E0003139,P00566,outpatient,2024-10-08 08:00:00,2024-10-08 10:00:00,General Surgery,Home,Acute symptom visit,False
E0003140,P00566,outpatient,2024-12-11 08:00:00,2024-12-11 09:00:00,General Medicine,Home,Medication review,False
E0003141,P00566,outpatient,2025-01-28 08:00:00,2025-01-28 15:00:00,General Surgery,Home,Medication review,False
E0003142,P00566,emergency,2025-02-01 08:00:00,2025-02-01 15:00:00,General Surgery,Home,Follow-up,False
E0003143,P00566,outpatient,2025-02-04 08:00:00,2025-02-04 14:00:00,General Medicine,Home,Medication review,False
E0003144,P00566,emergency,2025-03-07 08:00:00,2025-03-07 09:00:00,General Surgery,Home,Acute symptom visit,False
E0003145,P00566,inpatient,2025-04-04 08:00:00,2025-04-06 10:00:00,General Medicine,Skilled nursing facility,Cellulitis,False
E0003146,P00566,inpatient,2025-04-12 17:00:00,2025-04-15 03:00:00,Cardiology,Expired,Heart failure exacerbation,False
E0003147,P00566,inpatient,2025-08-27 13:00:00,2025-08-28 21:00:00,Endocrinology,Home,Diabetes complication,False
E0003148,P00567,outpatient,2025-03-17 08:00:00,2025-03-17 09:00:00,Pulmonary,Home,Follow-up,False
E0003149,P00567,outpatient,2025-04-02 08:00:00,2025-04-02 15:00:00,Pulmonary,Home,Follow-up,False
E0003150,P00567,emergency,2025-04-18 08:00:00,2025-04-18 14:00:00,General Medicine,Home,Acute symptom visit,False
E0003151,P00567,inpatient,2025-09-14 08:00:00,2025-09-17 13:00:00,General Medicine,Transfer to acute care,Electrolyte disorder,False
E0003152,P00567,inpatient,2026-01-10 20:00:00,2026-01-14 04:00:00,Cardiology,Home,Chest pain,False
E0003153,P00568,outpatient,2025-05-27 08:00:00,2025-05-27 10:00:00,Endocrinology,Home,Follow-up,False
E0003154,P00568,emergency,2025-06-11 08:00:00,2025-06-11 12:00:00,General Surgery,Home,Medication review,False
E0003155,P00568,inpatient,2025-08-09 08:00:00,2025-08-11 11:00:00,General Medicine,Skilled nursing facility,Syncope,False
E0003156,P00568,inpatient,2025-09-28 23:00:00,2025-10-01 01:00:00,General Medicine,Home,Syncope,False
E0003157,P00569,outpatient,2025-03-30 08:00:00,2025-03-30 15:00:00,Cardiology,Home,Acute symptom visit,False
E0003158,P00569,outpatient,2025-04-07 08:00:00,2025-04-07 13:00:00,Cardiology,Home,Acute symptom visit,False
E0003159,P00569,inpatient,2025-10-16 08:00:00,2025-10-17 11:00:00,Pulmonary,Home,Asthma exacerbation,False
E0003160,P00570,outpatient,2024-11-02 08:00:00,2024-11-02 12:00:00,Pulmonary,Home,Medication review,False
E0003161,P00570,outpatient,2025-01-14 08:00:00,2025-01-14 16:00:00,Endocrinology,Home,Follow-up,False
E0003162,P00570,outpatient,2025-02-03 08:00:00,2025-02-03 15:00:00,Cardiology,Home,Acute symptom visit,False
E0003163,P00570,outpatient,2025-02-14 08:00:00,2025-02-14 16:00:00,Cardiology,Home,Acute symptom visit,False
E0003164,P00570,inpatient,2025-04-24 08:00:00,2025-04-27 11:00:00,General Medicine,Home,Sepsis,False
E0003165,P00571,outpatient,2025-02-10 08:00:00,2025-02-10 09:00:00,Pulmonary,Home,Follow-up,False
E0003166,P00571,emergency,2025-04-07 08:00:00,2025-04-07 13:00:00,Endocrinology,Home,Follow-up,False
E0003167,P00571,outpatient,2025-05-09 08:00:00,2025-05-09 12:00:00,General Medicine,Home,Medication review,False
E0003168,P00571,inpatient,2025-07-09 08:00:00,2025-07-14 10:00:00,Cardiology,Home,Heart failure exacerbation,False
E0003169,P00572,outpatient,2025-04-10 08:00:00,2025-04-10 13:00:00,Endocrinology,Home,Medication review,False
E0003170,P00572,emergency,2025-04-27 08:00:00,2025-04-27 16:00:00,Pulmonary,Home,Follow-up,False
E0003171,P00572,inpatient,2025-06-17 08:00:00,2025-06-21 10:00:00,General Medicine,Home health,Sepsis,False
E0003172,P00572,inpatient,2025-07-17 15:00:00,2025-07-21 22:00:00,General Surgery,Home,Biliary disease,True
E0003173,P00573,outpatient,2025-01-04 08:00:00,2025-01-04 16:00:00,General Medicine,Home,Follow-up,False
E0003174,P00573,outpatient,2025-03-31 08:00:00,2025-03-31 13:00:00,General Medicine,Home,Acute symptom visit,False
E0003175,P00573,outpatient,2025-04-25 08:00:00,2025-04-25 16:00:00,General Medicine,Home,Follow-up,False
E0003176,P00573,emergency,2025-05-15 08:00:00,2025-05-15 10:00:00,General Medicine,Home,Acute symptom visit,False
E0003177,P00573,emergency,2025-06-08 08:00:00,2025-06-08 10:00:00,General Medicine,Home,Follow-up,False
E0003178,P00574,emergency,2025-04-27 08:00:00,2025-04-27 12:00:00,General Medicine,Home,Follow-up,False
E0003179,P00574,outpatient,2025-06-13 08:00:00,2025-06-13 16:00:00,Pulmonary,Home,Follow-up,False
E0003180,P00574,outpatient,2025-06-13 08:00:00,2025-06-13 11:00:00,Pulmonary,Home,Follow-up,False
E0003181,P00574,outpatient,2025-07-28 08:00:00,2025-07-28 11:00:00,General Medicine,Home,Acute symptom visit,False
E0003182,P00575,emergency,2025-03-26 08:00:00,2025-03-26 16:00:00,General Medicine,Home,Acute symptom visit,False
E0003183,P00575,outpatient,2025-06-26 08:00:00,2025-06-26 13:00:00,General Surgery,Home,Medication review,False
E0003184,P00575,emergency,2025-06-30 08:00:00,2025-06-30 15:00:00,General Medicine,Home,Medication review,False
E0003185,P00575,emergency,2025-07-01 08:00:00,2025-07-01 16:00:00,Cardiology,Home,Acute symptom visit,False
E0003186,P00575,inpatient,2025-09-23 08:00:00,2025-09-26 14:00:00,Endocrinology,Home,Diabetes complication,False
E0003187,P00576,outpatient,2024-09-09 08:00:00,2024-09-09 16:00:00,Cardiology,Home,Follow-up,False
E0003188,P00576,outpatient,2024-09-24 08:00:00,2024-09-24 12:00:00,Pulmonary,Home,Follow-up,False
E0003189,P00576,outpatient,2024-09-27 08:00:00,2024-09-27 11:00:00,General Medicine,Home,Medication review,False
E0003190,P00576,emergency,2024-10-16 08:00:00,2024-10-16 15:00:00,Pulmonary,Home,Follow-up,False
E0003191,P00576,outpatient,2024-12-24 08:00:00,2024-12-24 13:00:00,Pulmonary,Home,Medication review,False
E0003192,P00576,outpatient,2024-12-29 08:00:00,2024-12-29 13:00:00,Pulmonary,Home,Follow-up,False
E0003193,P00576,inpatient,2025-03-14 08:00:00,2025-03-15 11:00:00,Cardiology,Home health,Atrial fibrillation,False
E0003194,P00576,inpatient,2025-07-12 12:00:00,2025-07-13 19:00:00,Cardiology,Skilled nursing facility,Heart failure exacerbation,False
E0003195,P00577,outpatient,2025-02-14 08:00:00,2025-02-14 15:00:00,Cardiology,Home,Follow-up,False
E0003196,P00577,outpatient,2025-02-25 08:00:00,2025-02-25 12:00:00,General Medicine,Home,Medication review,False
E0003197,P00577,outpatient,2025-04-12 08:00:00,2025-04-12 13:00:00,Pulmonary,Home,Follow-up,False
E0003198,P00577,emergency,2025-04-20 08:00:00,2025-04-20 15:00:00,General Surgery,Home,Acute symptom visit,False
E0003199,P00577,outpatient,2025-06-14 08:00:00,2025-06-14 14:00:00,Endocrinology,Home,Follow-up,False
E0003200,P00578,outpatient,2024-10-27 08:00:00,2024-10-27 10:00:00,General Medicine,Home,Follow-up,False
E0003201,P00578,emergency,2024-12-14 08:00:00,2024-12-14 09:00:00,Endocrinology,Home,Medication review,False
E0003202,P00578,outpatient,2024-12-30 08:00:00,2024-12-30 13:00:00,Pulmonary,Home,Follow-up,False
E0003203,P00578,emergency,2025-03-27 08:00:00,2025-03-27 10:00:00,General Surgery,Home,Follow-up,False
E0003204,P00578,inpatient,2025-05-16 08:00:00,2025-05-18 12:00:00,General Medicine,Home,Cellulitis,False
E0003205,P00579,outpatient,2025-01-27 08:00:00,2025-01-27 15:00:00,Pulmonary,Home,Medication review,False
E0003206,P00579,outpatient,2025-02-04 08:00:00,2025-02-04 12:00:00,Endocrinology,Home,Acute symptom visit,False
E0003207,P00579,emergency,2025-02-24 08:00:00,2025-02-24 11:00:00,Pulmonary,Home,Acute symptom visit,False
E0003208,P00579,outpatient,2025-03-20 08:00:00,2025-03-20 10:00:00,Pulmonary,Home,Medication review,False
E0003209,P00579,outpatient,2025-05-02 08:00:00,2025-05-02 10:00:00,General Medicine,Home,Acute symptom visit,False
E0003210,P00579,inpatient,2025-06-05 08:00:00,2025-06-08 17:00:00,General Medicine,Home,Cellulitis,False
E0003211,P00580,outpatient,2024-09-18 08:00:00,2024-09-18 12:00:00,Pulmonary,Home,Medication review,False
E0003212,P00580,outpatient,2024-10-13 08:00:00,2024-10-13 14:00:00,Pulmonary,Home,Follow-up,False
E0003213,P00580,emergency,2024-11-28 08:00:00,2024-11-28 13:00:00,Endocrinology,Home,Medication review,False
E0003214,P00580,inpatient,2025-02-18 08:00:00,2025-02-20 14:00:00,General Medicine,Home,Sepsis,False
E0003215,P00581,outpatient,2024-10-07 08:00:00,2024-10-07 14:00:00,General Surgery,Home,Acute symptom visit,False
E0003216,P00581,emergency,2024-12-11 08:00:00,2024-12-11 09:00:00,General Medicine,Home,Follow-up,False
E0003217,P00581,outpatient,2025-01-03 08:00:00,2025-01-03 15:00:00,Cardiology,Home,Medication review,False
E0003218,P00581,outpatient,2025-02-06 08:00:00,2025-02-06 15:00:00,Cardiology,Home,Acute symptom visit,False
E0003219,P00581,outpatient,2025-02-08 08:00:00,2025-02-08 12:00:00,Endocrinology,Home,Follow-up,False
E0003220,P00581,inpatient,2025-03-10 08:00:00,2025-03-14 10:00:00,Pulmonary,Skilled nursing facility,COPD exacerbation,False
E0003221,P00582,outpatient,2024-11-14 08:00:00,2024-11-14 14:00:00,General Surgery,Home,Acute symptom visit,False
E0003222,P00582,emergency,2024-12-10 08:00:00,2024-12-10 14:00:00,Pulmonary,Home,Acute symptom visit,False
E0003223,P00582,outpatient,2024-12-18 08:00:00,2024-12-18 13:00:00,General Surgery,Home,Medication review,False
E0003224,P00582,outpatient,2024-12-30 08:00:00,2024-12-30 14:00:00,General Medicine,Home,Follow-up,False
E0003225,P00582,emergency,2025-02-09 08:00:00,2025-02-09 12:00:00,Pulmonary,Home,Follow-up,False
E0003226,P00582,inpatient,2025-05-26 08:00:00,2025-05-30 17:00:00,General Medicine,Skilled nursing facility,Sepsis,False
E0003227,P00582,inpatient,2025-09-16 00:00:00,2025-09-20 10:00:00,General Medicine,Home,Electrolyte disorder,False
E0003228,P00583,outpatient,2025-07-07 08:00:00,2025-07-07 15:00:00,Cardiology,Home,Follow-up,False
E0003229,P00583,outpatient,2025-07-09 08:00:00,2025-07-09 10:00:00,Pulmonary,Home,Follow-up,False
E0003230,P00583,outpatient,2025-09-09 08:00:00,2025-09-09 16:00:00,Cardiology,Home,Medication review,False
E0003231,P00583,inpatient,2025-11-09 08:00:00,2025-11-14 13:00:00,General Medicine,Home health,Syncope,False
E0003232,P00583,inpatient,2026-03-05 18:00:00,2026-03-08 23:00:00,Endocrinology,Home,Diabetes complication,False
E0003233,P00584,outpatient,2025-02-04 08:00:00,2025-02-04 16:00:00,Endocrinology,Home,Medication review,False
E0003234,P00584,emergency,2025-02-16 08:00:00,2025-02-16 11:00:00,General Surgery,Home,Follow-up,False
E0003235,P00584,inpatient,2025-08-28 08:00:00,2025-08-31 17:00:00,General Medicine,Home health,Syncope,False
E0003236,P00584,inpatient,2025-10-25 04:00:00,2025-10-29 11:00:00,General Medicine,Home,Cellulitis,False
E0003237,P00585,outpatient,2025-02-21 08:00:00,2025-02-21 12:00:00,Endocrinology,Home,Medication review,False
E0003238,P00585,outpatient,2025-02-24 08:00:00,2025-02-24 10:00:00,General Surgery,Home,Medication review,False
E0003239,P00585,outpatient,2025-03-11 08:00:00,2025-03-11 16:00:00,Endocrinology,Home,Follow-up,False
E0003240,P00585,outpatient,2025-03-15 08:00:00,2025-03-15 12:00:00,Endocrinology,Home,Follow-up,False
E0003241,P00585,outpatient,2025-04-16 08:00:00,2025-04-16 10:00:00,General Surgery,Home,Acute symptom visit,False
E0003242,P00585,inpatient,2025-09-01 08:00:00,2025-09-04 11:00:00,General Medicine,Home,Sepsis,False
E0003243,P00585,inpatient,2025-11-22 15:00:00,2025-11-23 18:00:00,General Medicine,Home,Cellulitis,False
E0003244,P00586,emergency,2025-03-03 08:00:00,2025-03-03 09:00:00,Endocrinology,Home,Medication review,False
E0003245,P00586,outpatient,2025-03-07 08:00:00,2025-03-07 13:00:00,Endocrinology,Home,Acute symptom visit,False
E0003246,P00586,outpatient,2025-03-28 08:00:00,2025-03-28 12:00:00,Cardiology,Home,Acute symptom visit,False
E0003247,P00586,outpatient,2025-05-13 08:00:00,2025-05-13 16:00:00,General Surgery,Home,Medication review,False
E0003248,P00586,outpatient,2025-05-25 08:00:00,2025-05-25 11:00:00,Cardiology,Home,Follow-up,False
E0003249,P00586,outpatient,2025-06-25 08:00:00,2025-06-25 12:00:00,Cardiology,Home,Medication review,False
E0003250,P00586,emergency,2025-07-31 08:00:00,2025-07-31 09:00:00,General Medicine,Home,Medication review,False
E0003251,P00586,inpatient,2025-09-10 08:00:00,2025-09-11 17:00:00,General Medicine,Home,Sepsis,False
E0003252,P00587,emergency,2025-02-09 08:00:00,2025-02-09 15:00:00,Pulmonary,Home,Acute symptom visit,False
E0003253,P00587,outpatient,2025-04-13 08:00:00,2025-04-13 15:00:00,General Medicine,Home,Follow-up,False
E0003254,P00587,inpatient,2025-06-09 08:00:00,2025-06-12 15:00:00,General Surgery,Home,Abdominal pain,True
E0003255,P00587,inpatient,2025-10-24 22:00:00,2025-10-26 03:00:00,General Medicine,Home,Electrolyte disorder,False
E0003256,P00588,emergency,2024-11-27 08:00:00,2024-11-27 13:00:00,Pulmonary,Home,Follow-up,False
E0003257,P00588,emergency,2024-12-05 08:00:00,2024-12-05 09:00:00,Cardiology,Home,Medication review,False
E0003258,P00588,outpatient,2025-02-02 08:00:00,2025-02-02 15:00:00,Endocrinology,Home,Acute symptom visit,False
E0003259,P00588,outpatient,2025-02-05 08:00:00,2025-02-05 10:00:00,General Medicine,Home,Follow-up,False
E0003260,P00588,inpatient,2025-03-14 08:00:00,2025-03-16 14:00:00,General Medicine,Home,Electrolyte disorder,False
E0003261,P00588,inpatient,2025-05-04 20:00:00,2025-05-06 01:00:00,Pulmonary,Skilled nursing facility,Asthma exacerbation,False
E0003262,P00589,outpatient,2024-07-29 08:00:00,2024-07-29 14:00:00,General Medicine,Home,Follow-up,False
E0003263,P00589,outpatient,2024-09-13 08:00:00,2024-09-13 16:00:00,Pulmonary,Home,Acute symptom visit,False
E0003264,P00589,emergency,2024-09-19 08:00:00,2024-09-19 12:00:00,Cardiology,Home,Medication review,False
E0003265,P00589,outpatient,2024-09-19 08:00:00,2024-09-19 09:00:00,General Surgery,Home,Acute symptom visit,False
E0003266,P00590,outpatient,2025-02-07 08:00:00,2025-02-07 15:00:00,Endocrinology,Home,Medication review,False
E0003267,P00590,emergency,2025-04-06 08:00:00,2025-04-06 14:00:00,Endocrinology,Home,Acute symptom visit,False
E0003268,P00590,emergency,2025-05-26 08:00:00,2025-05-26 11:00:00,Endocrinology,Home,Medication review,False
E0003269,P00590,inpatient,2025-06-30 08:00:00,2025-07-05 18:00:00,General Medicine,Transfer to acute care,Sepsis,False
E0003270,P00590,inpatient,2025-09-06 04:00:00,2025-09-09 11:00:00,Endocrinology,Home,Hyperglycemia,False
E0003271,P00591,outpatient,2025-02-26 08:00:00,2025-02-26 09:00:00,General Surgery,Home,Acute symptom visit,False
E0003272,P00591,outpatient,2025-04-07 08:00:00,2025-04-07 13:00:00,Pulmonary,Home,Acute symptom visit,False
E0003273,P00591,emergency,2025-04-14 08:00:00,2025-04-14 14:00:00,General Surgery,Home,Acute symptom visit,False
E0003274,P00591,outpatient,2025-05-14 08:00:00,2025-05-14 13:00:00,General Surgery,Home,Acute symptom visit,False
E0003275,P00591,outpatient,2025-08-10 08:00:00,2025-08-10 11:00:00,General Surgery,Home,Medication review,False
E0003276,P00591,inpatient,2025-09-14 08:00:00,2025-09-19 12:00:00,Endocrinology,Home,Hyperglycemia,False
E0003277,P00592,outpatient,2025-03-17 08:00:00,2025-03-17 13:00:00,General Medicine,Home,Acute symptom visit,False
E0003278,P00592,outpatient,2025-03-27 08:00:00,2025-03-27 13:00:00,Cardiology,Home,Follow-up,False
E0003279,P00592,outpatient,2025-05-11 08:00:00,2025-05-11 10:00:00,General Surgery,Home,Acute symptom visit,False
E0003280,P00592,emergency,2025-06-03 08:00:00,2025-06-03 14:00:00,General Surgery,Home,Medication review,False
E0003281,P00592,emergency,2025-06-07 08:00:00,2025-06-07 14:00:00,General Medicine,Home,Acute symptom visit,False
E0003282,P00592,outpatient,2025-08-02 08:00:00,2025-08-02 10:00:00,Pulmonary,Home,Follow-up,False
E0003283,P00592,inpatient,2025-10-11 08:00:00,2025-10-12 16:00:00,General Medicine,Skilled nursing facility,Sepsis,False
E0003284,P00593,outpatient,2025-01-06 08:00:00,2025-01-06 14:00:00,Endocrinology,Home,Medication review,False
E0003285,P00593,outpatient,2025-03-08 08:00:00,2025-03-08 12:00:00,Pulmonary,Home,Acute symptom visit,False
E0003286,P00593,emergency,2025-03-24 08:00:00,2025-03-24 14:00:00,Endocrinology,Home,Acute symptom visit,False
E0003287,P00593,outpatient,2025-04-06 08:00:00,2025-04-06 13:00:00,General Surgery,Home,Acute symptom visit,False
E0003288,P00593,outpatient,2025-04-17 08:00:00,2025-04-17 11:00:00,General Surgery,Home,Acute symptom visit,False
E0003289,P00593,outpatient,2025-05-16 08:00:00,2025-05-16 12:00:00,Pulmonary,Home,Acute symptom visit,False
E0003290,P00593,emergency,2025-05-27 08:00:00,2025-05-27 16:00:00,Endocrinology,Home,Acute symptom visit,False
E0003291,P00593,emergency,2025-07-02 08:00:00,2025-07-02 13:00:00,Cardiology,Home,Follow-up,False
E0003292,P00593,inpatient,2025-07-18 08:00:00,2025-07-24 12:00:00,Cardiology,Home health,Heart failure exacerbation,False
E0003293,P00593,inpatient,2025-12-09 21:00:00,2025-12-14 04:00:00,Pulmonary,Home,COPD exacerbation,False
E0003294,P00594,outpatient,2025-04-09 08:00:00,2025-04-09 13:00:00,General Medicine,Home,Follow-up,False
E0003295,P00594,emergency,2025-04-30 08:00:00,2025-04-30 09:00:00,General Surgery,Home,Acute symptom visit,False
E0003296,P00594,outpatient,2025-05-04 08:00:00,2025-05-04 09:00:00,Cardiology,Home,Acute symptom visit,False
E0003297,P00594,inpatient,2025-09-24 08:00:00,2025-09-27 10:00:00,General Medicine,Skilled nursing facility,Syncope,False
E0003298,P00594,inpatient,2026-01-13 16:00:00,2026-01-18 21:00:00,Cardiology,Home health,Chest pain,False
E0003299,P00595,outpatient,2024-10-04 08:00:00,2024-10-04 11:00:00,General Medicine,Home,Follow-up,False
E0003300,P00595,outpatient,2024-10-14 08:00:00,2024-10-14 12:00:00,General Medicine,Home,Acute symptom visit,False
E0003301,P00595,outpatient,2025-01-27 08:00:00,2025-01-27 10:00:00,Pulmonary,Home,Acute symptom visit,False
E0003302,P00595,outpatient,2025-02-10 08:00:00,2025-02-10 09:00:00,General Surgery,Home,Follow-up,False
E0003303,P00595,outpatient,2025-02-21 08:00:00,2025-02-21 09:00:00,General Surgery,Home,Medication review,False
E0003304,P00595,inpatient,2025-05-09 08:00:00,2025-05-10 16:00:00,General Surgery,Home,Abdominal pain,False
E0003305,P00596,emergency,2024-12-26 08:00:00,2024-12-26 13:00:00,General Medicine,Home,Acute symptom visit,False
E0003306,P00596,outpatient,2025-01-03 08:00:00,2025-01-03 12:00:00,Pulmonary,Home,Medication review,False
E0003307,P00596,emergency,2025-02-27 08:00:00,2025-02-27 16:00:00,Cardiology,Home,Medication review,False
E0003308,P00596,outpatient,2025-03-19 08:00:00,2025-03-19 09:00:00,Endocrinology,Home,Follow-up,False
E0003309,P00596,outpatient,2025-04-05 08:00:00,2025-04-05 11:00:00,General Surgery,Home,Medication review,False
E0003310,P00596,outpatient,2025-05-13 08:00:00,2025-05-13 12:00:00,General Surgery,Home,Follow-up,False
E0003311,P00596,outpatient,2025-05-16 08:00:00,2025-05-16 09:00:00,General Medicine,Home,Follow-up,False
E0003312,P00597,emergency,2024-11-05 08:00:00,2024-11-05 16:00:00,Pulmonary,Home,Medication review,False
E0003313,P00597,outpatient,2024-11-30 08:00:00,2024-11-30 16:00:00,Pulmonary,Home,Follow-up,False
E0003314,P00597,emergency,2024-12-12 08:00:00,2024-12-12 13:00:00,Pulmonary,Home,Medication review,False
E0003315,P00597,inpatient,2025-04-20 08:00:00,2025-04-22 17:00:00,General Medicine,Skilled nursing facility,Cellulitis,False
E0003316,P00598,outpatient,2025-03-31 08:00:00,2025-03-31 16:00:00,General Medicine,Home,Follow-up,False
E0003317,P00598,outpatient,2025-05-04 08:00:00,2025-05-04 13:00:00,General Medicine,Home,Medication review,False
E0003318,P00598,outpatient,2025-05-16 08:00:00,2025-05-16 10:00:00,Cardiology,Home,Acute symptom visit,False
E0003319,P00598,outpatient,2025-06-14 08:00:00,2025-06-14 16:00:00,General Surgery,Home,Acute symptom visit,False
E0003320,P00598,outpatient,2025-07-07 08:00:00,2025-07-07 11:00:00,Pulmonary,Home,Medication review,False
E0003321,P00598,inpatient,2025-08-29 08:00:00,2025-09-01 17:00:00,General Medicine,Skilled nursing facility,Cellulitis,False
E0003322,P00598,inpatient,2025-10-18 17:00:00,2025-10-23 01:00:00,Pulmonary,Transfer to acute care,COPD exacerbation,False
E0003323,P00598,inpatient,2026-01-17 04:00:00,2026-01-23 06:00:00,General Medicine,Home health,Electrolyte disorder,False
E0003324,P00599,outpatient,2025-03-27 08:00:00,2025-03-27 11:00:00,Endocrinology,Home,Medication review,False
E0003325,P00599,outpatient,2025-04-20 08:00:00,2025-04-20 14:00:00,General Medicine,Home,Medication review,False
E0003326,P00599,outpatient,2025-05-19 08:00:00,2025-05-19 15:00:00,Pulmonary,Home,Medication review,False
E0003327,P00599,emergency,2025-06-01 08:00:00,2025-06-01 11:00:00,General Medicine,Home,Medication review,False
E0003328,P00599,outpatient,2025-06-17 08:00:00,2025-06-17 14:00:00,General Surgery,Home,Follow-up,False
E0003329,P00599,outpatient,2025-08-02 08:00:00,2025-08-02 11:00:00,Cardiology,Home,Acute symptom visit,False
E0003330,P00599,inpatient,2025-09-14 08:00:00,2025-09-18 14:00:00,General Medicine,Home,Syncope,False
E0003331,P00599,inpatient,2025-10-08 21:00:00,2025-10-10 07:00:00,General Medicine,Home,Sepsis,False
E0003332,P00600,outpatient,2024-09-23 08:00:00,2024-09-23 16:00:00,Cardiology,Home,Medication review,False
E0003333,P00600,outpatient,2024-11-21 08:00:00,2024-11-21 15:00:00,General Surgery,Home,Acute symptom visit,False
E0003334,P00600,outpatient,2024-12-02 08:00:00,2024-12-02 15:00:00,Pulmonary,Home,Follow-up,False
E0003335,P00600,outpatient,2025-01-25 08:00:00,2025-01-25 14:00:00,General Surgery,Home,Medication review,False
E0003336,P00600,inpatient,2025-03-08 08:00:00,2025-03-11 15:00:00,Cardiology,Home,Chest pain,False
E0003337,P00601,outpatient,2025-02-22 08:00:00,2025-02-22 16:00:00,Cardiology,Home,Follow-up,False
E0003338,P00601,outpatient,2025-03-05 08:00:00,2025-03-05 09:00:00,Cardiology,Home,Follow-up,False
E0003339,P00601,outpatient,2025-03-23 08:00:00,2025-03-23 16:00:00,Cardiology,Home,Acute symptom visit,False
E0003340,P00601,inpatient,2025-09-08 08:00:00,2025-09-12 12:00:00,Cardiology,Home health,Atrial fibrillation,False
E0003341,P00601,inpatient,2025-09-24 15:00:00,2025-09-27 22:00:00,General Medicine,Home health,Syncope,False
E0003342,P00602,outpatient,2025-06-11 08:00:00,2025-06-11 15:00:00,Endocrinology,Home,Follow-up,False
E0003343,P00602,inpatient,2025-07-25 08:00:00,2025-07-27 11:00:00,General Medicine,Expired,Electrolyte disorder,False
E0003344,P00603,outpatient,2025-03-19 08:00:00,2025-03-19 10:00:00,Endocrinology,Home,Follow-up,False
E0003345,P00603,emergency,2025-05-07 08:00:00,2025-05-07 11:00:00,Endocrinology,Home,Acute symptom visit,False
E0003346,P00603,emergency,2025-05-19 08:00:00,2025-05-19 10:00:00,General Surgery,Home,Follow-up,False
E0003347,P00603,inpatient,2025-09-26 08:00:00,2025-09-27 10:00:00,General Medicine,Home,Cellulitis,False
E0003348,P00604,outpatient,2025-06-17 08:00:00,2025-06-17 10:00:00,Pulmonary,Home,Medication review,False
E0003349,P00604,emergency,2025-07-08 08:00:00,2025-07-08 12:00:00,General Medicine,Home,Follow-up,False
E0003350,P00604,outpatient,2025-07-25 08:00:00,2025-07-25 11:00:00,General Surgery,Home,Follow-up,False
E0003351,P00604,emergency,2025-08-07 08:00:00,2025-08-07 12:00:00,Pulmonary,Home,Follow-up,False
E0003352,P00604,inpatient,2025-10-12 08:00:00,2025-10-15 13:00:00,General Medicine,Home,Syncope,False
E0003353,P00605,outpatient,2025-02-27 08:00:00,2025-02-27 09:00:00,Endocrinology,Home,Medication review,False
E0003354,P00605,emergency,2025-08-06 08:00:00,2025-08-06 11:00:00,Pulmonary,Home,Medication review,False
E0003355,P00605,inpatient,2025-09-19 08:00:00,2025-09-22 14:00:00,Endocrinology,Home,Hypoglycemia,False
E0003356,P00606,outpatient,2025-04-01 08:00:00,2025-04-01 14:00:00,Cardiology,Home,Acute symptom visit,False
E0003357,P00606,outpatient,2025-06-17 08:00:00,2025-06-17 14:00:00,General Surgery,Home,Acute symptom visit,False
E0003358,P00606,inpatient,2025-08-25 08:00:00,2025-08-28 11:00:00,General Surgery,Home health,Postoperative wound issue,False
E0003359,P00607,emergency,2025-03-27 08:00:00,2025-03-27 10:00:00,General Medicine,Home,Follow-up,False
E0003360,P00607,outpatient,2025-04-18 08:00:00,2025-04-18 13:00:00,Cardiology,Home,Acute symptom visit,False
E0003361,P00607,inpatient,2025-08-12 08:00:00,2025-08-17 16:00:00,General Medicine,Home,Sepsis,False
E0003362,P00608,emergency,2025-05-02 08:00:00,2025-05-02 11:00:00,Endocrinology,Home,Medication review,False
E0003363,P00608,outpatient,2025-07-03 08:00:00,2025-07-03 11:00:00,Cardiology,Home,Acute symptom visit,False
E0003364,P00608,emergency,2025-07-08 08:00:00,2025-07-08 09:00:00,Endocrinology,Home,Follow-up,False
E0003365,P00608,emergency,2025-07-18 08:00:00,2025-07-18 14:00:00,Endocrinology,Home,Medication review,False
E0003366,P00608,inpatient,2025-09-19 08:00:00,2025-09-23 11:00:00,General Medicine,Home,Cellulitis,False
E0003367,P00608,inpatient,2026-01-13 18:00:00,2026-01-16 01:00:00,Endocrinology,Home,Diabetes complication,False
E0003368,P00609,outpatient,2025-04-23 08:00:00,2025-04-23 09:00:00,General Medicine,Home,Follow-up,False
E0003369,P00609,outpatient,2025-05-18 08:00:00,2025-05-18 12:00:00,Pulmonary,Home,Follow-up,False
E0003370,P00609,outpatient,2025-07-01 08:00:00,2025-07-01 10:00:00,Endocrinology,Home,Acute symptom visit,False
E0003371,P00609,outpatient,2025-07-30 08:00:00,2025-07-30 14:00:00,Cardiology,Home,Medication review,False
E0003372,P00609,outpatient,2025-08-14 08:00:00,2025-08-14 11:00:00,Pulmonary,Home,Medication review,False
E0003373,P00609,inpatient,2025-09-09 08:00:00,2025-09-13 11:00:00,General Medicine,Home,Sepsis,False
E0003374,P00609,inpatient,2025-09-20 20:00:00,2025-09-25 01:00:00,Endocrinology,Home,Hyperglycemia,False
E0003375,P00610,outpatient,2024-08-07 08:00:00,2024-08-07 10:00:00,Pulmonary,Home,Acute symptom visit,False
E0003376,P00610,outpatient,2024-08-30 08:00:00,2024-08-30 09:00:00,Pulmonary,Home,Follow-up,False
E0003377,P00610,outpatient,2024-09-15 08:00:00,2024-09-15 14:00:00,Pulmonary,Home,Follow-up,False
E0003378,P00610,emergency,2024-11-10 08:00:00,2024-11-10 09:00:00,Cardiology,Home,Acute symptom visit,False
E0003379,P00610,outpatient,2024-12-01 08:00:00,2024-12-01 15:00:00,Cardiology,Home,Acute symptom visit,False
E0003380,P00610,inpatient,2025-02-17 08:00:00,2025-02-24 12:00:00,General Medicine,Home,Electrolyte disorder,False
E0003381,P00610,inpatient,2025-06-18 20:00:00,2025-06-22 22:00:00,Endocrinology,Home health,Hypoglycemia,False
E0003382,P00611,outpatient,2024-12-02 08:00:00,2024-12-02 10:00:00,Pulmonary,Home,Follow-up,False
E0003383,P00611,emergency,2025-01-21 08:00:00,2025-01-21 14:00:00,Cardiology,Home,Medication review,False
E0003384,P00611,emergency,2025-03-19 08:00:00,2025-03-19 09:00:00,Endocrinology,Home,Acute symptom visit,False
E0003385,P00611,inpatient,2025-07-01 08:00:00,2025-07-05 11:00:00,General Surgery,Home health,Abdominal pain,False
E0003386,P00612,outpatient,2024-09-14 08:00:00,2024-09-14 15:00:00,Cardiology,Home,Medication review,False
E0003387,P00612,emergency,2024-10-12 08:00:00,2024-10-12 16:00:00,Endocrinology,Home,Acute symptom visit,False
E0003388,P00612,emergency,2024-10-28 08:00:00,2024-10-28 13:00:00,General Medicine,Home,Medication review,False
E0003389,P00612,outpatient,2024-12-16 08:00:00,2024-12-16 13:00:00,Endocrinology,Home,Follow-up,False
E0003390,P00612,inpatient,2025-03-02 08:00:00,2025-03-06 10:00:00,General Medicine,Home,Electrolyte disorder,False
E0003391,P00612,inpatient,2025-07-05 19:00:00,2025-07-08 00:00:00,Cardiology,Transfer to acute care,Chest pain,False
E0003392,P00612,inpatient,2025-09-29 02:00:00,2025-10-05 10:00:00,General Medicine,Home,Syncope,False
E0003393,P00613,outpatient,2024-11-29 08:00:00,2024-11-29 11:00:00,Pulmonary,Home,Medication review,False
E0003394,P00613,outpatient,2024-12-01 08:00:00,2024-12-01 10:00:00,General Medicine,Home,Medication review,False
E0003395,P00613,emergency,2024-12-17 08:00:00,2024-12-17 11:00:00,General Surgery,Home,Medication review,False
E0003396,P00613,outpatient,2024-12-29 08:00:00,2024-12-29 09:00:00,General Medicine,Home,Follow-up,False
E0003397,P00613,emergency,2024-12-31 08:00:00,2024-12-31 14:00:00,General Surgery,Home,Follow-up,False
E0003398,P00613,inpatient,2025-02-10 08:00:00,2025-02-13 14:00:00,General Medicine,Home,Sepsis,False
E0003399,P00613,inpatient,2025-04-10 02:00:00,2025-04-12 07:00:00,General Surgery,Home,Biliary disease,False
E0003400,P00613,inpatient,2025-05-09 11:00:00,2025-05-10 19:00:00,Cardiology,Home,Heart failure exacerbation,False
E0003401,P00614,outpatient,2025-07-12 08:00:00,2025-07-12 12:00:00,Pulmonary,Home,Acute symptom visit,False
E0003402,P00614,outpatient,2025-07-14 08:00:00,2025-07-14 09:00:00,Cardiology,Home,Medication review,False
E0003403,P00614,outpatient,2025-07-18 08:00:00,2025-07-18 16:00:00,Cardiology,Home,Medication review,False
E0003404,P00614,outpatient,2025-08-16 08:00:00,2025-08-16 16:00:00,Pulmonary,Home,Follow-up,False
E0003405,P00614,outpatient,2025-09-14 08:00:00,2025-09-14 15:00:00,General Medicine,Home,Acute symptom visit,False
E0003406,P00614,inpatient,2025-10-27 08:00:00,2025-10-31 11:00:00,General Surgery,Home health,Postoperative wound issue,True
E0003407,P00615,outpatient,2024-11-01 08:00:00,2024-11-01 16:00:00,Endocrinology,Home,Follow-up,False
E0003408,P00615,emergency,2025-01-23 08:00:00,2025-01-23 09:00:00,General Surgery,Home,Follow-up,False
E0003409,P00615,emergency,2025-03-11 08:00:00,2025-03-11 13:00:00,General Surgery,Home,Acute symptom visit,False
E0003410,P00615,inpatient,2025-04-20 08:00:00,2025-04-22 18:00:00,Pulmonary,Home,Asthma exacerbation,False
E0003411,P00616,outpatient,2025-03-10 08:00:00,2025-03-10 13:00:00,Pulmonary,Home,Follow-up,False
E0003412,P00616,emergency,2025-04-10 08:00:00,2025-04-10 13:00:00,General Surgery,Home,Medication review,False
E0003413,P00616,outpatient,2025-05-15 08:00:00,2025-05-15 12:00:00,General Medicine,Home,Acute symptom visit,False
E0003414,P00616,outpatient,2025-06-25 08:00:00,2025-06-25 10:00:00,Endocrinology,Home,Follow-up,False
E0003415,P00616,outpatient,2025-06-26 08:00:00,2025-06-26 11:00:00,Cardiology,Home,Medication review,False
E0003416,P00616,inpatient,2025-08-19 08:00:00,2025-08-23 14:00:00,General Surgery,Home health,Abdominal pain,False
E0003417,P00617,emergency,2025-02-21 08:00:00,2025-02-21 16:00:00,Pulmonary,Home,Medication review,False
E0003418,P00617,outpatient,2025-05-16 08:00:00,2025-05-16 14:00:00,Cardiology,Home,Follow-up,False
E0003419,P00617,emergency,2025-06-09 08:00:00,2025-06-09 11:00:00,Pulmonary,Home,Follow-up,False
E0003420,P00617,inpatient,2025-07-11 08:00:00,2025-07-12 13:00:00,Pulmonary,Home,COPD exacerbation,False
E0003421,P00618,outpatient,2025-07-30 08:00:00,2025-07-30 09:00:00,Pulmonary,Home,Medication review,False
E0003422,P00618,outpatient,2025-08-06 08:00:00,2025-08-06 16:00:00,Endocrinology,Home,Medication review,False
E0003423,P00618,outpatient,2025-08-09 08:00:00,2025-08-09 11:00:00,General Surgery,Home,Acute symptom visit,False
E0003424,P00618,emergency,2025-08-11 08:00:00,2025-08-11 11:00:00,General Medicine,Home,Follow-up,False
E0003425,P00618,outpatient,2025-08-24 08:00:00,2025-08-24 15:00:00,Endocrinology,Home,Medication review,False
E0003426,P00618,emergency,2025-09-12 08:00:00,2025-09-12 10:00:00,Pulmonary,Home,Acute symptom visit,False
E0003427,P00618,outpatient,2025-09-20 08:00:00,2025-09-20 12:00:00,Cardiology,Home,Medication review,False
E0003428,P00618,inpatient,2025-10-20 08:00:00,2025-10-24 11:00:00,General Surgery,Home,Abdominal pain,False
E0003429,P00618,inpatient,2026-02-10 17:00:00,2026-02-14 19:00:00,Cardiology,Home,Heart failure exacerbation,False
E0003430,P00618,inpatient,2026-03-12 07:00:00,2026-03-18 17:00:00,General Surgery,Home health,Postoperative wound issue,False
E0003431,P00619,outpatient,2025-03-07 08:00:00,2025-03-07 16:00:00,Endocrinology,Home,Medication review,False
E0003432,P00619,emergency,2025-06-12 08:00:00,2025-06-12 15:00:00,General Surgery,Home,Medication review,False
E0003433,P00619,emergency,2025-06-30 08:00:00,2025-06-30 14:00:00,General Surgery,Home,Medication review,False
E0003434,P00619,outpatient,2025-07-08 08:00:00,2025-07-08 11:00:00,Pulmonary,Home,Medication review,False
E0003435,P00619,inpatient,2025-08-24 08:00:00,2025-08-27 16:00:00,Cardiology,Home,Chest pain,False
E0003436,P00619,inpatient,2025-12-26 03:00:00,2025-12-27 11:00:00,General Surgery,Skilled nursing facility,Biliary disease,False
E0003437,P00620,outpatient,2025-04-10 08:00:00,2025-04-10 12:00:00,Endocrinology,Home,Medication review,False
E0003438,P00620,emergency,2025-07-02 08:00:00,2025-07-02 13:00:00,Cardiology,Home,Medication review,False
E0003439,P00620,emergency,2025-07-19 08:00:00,2025-07-19 14:00:00,General Surgery,Home,Acute symptom visit,False
E0003440,P00620,outpatient,2025-07-27 08:00:00,2025-07-27 14:00:00,Endocrinology,Home,Follow-up,False
E0003441,P00620,outpatient,2025-08-10 08:00:00,2025-08-10 09:00:00,Cardiology,Home,Follow-up,False
E0003442,P00621,outpatient,2025-08-03 08:00:00,2025-08-03 15:00:00,Pulmonary,Home,Follow-up,False
E0003443,P00621,outpatient,2025-08-24 08:00:00,2025-08-24 15:00:00,Cardiology,Home,Medication review,False
E0003444,P00621,outpatient,2025-10-01 08:00:00,2025-10-01 14:00:00,General Surgery,Home,Follow-up,False
E0003445,P00622,outpatient,2025-01-14 08:00:00,2025-01-14 13:00:00,General Medicine,Home,Medication review,False
E0003446,P00622,inpatient,2025-03-23 08:00:00,2025-03-27 12:00:00,Cardiology,Home,Atrial fibrillation,False
E0003447,P00623,outpatient,2025-03-31 08:00:00,2025-03-31 12:00:00,Endocrinology,Home,Medication review,False
E0003448,P00623,outpatient,2025-04-03 08:00:00,2025-04-03 14:00:00,Endocrinology,Home,Follow-up,False
E0003449,P00623,outpatient,2025-07-05 08:00:00,2025-07-05 15:00:00,General Surgery,Home,Medication review,False
E0003450,P00623,inpatient,2025-09-22 08:00:00,2025-09-25 12:00:00,Pulmonary,Transfer to acute care,Asthma exacerbation,False
E0003451,P00624,outpatient,2024-12-02 08:00:00,2024-12-02 14:00:00,Cardiology,Home,Acute symptom visit,False
E0003452,P00624,emergency,2024-12-31 08:00:00,2024-12-31 13:00:00,General Surgery,Home,Follow-up,False
E0003453,P00624,inpatient,2025-02-25 08:00:00,2025-02-28 11:00:00,General Medicine,Home health,Syncope,False
E0003454,P00624,inpatient,2025-06-03 19:00:00,2025-06-04 21:00:00,General Medicine,Home,Cellulitis,False
E0003455,P00624,inpatient,2025-06-28 01:00:00,2025-07-01 07:00:00,Pulmonary,Home,COPD exacerbation,False
E0003456,P00625,outpatient,2025-02-12 08:00:00,2025-02-12 10:00:00,General Medicine,Home,Follow-up,False
E0003457,P00625,emergency,2025-02-24 08:00:00,2025-02-24 14:00:00,General Medicine,Home,Follow-up,False
E0003458,P00625,outpatient,2025-03-21 08:00:00,2025-03-21 11:00:00,Cardiology,Home,Acute symptom visit,False
E0003459,P00625,emergency,2025-06-04 08:00:00,2025-06-04 13:00:00,Endocrinology,Home,Acute symptom visit,False
E0003460,P00625,inpatient,2025-07-03 08:00:00,2025-07-06 11:00:00,Pulmonary,Home health,COPD exacerbation,False
E0003461,P00626,outpatient,2024-09-15 08:00:00,2024-09-15 13:00:00,Pulmonary,Home,Follow-up,False
E0003462,P00626,emergency,2024-09-27 08:00:00,2024-09-27 11:00:00,General Medicine,Home,Medication review,False
E0003463,P00626,emergency,2024-10-12 08:00:00,2024-10-12 16:00:00,General Surgery,Home,Follow-up,False
E0003464,P00626,outpatient,2024-10-13 08:00:00,2024-10-13 13:00:00,Pulmonary,Home,Medication review,False
E0003465,P00626,outpatient,2024-12-28 08:00:00,2024-12-28 15:00:00,General Medicine,Home,Medication review,False
E0003466,P00626,inpatient,2025-01-30 08:00:00,2025-02-01 14:00:00,Endocrinology,Home,Diabetes complication,False
E0003467,P00626,inpatient,2025-06-15 15:00:00,2025-06-20 18:00:00,General Medicine,Home,Cellulitis,False
E0003468,P00627,emergency,2025-01-28 08:00:00,2025-01-28 13:00:00,Endocrinology,Home,Acute symptom visit,False
E0003469,P00627,emergency,2025-03-28 08:00:00,2025-03-28 09:00:00,Cardiology,Home,Follow-up,False
E0003470,P00627,outpatient,2025-04-15 08:00:00,2025-04-15 09:00:00,Pulmonary,Home,Acute symptom visit,False
E0003471,P00627,inpatient,2025-05-12 08:00:00,2025-05-15 15:00:00,General Medicine,Transfer to acute care,Sepsis,False
E0003472,P00628,emergency,2025-04-16 08:00:00,2025-04-16 16:00:00,General Surgery,Home,Follow-up,False
E0003473,P00628,outpatient,2025-07-20 08:00:00,2025-07-20 09:00:00,Cardiology,Home,Medication review,False
E0003474,P00628,inpatient,2025-09-18 08:00:00,2025-09-20 15:00:00,Endocrinology,Home,Hyperglycemia,False
E0003475,P00629,outpatient,2025-02-16 08:00:00,2025-02-16 09:00:00,General Surgery,Home,Medication review,False
E0003476,P00629,outpatient,2025-04-10 08:00:00,2025-04-10 09:00:00,General Medicine,Home,Medication review,False
E0003477,P00629,outpatient,2025-05-09 08:00:00,2025-05-09 10:00:00,Cardiology,Home,Medication review,False
E0003478,P00629,inpatient,2025-07-21 08:00:00,2025-07-25 10:00:00,General Surgery,Home health,Postoperative wound issue,False
E0003479,P00629,inpatient,2025-10-25 10:00:00,2025-10-26 16:00:00,General Surgery,Home health,Abdominal pain,False
E0003480,P00630,outpatient,2025-03-05 08:00:00,2025-03-05 10:00:00,General Surgery,Home,Acute symptom visit,False
E0003481,P00630,emergency,2025-04-11 08:00:00,2025-04-11 10:00:00,Endocrinology,Home,Acute symptom visit,False
E0003482,P00630,emergency,2025-04-15 08:00:00,2025-04-15 11:00:00,Cardiology,Home,Follow-up,False
E0003483,P00630,outpatient,2025-05-19 08:00:00,2025-05-19 12:00:00,Endocrinology,Home,Medication review,False
E0003484,P00630,emergency,2025-06-12 08:00:00,2025-06-12 10:00:00,Endocrinology,Home,Medication review,False
E0003485,P00630,emergency,2025-07-05 08:00:00,2025-07-05 11:00:00,Endocrinology,Home,Acute symptom visit,False
E0003486,P00630,outpatient,2025-07-22 08:00:00,2025-07-22 10:00:00,General Surgery,Home,Acute symptom visit,False
E0003487,P00630,outpatient,2025-07-23 08:00:00,2025-07-23 09:00:00,Pulmonary,Home,Acute symptom visit,False
E0003488,P00630,emergency,2025-08-05 08:00:00,2025-08-05 10:00:00,General Medicine,Home,Medication review,False
E0003489,P00631,outpatient,2025-01-13 08:00:00,2025-01-13 10:00:00,Cardiology,Home,Acute symptom visit,False
E0003490,P00631,outpatient,2025-02-06 08:00:00,2025-02-06 14:00:00,General Medicine,Home,Follow-up,False
E0003491,P00631,outpatient,2025-02-13 08:00:00,2025-02-13 10:00:00,Cardiology,Home,Acute symptom visit,False
E0003492,P00631,outpatient,2025-06-05 08:00:00,2025-06-05 11:00:00,Pulmonary,Home,Medication review,False
E0003493,P00631,outpatient,2025-06-12 08:00:00,2025-06-12 16:00:00,Endocrinology,Home,Medication review,False
E0003494,P00632,outpatient,2025-03-14 08:00:00,2025-03-14 13:00:00,General Surgery,Home,Acute symptom visit,False
E0003495,P00632,outpatient,2025-05-30 08:00:00,2025-05-30 16:00:00,Endocrinology,Home,Follow-up,False
E0003496,P00632,inpatient,2025-07-28 08:00:00,2025-08-01 17:00:00,Pulmonary,Home,Asthma exacerbation,False
E0003497,P00632,inpatient,2025-10-23 02:00:00,2025-10-25 04:00:00,General Medicine,Home,Syncope,False
E0003498,P00633,outpatient,2025-02-07 08:00:00,2025-02-07 16:00:00,General Medicine,Home,Follow-up,False
E0003499,P00633,inpatient,2025-06-16 08:00:00,2025-06-18 14:00:00,General Surgery,Home health,Abdominal pain,False
E0003500,P00633,inpatient,2025-11-15 02:00:00,2025-11-18 05:00:00,General Medicine,Home,Cellulitis,False
E0003501,P00634,emergency,2025-01-08 08:00:00,2025-01-08 10:00:00,Pulmonary,Home,Medication review,False
E0003502,P00634,outpatient,2025-05-10 08:00:00,2025-05-10 12:00:00,Pulmonary,Home,Acute symptom visit,False
E0003503,P00634,inpatient,2025-07-08 08:00:00,2025-07-11 14:00:00,General Medicine,Skilled nursing facility,Sepsis,False
E0003504,P00634,inpatient,2025-07-31 19:00:00,2025-08-04 03:00:00,General Medicine,Transfer to acute care,Syncope,False
E0003505,P00635,outpatient,2025-03-11 08:00:00,2025-03-11 14:00:00,Cardiology,Home,Medication review,False
E0003506,P00635,outpatient,2025-06-15 08:00:00,2025-06-15 10:00:00,Cardiology,Home,Follow-up,False
E0003507,P00635,inpatient,2025-07-21 08:00:00,2025-07-23 18:00:00,Endocrinology,Home health,Hyperglycemia,False
E0003508,P00635,inpatient,2025-10-18 00:00:00,2025-10-20 07:00:00,General Medicine,Home,Syncope,False
E0003509,P00636,emergency,2024-09-18 08:00:00,2024-09-18 13:00:00,General Medicine,Home,Medication review,False
E0003510,P00636,outpatient,2024-09-19 08:00:00,2024-09-19 12:00:00,General Medicine,Home,Follow-up,False
E0003511,P00636,outpatient,2024-12-27 08:00:00,2024-12-27 11:00:00,General Surgery,Home,Medication review,False
E0003512,P00636,emergency,2025-01-26 08:00:00,2025-01-26 14:00:00,Pulmonary,Home,Follow-up,False
E0003513,P00636,outpatient,2025-01-31 08:00:00,2025-01-31 09:00:00,Endocrinology,Home,Follow-up,False
E0003514,P00636,inpatient,2025-03-05 08:00:00,2025-03-07 11:00:00,General Medicine,Home,Sepsis,False
E0003515,P00636,inpatient,2025-03-23 15:00:00,2025-03-24 22:00:00,Endocrinology,Home health,Hyperglycemia,False
E0003516,P00637,outpatient,2024-12-22 08:00:00,2024-12-22 14:00:00,Endocrinology,Home,Acute symptom visit,False
E0003517,P00637,emergency,2025-01-23 08:00:00,2025-01-23 12:00:00,General Surgery,Home,Acute symptom visit,False
E0003518,P00637,emergency,2025-03-05 08:00:00,2025-03-05 13:00:00,Pulmonary,Home,Medication review,False
E0003519,P00637,outpatient,2025-03-31 08:00:00,2025-03-31 14:00:00,General Surgery,Home,Follow-up,False
E0003520,P00637,emergency,2025-05-16 08:00:00,2025-05-16 12:00:00,General Surgery,Home,Medication review,False
E0003521,P00637,emergency,2025-05-21 08:00:00,2025-05-21 13:00:00,Endocrinology,Home,Medication review,False
E0003522,P00637,inpatient,2025-06-05 08:00:00,2025-06-08 14:00:00,Endocrinology,Transfer to acute care,Hyperglycemia,False
E0003523,P00637,inpatient,2025-07-30 22:00:00,2025-08-05 03:00:00,Pulmonary,Transfer to acute care,Pneumonia,False
E0003524,P00637,inpatient,2025-11-28 15:00:00,2025-12-04 22:00:00,Cardiology,Skilled nursing facility,Atrial fibrillation,False
E0003525,P00638,outpatient,2025-04-15 08:00:00,2025-04-15 15:00:00,Endocrinology,Home,Follow-up,False
E0003526,P00638,outpatient,2025-04-18 08:00:00,2025-04-18 13:00:00,Cardiology,Home,Medication review,False
E0003527,P00638,outpatient,2025-07-04 08:00:00,2025-07-04 13:00:00,Pulmonary,Home,Follow-up,False
E0003528,P00638,inpatient,2025-09-08 08:00:00,2025-09-12 12:00:00,General Surgery,Home,Postoperative wound issue,False
E0003529,P00639,outpatient,2025-01-26 08:00:00,2025-01-26 12:00:00,General Surgery,Home,Medication review,False
E0003530,P00639,emergency,2025-01-30 08:00:00,2025-01-30 10:00:00,Endocrinology,Home,Acute symptom visit,False
E0003531,P00639,emergency,2025-03-28 08:00:00,2025-03-28 11:00:00,Cardiology,Home,Follow-up,False
E0003532,P00639,outpatient,2025-04-02 08:00:00,2025-04-02 15:00:00,Endocrinology,Home,Follow-up,False
E0003533,P00639,outpatient,2025-04-13 08:00:00,2025-04-13 14:00:00,Endocrinology,Home,Medication review,False
E0003534,P00640,outpatient,2025-02-11 08:00:00,2025-02-11 15:00:00,Pulmonary,Home,Medication review,False
E0003535,P00640,emergency,2025-04-12 08:00:00,2025-04-12 16:00:00,General Medicine,Home,Medication review,False
E0003536,P00640,emergency,2025-04-27 08:00:00,2025-04-27 11:00:00,General Surgery,Home,Acute symptom visit,False
E0003537,P00640,inpatient,2025-08-03 08:00:00,2025-08-05 12:00:00,General Surgery,Home,Biliary disease,False
E0003538,P00641,outpatient,2025-04-18 08:00:00,2025-04-18 16:00:00,Pulmonary,Home,Acute symptom visit,False
E0003539,P00642,emergency,2025-03-27 08:00:00,2025-03-27 09:00:00,General Medicine,Home,Follow-up,False
E0003540,P00642,outpatient,2025-04-02 08:00:00,2025-04-02 15:00:00,General Surgery,Home,Acute symptom visit,False
E0003541,P00642,outpatient,2025-04-22 08:00:00,2025-04-22 09:00:00,General Surgery,Home,Medication review,False
E0003542,P00642,emergency,2025-05-02 08:00:00,2025-05-02 12:00:00,Cardiology,Home,Follow-up,False
E0003543,P00642,outpatient,2025-06-24 08:00:00,2025-06-24 09:00:00,Endocrinology,Home,Medication review,False
E0003544,P00642,emergency,2025-08-03 08:00:00,2025-08-03 11:00:00,General Surgery,Home,Acute symptom visit,False
E0003545,P00642,outpatient,2025-08-10 08:00:00,2025-08-10 10:00:00,General Surgery,Home,Follow-up,False
E0003546,P00642,emergency,2025-08-16 08:00:00,2025-08-16 09:00:00,Pulmonary,Home,Acute symptom visit,False
E0003547,P00642,inpatient,2025-09-05 08:00:00,2025-09-09 11:00:00,General Medicine,Home,Electrolyte disorder,False
E0003548,P00642,inpatient,2026-01-20 20:00:00,2026-01-25 00:00:00,Pulmonary,Home,Asthma exacerbation,False
E0003549,P00643,emergency,2025-07-09 08:00:00,2025-07-09 15:00:00,General Surgery,Home,Acute symptom visit,False
E0003550,P00643,outpatient,2025-07-09 08:00:00,2025-07-09 16:00:00,Endocrinology,Home,Medication review,False
E0003551,P00643,emergency,2025-08-10 08:00:00,2025-08-10 15:00:00,Pulmonary,Home,Acute symptom visit,False
E0003552,P00643,inpatient,2025-10-01 08:00:00,2025-10-05 15:00:00,General Medicine,Home,Syncope,False
E0003553,P00644,outpatient,2024-09-12 08:00:00,2024-09-12 09:00:00,General Surgery,Home,Medication review,False
E0003554,P00644,outpatient,2025-01-29 08:00:00,2025-01-29 13:00:00,Endocrinology,Home,Follow-up,False
E0003555,P00644,inpatient,2025-02-25 08:00:00,2025-02-27 11:00:00,Pulmonary,Skilled nursing facility,Pneumonia,False
E0003556,P00645,outpatient,2025-01-07 08:00:00,2025-01-07 10:00:00,Endocrinology,Home,Acute symptom visit,False
E0003557,P00645,outpatient,2025-01-07 08:00:00,2025-01-07 14:00:00,Cardiology,Home,Follow-up,False
E0003558,P00645,outpatient,2025-01-16 08:00:00,2025-01-16 15:00:00,Cardiology,Home,Acute symptom visit,False
E0003559,P00645,outpatient,2025-04-01 08:00:00,2025-04-01 15:00:00,Cardiology,Home,Acute symptom visit,False
E0003560,P00645,outpatient,2025-04-06 08:00:00,2025-04-06 10:00:00,Pulmonary,Home,Medication review,False
E0003561,P00645,inpatient,2025-06-27 08:00:00,2025-06-30 17:00:00,General Medicine,Home,Syncope,False
E0003562,P00645,inpatient,2025-10-05 17:00:00,2025-10-08 01:00:00,General Medicine,Home,Syncope,False
E0003563,P00646,emergency,2024-10-20 08:00:00,2024-10-20 16:00:00,General Surgery,Home,Follow-up,False
E0003564,P00646,outpatient,2024-10-20 08:00:00,2024-10-20 09:00:00,General Surgery,Home,Acute symptom visit,False
E0003565,P00646,outpatient,2024-12-19 08:00:00,2024-12-19 10:00:00,Cardiology,Home,Acute symptom visit,False
E0003566,P00646,outpatient,2024-12-23 08:00:00,2024-12-23 16:00:00,Cardiology,Home,Acute symptom visit,False
E0003567,P00646,inpatient,2025-02-11 08:00:00,2025-02-12 18:00:00,General Medicine,Home,Sepsis,False
E0003568,P00646,inpatient,2025-02-25 06:00:00,2025-03-01 12:00:00,General Medicine,Skilled nursing facility,Sepsis,False
E0003569,P00647,outpatient,2025-04-07 08:00:00,2025-04-07 15:00:00,Pulmonary,Home,Medication review,False
E0003570,P00647,outpatient,2025-07-22 08:00:00,2025-07-22 16:00:00,Endocrinology,Home,Follow-up,False
E0003571,P00647,outpatient,2025-08-30 08:00:00,2025-08-30 09:00:00,Cardiology,Home,Acute symptom visit,False
E0003572,P00647,outpatient,2025-09-01 08:00:00,2025-09-01 14:00:00,Endocrinology,Home,Acute symptom visit,False
E0003573,P00647,inpatient,2025-10-16 08:00:00,2025-10-20 12:00:00,General Medicine,Home,Sepsis,False
E0003574,P00648,emergency,2025-07-13 08:00:00,2025-07-13 10:00:00,Pulmonary,Home,Follow-up,False
E0003575,P00648,outpatient,2025-07-30 08:00:00,2025-07-30 12:00:00,General Medicine,Home,Acute symptom visit,False
E0003576,P00648,outpatient,2025-08-06 08:00:00,2025-08-06 15:00:00,Pulmonary,Home,Acute symptom visit,False
E0003577,P00648,inpatient,2025-10-31 08:00:00,2025-11-04 12:00:00,Cardiology,Home,Chest pain,False
E0003578,P00649,emergency,2024-10-10 08:00:00,2024-10-10 09:00:00,Cardiology,Home,Medication review,False
E0003579,P00649,emergency,2024-10-18 08:00:00,2024-10-18 10:00:00,Endocrinology,Home,Medication review,False
E0003580,P00649,outpatient,2024-12-08 08:00:00,2024-12-08 09:00:00,Pulmonary,Home,Follow-up,False
E0003581,P00649,outpatient,2024-12-14 08:00:00,2024-12-14 09:00:00,Endocrinology,Home,Medication review,False
E0003582,P00649,outpatient,2025-02-13 08:00:00,2025-02-13 10:00:00,Cardiology,Home,Follow-up,False
E0003583,P00649,inpatient,2025-04-03 08:00:00,2025-04-07 16:00:00,General Medicine,Home health,Sepsis,False
E0003584,P00649,inpatient,2025-08-29 19:00:00,2025-09-02 21:00:00,Pulmonary,Home,COPD exacerbation,False
E0003585,P00650,outpatient,2025-05-04 08:00:00,2025-05-04 13:00:00,Cardiology,Home,Follow-up,False
E0003586,P00650,outpatient,2025-05-25 08:00:00,2025-05-25 09:00:00,Pulmonary,Home,Acute symptom visit,False
E0003587,P00650,emergency,2025-06-08 08:00:00,2025-06-08 09:00:00,General Surgery,Home,Acute symptom visit,False
E0003588,P00650,outpatient,2025-06-08 08:00:00,2025-06-08 15:00:00,Cardiology,Home,Medication review,False
E0003589,P00650,emergency,2025-06-10 08:00:00,2025-06-10 14:00:00,Endocrinology,Home,Medication review,False
E0003590,P00650,emergency,2025-07-04 08:00:00,2025-07-04 16:00:00,Endocrinology,Home,Acute symptom visit,False
E0003591,P00650,emergency,2025-07-08 08:00:00,2025-07-08 15:00:00,Pulmonary,Home,Follow-up,False
E0003592,P00650,outpatient,2025-07-23 08:00:00,2025-07-23 09:00:00,Endocrinology,Home,Acute symptom visit,False
E0003593,P00650,outpatient,2025-08-04 08:00:00,2025-08-04 09:00:00,Endocrinology,Home,Medication review,False
E0003594,P00650,inpatient,2025-11-27 08:00:00,2025-12-01 13:00:00,General Medicine,Home,Syncope,False
E0003595,P00651,emergency,2025-05-07 08:00:00,2025-05-07 15:00:00,General Medicine,Home,Medication review,False
E0003596,P00651,outpatient,2025-05-21 08:00:00,2025-05-21 13:00:00,Pulmonary,Home,Medication review,False
E0003597,P00651,outpatient,2025-06-04 08:00:00,2025-06-04 11:00:00,General Medicine,Home,Medication review,False
E0003598,P00651,outpatient,2025-06-12 08:00:00,2025-06-12 16:00:00,Endocrinology,Home,Follow-up,False
E0003599,P00651,emergency,2025-07-23 08:00:00,2025-07-23 11:00:00,General Medicine,Home,Follow-up,False
E0003600,P00651,outpatient,2025-07-30 08:00:00,2025-07-30 12:00:00,Pulmonary,Home,Medication review,False
E0003601,P00651,outpatient,2025-08-08 08:00:00,2025-08-08 13:00:00,General Medicine,Home,Medication review,False
E0003602,P00651,inpatient,2025-10-18 08:00:00,2025-10-19 18:00:00,Pulmonary,Home,COPD exacerbation,False
E0003603,P00651,inpatient,2026-03-02 01:00:00,2026-03-03 05:00:00,Cardiology,Home,Atrial fibrillation,False
E0003604,P00651,inpatient,2026-04-19 06:00:00,2026-04-22 16:00:00,General Medicine,Home,Electrolyte disorder,False
E0003605,P00652,outpatient,2025-04-06 08:00:00,2025-04-06 09:00:00,Endocrinology,Home,Medication review,False
E0003606,P00652,outpatient,2025-04-23 08:00:00,2025-04-23 13:00:00,General Medicine,Home,Medication review,False
E0003607,P00652,emergency,2025-05-10 08:00:00,2025-05-10 15:00:00,Cardiology,Home,Medication review,False
E0003608,P00652,outpatient,2025-06-02 08:00:00,2025-06-02 09:00:00,Pulmonary,Home,Acute symptom visit,False
E0003609,P00652,inpatient,2025-11-04 08:00:00,2025-11-05 12:00:00,Cardiology,Home,Heart failure exacerbation,False
E0003610,P00652,inpatient,2026-02-10 23:00:00,2026-02-13 02:00:00,General Medicine,Home,Sepsis,False
E0003611,P00652,inpatient,2026-04-18 09:00:00,2026-04-21 12:00:00,Pulmonary,Home,Asthma exacerbation,False
E0003612,P00653,outpatient,2024-09-10 08:00:00,2024-09-10 16:00:00,Endocrinology,Home,Medication review,False
E0003613,P00653,outpatient,2024-10-31 08:00:00,2024-10-31 09:00:00,Pulmonary,Home,Follow-up,False
E0003614,P00653,emergency,2024-12-04 08:00:00,2024-12-04 09:00:00,Pulmonary,Home,Follow-up,False
E0003615,P00653,inpatient,2025-03-10 08:00:00,2025-03-12 16:00:00,General Medicine,Home,Electrolyte disorder,False
E0003616,P00654,outpatient,2025-04-04 08:00:00,2025-04-04 12:00:00,General Surgery,Home,Medication review,False
E0003617,P00654,outpatient,2025-06-02 08:00:00,2025-06-02 14:00:00,General Medicine,Home,Acute symptom visit,False
E0003618,P00654,inpatient,2025-10-18 08:00:00,2025-10-22 14:00:00,General Medicine,Home health,Electrolyte disorder,False
E0003619,P00655,outpatient,2024-11-17 08:00:00,2024-11-17 09:00:00,Cardiology,Home,Medication review,False
E0003620,P00655,outpatient,2024-12-14 08:00:00,2024-12-14 12:00:00,General Medicine,Home,Medication review,False
E0003621,P00655,emergency,2024-12-18 08:00:00,2024-12-18 13:00:00,Endocrinology,Home,Acute symptom visit,False
E0003622,P00655,outpatient,2024-12-28 08:00:00,2024-12-28 09:00:00,General Surgery,Home,Follow-up,False
E0003623,P00655,outpatient,2025-01-16 08:00:00,2025-01-16 10:00:00,Cardiology,Home,Medication review,False
E0003624,P00655,emergency,2025-01-30 08:00:00,2025-01-30 13:00:00,General Medicine,Home,Acute symptom visit,False
E0003625,P00655,outpatient,2025-01-30 08:00:00,2025-01-30 11:00:00,Pulmonary,Home,Follow-up,False
E0003626,P00655,inpatient,2025-04-15 08:00:00,2025-04-16 17:00:00,General Medicine,Home,Electrolyte disorder,False
E0003627,P00655,inpatient,2025-07-15 01:00:00,2025-07-19 05:00:00,General Surgery,Transfer to acute care,Abdominal pain,False
E0003628,P00655,inpatient,2025-11-23 09:00:00,2025-11-25 11:00:00,General Medicine,Home,Sepsis,False
E0003629,P00656,outpatient,2024-10-25 08:00:00,2024-10-25 11:00:00,General Medicine,Home,Medication review,False
E0003630,P00656,emergency,2025-01-14 08:00:00,2025-01-14 12:00:00,General Medicine,Home,Medication review,False
E0003631,P00656,emergency,2025-03-07 08:00:00,2025-03-07 11:00:00,Endocrinology,Home,Follow-up,False
E0003632,P00656,outpatient,2025-03-27 08:00:00,2025-03-27 14:00:00,General Medicine,Home,Follow-up,False
E0003633,P00656,inpatient,2025-05-03 08:00:00,2025-05-05 12:00:00,Endocrinology,Home,Diabetes complication,False
E0003634,P00657,outpatient,2025-02-08 08:00:00,2025-02-08 14:00:00,Pulmonary,Home,Medication review,False
E0003635,P00657,outpatient,2025-04-19 08:00:00,2025-04-19 16:00:00,General Surgery,Home,Medication review,False
E0003636,P00657,outpatient,2025-04-21 08:00:00,2025-04-21 13:00:00,Pulmonary,Home,Acute symptom visit,False
E0003637,P00658,emergency,2025-05-31 08:00:00,2025-05-31 14:00:00,General Surgery,Home,Follow-up,False
E0003638,P00658,outpatient,2025-07-22 08:00:00,2025-07-22 14:00:00,Cardiology,Home,Medication review,False
E0003639,P00658,outpatient,2025-07-22 08:00:00,2025-07-22 12:00:00,Cardiology,Home,Follow-up,False
E0003640,P00658,outpatient,2025-08-11 08:00:00,2025-08-11 14:00:00,Cardiology,Home,Medication review,False
E0003641,P00658,inpatient,2025-11-30 08:00:00,2025-12-02 17:00:00,Cardiology,Home health,Heart failure exacerbation,False
E0003642,P00659,outpatient,2024-11-16 08:00:00,2024-11-16 14:00:00,Cardiology,Home,Acute symptom visit,False
E0003643,P00659,emergency,2024-12-10 08:00:00,2024-12-10 13:00:00,General Surgery,Home,Follow-up,False
E0003644,P00659,emergency,2024-12-18 08:00:00,2024-12-18 10:00:00,Cardiology,Home,Follow-up,False
E0003645,P00659,outpatient,2024-12-19 08:00:00,2024-12-19 12:00:00,General Medicine,Home,Acute symptom visit,False
E0003646,P00659,outpatient,2025-03-22 08:00:00,2025-03-22 15:00:00,Cardiology,Home,Medication review,False
E0003647,P00659,inpatient,2025-06-12 08:00:00,2025-06-16 15:00:00,Cardiology,Home,Atrial fibrillation,False
E0003648,P00659,inpatient,2025-08-27 20:00:00,2025-09-03 06:00:00,Cardiology,Home,Atrial fibrillation,False
E0003649,P00660,outpatient,2024-10-15 08:00:00,2024-10-15 16:00:00,General Medicine,Home,Medication review,False
E0003650,P00660,outpatient,2024-10-16 08:00:00,2024-10-16 15:00:00,General Medicine,Home,Medication review,False
E0003651,P00660,outpatient,2024-12-18 08:00:00,2024-12-18 10:00:00,General Medicine,Home,Acute symptom visit,False
E0003652,P00660,emergency,2025-01-08 08:00:00,2025-01-08 10:00:00,Cardiology,Home,Medication review,False
E0003653,P00660,outpatient,2025-02-01 08:00:00,2025-02-01 09:00:00,General Medicine,Home,Medication review,False
E0003654,P00660,emergency,2025-03-04 08:00:00,2025-03-04 14:00:00,General Surgery,Home,Acute symptom visit,False
E0003655,P00660,outpatient,2025-03-16 08:00:00,2025-03-16 15:00:00,Pulmonary,Home,Follow-up,False
E0003656,P00660,inpatient,2025-04-23 08:00:00,2025-04-25 11:00:00,Pulmonary,Home,Pneumonia,False
E0003657,P00661,outpatient,2024-08-06 08:00:00,2024-08-06 12:00:00,Endocrinology,Home,Follow-up,False
E0003658,P00661,emergency,2024-11-18 08:00:00,2024-11-18 14:00:00,Pulmonary,Home,Follow-up,False
E0003659,P00661,outpatient,2024-12-26 08:00:00,2024-12-26 10:00:00,General Medicine,Home,Follow-up,False
E0003660,P00661,inpatient,2025-02-14 08:00:00,2025-02-17 16:00:00,General Surgery,Home,Biliary disease,False
E0003661,P00662,outpatient,2025-04-02 08:00:00,2025-04-02 14:00:00,General Medicine,Home,Acute symptom visit,False
E0003662,P00662,emergency,2025-04-20 08:00:00,2025-04-20 15:00:00,Pulmonary,Home,Follow-up,False
E0003663,P00662,emergency,2025-04-29 08:00:00,2025-04-29 15:00:00,Endocrinology,Home,Acute symptom visit,False
E0003664,P00662,emergency,2025-07-16 08:00:00,2025-07-16 11:00:00,Pulmonary,Home,Medication review,False
E0003665,P00662,emergency,2025-08-14 08:00:00,2025-08-14 12:00:00,Cardiology,Home,Medication review,False
E0003666,P00662,inpatient,2025-09-20 08:00:00,2025-09-25 16:00:00,General Surgery,Home,Abdominal pain,False
E0003667,P00662,inpatient,2026-01-19 16:00:00,2026-01-20 23:00:00,General Surgery,Home,Biliary disease,False
E0003668,P00663,outpatient,2025-02-06 08:00:00,2025-02-06 15:00:00,Endocrinology,Home,Acute symptom visit,False
E0003669,P00663,emergency,2025-04-18 08:00:00,2025-04-18 11:00:00,Endocrinology,Home,Follow-up,False
E0003670,P00663,emergency,2025-04-29 08:00:00,2025-04-29 10:00:00,Endocrinology,Home,Follow-up,False
E0003671,P00663,outpatient,2025-05-02 08:00:00,2025-05-02 13:00:00,Cardiology,Home,Acute symptom visit,False
E0003672,P00663,emergency,2025-06-17 08:00:00,2025-06-17 14:00:00,Pulmonary,Home,Follow-up,False
E0003673,P00663,outpatient,2025-06-26 08:00:00,2025-06-26 12:00:00,General Medicine,Home,Follow-up,False
E0003674,P00663,outpatient,2025-07-11 08:00:00,2025-07-11 15:00:00,Pulmonary,Home,Medication review,False
E0003675,P00663,outpatient,2025-07-16 08:00:00,2025-07-16 16:00:00,General Medicine,Home,Medication review,False
E0003676,P00663,emergency,2025-07-23 08:00:00,2025-07-23 10:00:00,Cardiology,Home,Follow-up,False
E0003677,P00663,inpatient,2025-09-06 08:00:00,2025-09-12 10:00:00,General Medicine,Home,Sepsis,False
E0003678,P00664,emergency,2025-02-10 08:00:00,2025-02-10 09:00:00,Cardiology,Home,Medication review,False
E0003679,P00664,outpatient,2025-05-03 08:00:00,2025-05-03 15:00:00,Cardiology,Home,Acute symptom visit,False
E0003680,P00664,inpatient,2025-07-07 08:00:00,2025-07-09 15:00:00,General Medicine,Home,Syncope,False
E0003681,P00664,inpatient,2025-09-29 15:00:00,2025-10-02 00:00:00,General Medicine,Skilled nursing facility,Electrolyte disorder,False
E0003682,P00665,emergency,2024-10-04 08:00:00,2024-10-04 11:00:00,General Medicine,Home,Medication review,False
E0003683,P00665,emergency,2024-10-22 08:00:00,2024-10-22 16:00:00,Pulmonary,Home,Follow-up,False
E0003684,P00665,emergency,2024-11-21 08:00:00,2024-11-21 16:00:00,Pulmonary,Home,Medication review,False
E0003685,P00665,outpatient,2024-11-28 08:00:00,2024-11-28 15:00:00,Pulmonary,Home,Medication review,False
E0003686,P00665,emergency,2024-12-07 08:00:00,2024-12-07 12:00:00,Endocrinology,Home,Medication review,False
E0003687,P00665,outpatient,2024-12-24 08:00:00,2024-12-24 13:00:00,Pulmonary,Home,Acute symptom visit,False
E0003688,P00665,inpatient,2025-02-10 08:00:00,2025-02-16 16:00:00,Cardiology,Home,Atrial fibrillation,False
E0003689,P00665,inpatient,2025-04-19 01:00:00,2025-04-20 09:00:00,General Medicine,Skilled nursing facility,Syncope,False
E0003690,P00666,outpatient,2024-10-03 08:00:00,2024-10-03 11:00:00,General Surgery,Home,Follow-up,False
E0003691,P00666,outpatient,2024-10-16 08:00:00,2024-10-16 13:00:00,Pulmonary,Home,Acute symptom visit,False
E0003692,P00666,outpatient,2024-11-14 08:00:00,2024-11-14 13:00:00,Cardiology,Home,Follow-up,False
E0003693,P00666,inpatient,2025-02-21 08:00:00,2025-02-23 18:00:00,General Medicine,Home,Electrolyte disorder,False
E0003694,P00666,inpatient,2025-05-08 19:00:00,2025-05-15 02:00:00,Cardiology,Skilled nursing facility,Heart failure exacerbation,False
E0003695,P00667,outpatient,2024-07-20 08:00:00,2024-07-20 11:00:00,General Medicine,Home,Medication review,False
E0003696,P00667,outpatient,2024-08-11 08:00:00,2024-08-11 14:00:00,Endocrinology,Home,Medication review,False
E0003697,P00667,outpatient,2024-11-27 08:00:00,2024-11-27 15:00:00,General Surgery,Home,Acute symptom visit,False
E0003698,P00667,inpatient,2025-01-17 08:00:00,2025-01-18 15:00:00,Pulmonary,Home,Asthma exacerbation,False
E0003699,P00667,inpatient,2025-04-06 22:00:00,2025-04-09 02:00:00,Cardiology,Home,Atrial fibrillation,False
E0003700,P00667,inpatient,2025-07-03 08:00:00,2025-07-04 11:00:00,General Surgery,Home,Abdominal pain,True
E0003701,P00668,outpatient,2024-12-21 08:00:00,2024-12-21 15:00:00,Cardiology,Home,Medication review,False
E0003702,P00668,outpatient,2025-01-25 08:00:00,2025-01-25 15:00:00,Endocrinology,Home,Follow-up,False
E0003703,P00668,outpatient,2025-02-01 08:00:00,2025-02-01 15:00:00,Cardiology,Home,Follow-up,False
E0003704,P00668,outpatient,2025-03-03 08:00:00,2025-03-03 15:00:00,General Medicine,Home,Acute symptom visit,False
E0003705,P00668,outpatient,2025-03-12 08:00:00,2025-03-12 13:00:00,General Medicine,Home,Medication review,False
E0003706,P00668,inpatient,2025-05-12 08:00:00,2025-05-15 15:00:00,Endocrinology,Home health,Hyperglycemia,False
E0003707,P00668,inpatient,2025-08-23 01:00:00,2025-08-25 03:00:00,General Medicine,Home,Cellulitis,False
E0003708,P00668,inpatient,2025-09-12 05:00:00,2025-09-15 14:00:00,Cardiology,Home,Atrial fibrillation,False
E0003709,P00669,outpatient,2025-03-29 08:00:00,2025-03-29 11:00:00,General Medicine,Home,Medication review,False
E0003710,P00669,outpatient,2025-05-05 08:00:00,2025-05-05 14:00:00,Endocrinology,Home,Follow-up,False
E0003711,P00669,inpatient,2025-09-27 08:00:00,2025-10-01 14:00:00,General Medicine,Home,Electrolyte disorder,False
E0003712,P00670,emergency,2025-06-13 08:00:00,2025-06-13 14:00:00,General Surgery,Home,Medication review,False
E0003713,P00670,outpatient,2025-07-05 08:00:00,2025-07-05 09:00:00,Cardiology,Home,Medication review,False
E0003714,P00670,outpatient,2025-07-26 08:00:00,2025-07-26 14:00:00,Endocrinology,Home,Medication review,False
E0003715,P00670,emergency,2025-09-08 08:00:00,2025-09-08 13:00:00,Cardiology,Home,Medication review,False
E0003716,P00670,inpatient,2025-11-07 08:00:00,2025-11-09 11:00:00,General Surgery,Home,Postoperative wound issue,False
E0003717,P00671,outpatient,2025-04-29 08:00:00,2025-04-29 12:00:00,General Surgery,Home,Follow-up,False
E0003718,P00671,outpatient,2025-05-08 08:00:00,2025-05-08 14:00:00,General Medicine,Home,Follow-up,False
E0003719,P00671,outpatient,2025-06-08 08:00:00,2025-06-08 12:00:00,General Medicine,Home,Acute symptom visit,False
E0003720,P00671,inpatient,2025-10-23 08:00:00,2025-10-26 15:00:00,Cardiology,Transfer to acute care,Heart failure exacerbation,False
E0003721,P00672,emergency,2025-02-06 08:00:00,2025-02-06 13:00:00,Endocrinology,Home,Acute symptom visit,False
E0003722,P00672,outpatient,2025-03-09 08:00:00,2025-03-09 12:00:00,General Medicine,Home,Medication review,False
E0003723,P00672,emergency,2025-03-15 08:00:00,2025-03-15 16:00:00,Pulmonary,Home,Medication review,False
E0003724,P00672,inpatient,2025-06-10 08:00:00,2025-06-12 12:00:00,Pulmonary,Home,Pneumonia,False
E0003725,P00672,inpatient,2025-06-30 14:00:00,2025-07-04 19:00:00,Endocrinology,Home,Hypoglycemia,False
E0003726,P00673,outpatient,2025-03-28 08:00:00,2025-03-28 16:00:00,General Surgery,Home,Acute symptom visit,False
E0003727,P00673,outpatient,2025-05-19 08:00:00,2025-05-19 13:00:00,Endocrinology,Home,Follow-up,False
E0003728,P00673,outpatient,2025-05-24 08:00:00,2025-05-24 13:00:00,General Surgery,Home,Medication review,False
E0003729,P00673,outpatient,2025-06-11 08:00:00,2025-06-11 09:00:00,General Surgery,Home,Medication review,False
E0003730,P00673,emergency,2025-08-06 08:00:00,2025-08-06 16:00:00,General Medicine,Home,Medication review,False
E0003731,P00673,emergency,2025-08-22 08:00:00,2025-08-22 13:00:00,General Medicine,Home,Follow-up,False
E0003732,P00673,inpatient,2025-10-18 08:00:00,2025-10-21 18:00:00,Endocrinology,Home,Diabetes complication,False
E0003733,P00673,inpatient,2025-12-28 22:00:00,2026-01-01 03:00:00,General Medicine,Home,Electrolyte disorder,False
E0003734,P00674,outpatient,2024-09-02 08:00:00,2024-09-02 12:00:00,General Medicine,Home,Follow-up,False
E0003735,P00674,outpatient,2024-09-10 08:00:00,2024-09-10 09:00:00,General Medicine,Home,Medication review,False
E0003736,P00674,outpatient,2024-10-12 08:00:00,2024-10-12 12:00:00,General Medicine,Home,Follow-up,False
E0003737,P00674,outpatient,2024-11-06 08:00:00,2024-11-06 12:00:00,Endocrinology,Home,Acute symptom visit,False
E0003738,P00674,outpatient,2024-12-04 08:00:00,2024-12-04 14:00:00,General Medicine,Home,Acute symptom visit,False
E0003739,P00674,inpatient,2025-02-19 08:00:00,2025-02-23 16:00:00,Cardiology,Home,Heart failure exacerbation,False
E0003740,P00674,inpatient,2025-07-17 21:00:00,2025-07-20 23:00:00,Endocrinology,Transfer to acute care,Hyperglycemia,False
E0003741,P00674,inpatient,2025-07-25 01:00:00,2025-07-26 05:00:00,Endocrinology,Home,Hypoglycemia,False
E0003742,P00675,outpatient,2025-03-30 08:00:00,2025-03-30 11:00:00,Endocrinology,Home,Medication review,False
E0003743,P00675,outpatient,2025-04-08 08:00:00,2025-04-08 14:00:00,Pulmonary,Home,Acute symptom visit,False
E0003744,P00675,outpatient,2025-07-05 08:00:00,2025-07-05 11:00:00,General Surgery,Home,Medication review,False
E0003745,P00675,emergency,2025-07-18 08:00:00,2025-07-18 15:00:00,Cardiology,Home,Follow-up,False
E0003746,P00675,inpatient,2025-09-29 08:00:00,2025-10-01 11:00:00,Cardiology,Home,Chest pain,False
E0003747,P00676,outpatient,2025-01-09 08:00:00,2025-01-09 12:00:00,General Surgery,Home,Acute symptom visit,False
E0003748,P00676,outpatient,2025-01-15 08:00:00,2025-01-15 11:00:00,Cardiology,Home,Medication review,False
E0003749,P00676,outpatient,2025-01-29 08:00:00,2025-01-29 10:00:00,General Medicine,Home,Medication review,False
E0003750,P00676,emergency,2025-04-01 08:00:00,2025-04-01 14:00:00,General Surgery,Home,Acute symptom visit,False
E0003751,P00676,outpatient,2025-04-10 08:00:00,2025-04-10 11:00:00,General Surgery,Home,Acute symptom visit,False
E0003752,P00676,emergency,2025-04-18 08:00:00,2025-04-18 13:00:00,Cardiology,Home,Medication review,False
E0003753,P00676,inpatient,2025-08-05 08:00:00,2025-08-10 11:00:00,Endocrinology,Home,Diabetes complication,False
E0003754,P00676,inpatient,2025-11-14 14:00:00,2025-11-18 16:00:00,Pulmonary,Home,COPD exacerbation,False
E0003755,P00677,outpatient,2025-02-11 08:00:00,2025-02-11 16:00:00,General Surgery,Home,Follow-up,False
E0003756,P00677,outpatient,2025-02-12 08:00:00,2025-02-12 11:00:00,General Surgery,Home,Follow-up,False
E0003757,P00677,outpatient,2025-02-18 08:00:00,2025-02-18 12:00:00,Endocrinology,Home,Follow-up,False
E0003758,P00677,emergency,2025-05-02 08:00:00,2025-05-02 13:00:00,Pulmonary,Home,Acute symptom visit,False
E0003759,P00677,emergency,2025-05-11 08:00:00,2025-05-11 11:00:00,Endocrinology,Home,Acute symptom visit,False
E0003760,P00677,inpatient,2025-08-14 08:00:00,2025-08-17 10:00:00,Pulmonary,Expired,Asthma exacerbation,False
E0003761,P00677,inpatient,2025-11-01 20:00:00,2025-11-02 22:00:00,General Medicine,Home,Sepsis,False
E0003762,P00678,outpatient,2025-03-04 08:00:00,2025-03-04 13:00:00,General Medicine,Home,Acute symptom visit,False
E0003763,P00678,outpatient,2025-03-27 08:00:00,2025-03-27 13:00:00,Endocrinology,Home,Medication review,False
E0003764,P00678,emergency,2025-05-04 08:00:00,2025-05-04 16:00:00,General Surgery,Home,Medication review,False
E0003765,P00678,outpatient,2025-07-12 08:00:00,2025-07-12 12:00:00,Endocrinology,Home,Follow-up,False
E0003766,P00678,outpatient,2025-07-23 08:00:00,2025-07-23 13:00:00,Endocrinology,Home,Acute symptom visit,False
E0003767,P00678,inpatient,2025-10-07 08:00:00,2025-10-11 12:00:00,General Medicine,Home health,Syncope,False
E0003768,P00678,inpatient,2026-02-27 18:00:00,2026-02-28 23:00:00,Cardiology,Skilled nursing facility,Atrial fibrillation,False
E0003769,P00679,outpatient,2024-10-27 08:00:00,2024-10-27 15:00:00,Cardiology,Home,Follow-up,False
E0003770,P00679,outpatient,2024-11-03 08:00:00,2024-11-03 16:00:00,General Surgery,Home,Acute symptom visit,False
E0003771,P00679,outpatient,2024-11-13 08:00:00,2024-11-13 10:00:00,Endocrinology,Home,Acute symptom visit,False
E0003772,P00679,emergency,2025-01-03 08:00:00,2025-01-03 15:00:00,General Surgery,Home,Acute symptom visit,False
E0003773,P00679,outpatient,2025-01-08 08:00:00,2025-01-08 12:00:00,General Medicine,Home,Medication review,False
E0003774,P00679,emergency,2025-03-21 08:00:00,2025-03-21 09:00:00,Endocrinology,Home,Medication review,False
E0003775,P00679,outpatient,2025-03-27 08:00:00,2025-03-27 09:00:00,Cardiology,Home,Medication review,False
E0003776,P00679,inpatient,2025-05-11 08:00:00,2025-05-13 14:00:00,General Medicine,Home,Sepsis,False
E0003777,P00679,inpatient,2025-05-26 22:00:00,2025-05-29 05:00:00,General Surgery,Skilled nursing facility,Postoperative wound issue,False
E0003778,P00680,outpatient,2024-10-29 08:00:00,2024-10-29 09:00:00,Endocrinology,Home,Acute symptom visit,False
E0003779,P00680,outpatient,2025-02-18 08:00:00,2025-02-18 16:00:00,General Medicine,Home,Follow-up,False
E0003780,P00680,inpatient,2025-03-30 08:00:00,2025-03-31 11:00:00,Pulmonary,Home,Asthma exacerbation,False
E0003781,P00681,outpatient,2024-09-27 08:00:00,2024-09-27 12:00:00,General Surgery,Home,Follow-up,False
E0003782,P00681,emergency,2024-10-17 08:00:00,2024-10-17 12:00:00,Endocrinology,Home,Medication review,False
E0003783,P00681,outpatient,2024-11-16 08:00:00,2024-11-16 11:00:00,General Surgery,Home,Follow-up,False
E0003784,P00681,emergency,2024-12-08 08:00:00,2024-12-08 15:00:00,General Medicine,Home,Medication review,False
E0003785,P00681,emergency,2025-01-20 08:00:00,2025-01-20 13:00:00,Pulmonary,Home,Follow-up,False
E0003786,P00681,outpatient,2025-01-31 08:00:00,2025-01-31 12:00:00,Pulmonary,Home,Medication review,False
E0003787,P00681,inpatient,2025-03-26 08:00:00,2025-03-31 10:00:00,General Medicine,Home health,Cellulitis,False
E0003788,P00681,inpatient,2025-07-28 12:00:00,2025-08-02 22:00:00,Pulmonary,Transfer to acute care,COPD exacerbation,False
E0003789,P00682,outpatient,2024-07-12 08:00:00,2024-07-12 16:00:00,Cardiology,Home,Acute symptom visit,False
E0003790,P00682,emergency,2024-07-28 08:00:00,2024-07-28 14:00:00,Pulmonary,Home,Medication review,False
E0003791,P00682,emergency,2024-08-05 08:00:00,2024-08-05 12:00:00,General Surgery,Home,Medication review,False
E0003792,P00682,emergency,2024-08-06 08:00:00,2024-08-06 11:00:00,Endocrinology,Home,Follow-up,False
E0003793,P00682,outpatient,2024-08-07 08:00:00,2024-08-07 14:00:00,General Surgery,Home,Acute symptom visit,False
E0003794,P00682,outpatient,2024-09-04 08:00:00,2024-09-04 12:00:00,Pulmonary,Home,Follow-up,False
E0003795,P00682,outpatient,2024-09-21 08:00:00,2024-09-21 13:00:00,Endocrinology,Home,Medication review,False
E0003796,P00682,emergency,2024-10-10 08:00:00,2024-10-10 14:00:00,Pulmonary,Home,Medication review,False
E0003797,P00683,outpatient,2025-03-14 08:00:00,2025-03-14 13:00:00,Endocrinology,Home,Follow-up,False
E0003798,P00683,outpatient,2025-03-30 08:00:00,2025-03-30 10:00:00,Cardiology,Home,Medication review,False
E0003799,P00683,emergency,2025-04-21 08:00:00,2025-04-21 11:00:00,General Surgery,Home,Follow-up,False
E0003800,P00683,outpatient,2025-05-26 08:00:00,2025-05-26 14:00:00,General Medicine,Home,Follow-up,False
E0003801,P00683,emergency,2025-05-29 08:00:00,2025-05-29 16:00:00,General Medicine,Home,Medication review,False
E0003802,P00684,emergency,2024-09-01 08:00:00,2024-09-01 09:00:00,General Medicine,Home,Follow-up,False
E0003803,P00684,outpatient,2024-10-31 08:00:00,2024-10-31 13:00:00,Pulmonary,Home,Follow-up,False
E0003804,P00684,inpatient,2025-02-02 08:00:00,2025-02-05 15:00:00,Endocrinology,Home,Hypoglycemia,False
E0003805,P00685,outpatient,2024-12-19 08:00:00,2024-12-19 16:00:00,General Medicine,Home,Follow-up,False
E0003806,P00685,outpatient,2025-01-10 08:00:00,2025-01-10 10:00:00,General Surgery,Home,Acute symptom visit,False
E0003807,P00685,outpatient,2025-01-29 08:00:00,2025-01-29 14:00:00,Cardiology,Home,Medication review,False
E0003808,P00685,outpatient,2025-03-02 08:00:00,2025-03-02 11:00:00,General Surgery,Home,Acute symptom visit,False
E0003809,P00685,outpatient,2025-03-19 08:00:00,2025-03-19 11:00:00,Cardiology,Home,Acute symptom visit,False
E0003810,P00685,inpatient,2025-05-24 08:00:00,2025-05-28 14:00:00,Endocrinology,Skilled nursing facility,Hyperglycemia,False
E0003811,P00686,emergency,2025-05-10 08:00:00,2025-05-10 14:00:00,Endocrinology,Home,Follow-up,False
E0003812,P00686,outpatient,2025-05-17 08:00:00,2025-05-17 09:00:00,General Surgery,Home,Acute symptom visit,False
E0003813,P00686,outpatient,2025-05-21 08:00:00,2025-05-21 15:00:00,Cardiology,Home,Medication review,False
E0003814,P00686,emergency,2025-05-26 08:00:00,2025-05-26 11:00:00,General Medicine,Home,Follow-up,False
E0003815,P00686,outpatient,2025-05-31 08:00:00,2025-05-31 11:00:00,Cardiology,Home,Medication review,False
E0003816,P00686,emergency,2025-07-16 08:00:00,2025-07-16 12:00:00,Cardiology,Home,Follow-up,False
E0003817,P00687,emergency,2025-01-30 08:00:00,2025-01-30 13:00:00,Pulmonary,Home,Follow-up,False
E0003818,P00687,emergency,2025-02-02 08:00:00,2025-02-02 11:00:00,General Surgery,Home,Follow-up,False
E0003819,P00687,outpatient,2025-03-04 08:00:00,2025-03-04 12:00:00,Endocrinology,Home,Acute symptom visit,False
E0003820,P00687,inpatient,2025-06-01 08:00:00,2025-06-04 15:00:00,Cardiology,Skilled nursing facility,Chest pain,False
E0003821,P00687,inpatient,2025-06-09 17:00:00,2025-06-11 01:00:00,Pulmonary,Home,Asthma exacerbation,False
E0003822,P00688,outpatient,2024-10-15 08:00:00,2024-10-15 12:00:00,General Medicine,Home,Medication review,False
E0003823,P00688,emergency,2024-12-11 08:00:00,2024-12-11 12:00:00,Endocrinology,Home,Follow-up,False
E0003824,P00688,outpatient,2024-12-13 08:00:00,2024-12-13 16:00:00,Cardiology,Home,Follow-up,False
E0003825,P00688,emergency,2024-12-23 08:00:00,2024-12-23 09:00:00,Pulmonary,Home,Acute symptom visit,False
E0003826,P00688,inpatient,2025-04-10 08:00:00,2025-04-12 15:00:00,Endocrinology,Transfer to acute care,Hyperglycemia,False
E0003827,P00688,inpatient,2025-05-07 02:00:00,2025-05-08 12:00:00,General Medicine,Home,Electrolyte disorder,False
E0003828,P00689,outpatient,2025-04-03 08:00:00,2025-04-03 13:00:00,General Surgery,Home,Follow-up,False
E0003829,P00689,inpatient,2025-07-24 08:00:00,2025-07-30 12:00:00,Pulmonary,Home,COPD exacerbation,False
E0003830,P00689,inpatient,2025-09-20 19:00:00,2025-09-26 00:00:00,Pulmonary,Home,Asthma exacerbation,False
E0003831,P00689,inpatient,2025-10-21 08:00:00,2025-10-27 10:00:00,General Surgery,Home,Abdominal pain,False
E0003832,P00690,emergency,2025-02-21 08:00:00,2025-02-21 10:00:00,Endocrinology,Home,Medication review,False
E0003833,P00690,outpatient,2025-04-30 08:00:00,2025-04-30 16:00:00,General Surgery,Home,Acute symptom visit,False
E0003834,P00690,emergency,2025-05-12 08:00:00,2025-05-12 16:00:00,General Surgery,Home,Follow-up,False
E0003835,P00690,outpatient,2025-05-22 08:00:00,2025-05-22 15:00:00,General Surgery,Home,Medication review,False
E0003836,P00690,outpatient,2025-05-25 08:00:00,2025-05-25 14:00:00,General Surgery,Home,Follow-up,False
E0003837,P00690,outpatient,2025-05-29 08:00:00,2025-05-29 12:00:00,Pulmonary,Home,Medication review,False
E0003838,P00690,outpatient,2025-06-09 08:00:00,2025-06-09 14:00:00,Cardiology,Home,Follow-up,False
E0003839,P00690,inpatient,2025-08-06 08:00:00,2025-08-07 16:00:00,General Medicine,Transfer to acute care,Syncope,False
E0003840,P00691,outpatient,2025-02-28 08:00:00,2025-02-28 15:00:00,Cardiology,Home,Follow-up,False
E0003841,P00691,outpatient,2025-04-20 08:00:00,2025-04-20 11:00:00,General Medicine,Home,Follow-up,False
E0003842,P00691,outpatient,2025-05-21 08:00:00,2025-05-21 09:00:00,General Medicine,Home,Follow-up,False
E0003843,P00691,emergency,2025-06-06 08:00:00,2025-06-06 16:00:00,Endocrinology,Home,Medication review,False
E0003844,P00691,outpatient,2025-06-15 08:00:00,2025-06-15 10:00:00,Pulmonary,Home,Follow-up,False
E0003845,P00691,emergency,2025-08-04 08:00:00,2025-08-04 15:00:00,Cardiology,Home,Follow-up,False
E0003846,P00691,inpatient,2025-09-03 08:00:00,2025-09-06 18:00:00,Pulmonary,Home,Pneumonia,False
E0003847,P00692,outpatient,2025-05-03 08:00:00,2025-05-03 11:00:00,Pulmonary,Home,Acute symptom visit,False
E0003848,P00692,outpatient,2025-06-17 08:00:00,2025-06-17 09:00:00,Endocrinology,Home,Follow-up,False
E0003849,P00692,outpatient,2025-06-24 08:00:00,2025-06-24 12:00:00,Cardiology,Home,Follow-up,False
E0003850,P00692,outpatient,2025-06-24 08:00:00,2025-06-24 12:00:00,Pulmonary,Home,Follow-up,False
E0003851,P00692,outpatient,2025-07-22 08:00:00,2025-07-22 14:00:00,Cardiology,Home,Medication review,False
E0003852,P00692,inpatient,2025-10-15 08:00:00,2025-10-16 15:00:00,General Medicine,Home,Syncope,False
E0003853,P00693,outpatient,2024-07-18 08:00:00,2024-07-18 09:00:00,Pulmonary,Home,Acute symptom visit,False
E0003854,P00693,emergency,2024-08-14 08:00:00,2024-08-14 14:00:00,Endocrinology,Home,Follow-up,False
E0003855,P00693,outpatient,2024-08-23 08:00:00,2024-08-23 11:00:00,General Medicine,Home,Medication review,False
E0003856,P00693,outpatient,2024-11-05 08:00:00,2024-11-05 09:00:00,Pulmonary,Home,Follow-up,False
E0003857,P00693,outpatient,2024-11-30 08:00:00,2024-11-30 12:00:00,Cardiology,Home,Medication review,False
E0003858,P00693,emergency,2024-12-11 08:00:00,2024-12-11 14:00:00,General Surgery,Home,Follow-up,False
E0003859,P00693,outpatient,2024-12-15 08:00:00,2024-12-15 10:00:00,General Surgery,Home,Follow-up,False
E0003860,P00693,inpatient,2025-01-19 08:00:00,2025-01-21 14:00:00,Cardiology,Skilled nursing facility,Heart failure exacerbation,False
E0003861,P00694,outpatient,2025-04-10 08:00:00,2025-04-10 13:00:00,General Surgery,Home,Acute symptom visit,False
E0003862,P00694,outpatient,2025-07-06 08:00:00,2025-07-06 16:00:00,Cardiology,Home,Medication review,False
E0003863,P00694,inpatient,2025-09-11 08:00:00,2025-09-15 17:00:00,Endocrinology,Home,Diabetes complication,False
E0003864,P00694,inpatient,2026-01-04 18:00:00,2026-01-05 20:00:00,General Medicine,Home,Sepsis,False
E0003865,P00694,inpatient,2026-01-21 08:00:00,2026-01-25 12:00:00,General Medicine,Home health,Syncope,False
E0003866,P00695,emergency,2024-09-04 08:00:00,2024-09-04 12:00:00,Cardiology,Home,Medication review,False
E0003867,P00695,outpatient,2024-12-23 08:00:00,2024-12-23 13:00:00,General Surgery,Home,Acute symptom visit,False
E0003868,P00695,emergency,2025-01-17 08:00:00,2025-01-17 13:00:00,General Surgery,Home,Acute symptom visit,False
E0003869,P00695,inpatient,2025-03-08 08:00:00,2025-03-11 12:00:00,General Medicine,Home,Electrolyte disorder,False
E0003870,P00695,inpatient,2025-03-25 14:00:00,2025-03-30 17:00:00,Endocrinology,Home,Diabetes complication,False
E0003871,P00696,outpatient,2025-03-20 08:00:00,2025-03-20 09:00:00,General Surgery,Home,Follow-up,False
E0003872,P00696,outpatient,2025-05-06 08:00:00,2025-05-06 13:00:00,General Medicine,Home,Medication review,False
E0003873,P00696,outpatient,2025-05-30 08:00:00,2025-05-30 11:00:00,Endocrinology,Home,Medication review,False
E0003874,P00696,outpatient,2025-07-02 08:00:00,2025-07-02 10:00:00,General Medicine,Home,Follow-up,False
E0003875,P00696,outpatient,2025-07-17 08:00:00,2025-07-17 10:00:00,General Medicine,Home,Follow-up,False
E0003876,P00696,inpatient,2025-08-05 08:00:00,2025-08-08 11:00:00,Pulmonary,Home,Asthma exacerbation,False
E0003877,P00697,outpatient,2024-09-16 08:00:00,2024-09-16 09:00:00,Cardiology,Home,Medication review,False
E0003878,P00697,outpatient,2024-10-18 08:00:00,2024-10-18 09:00:00,Pulmonary,Home,Medication review,False
E0003879,P00697,outpatient,2024-12-26 08:00:00,2024-12-26 15:00:00,General Medicine,Home,Acute symptom visit,False
E0003880,P00697,outpatient,2025-01-02 08:00:00,2025-01-02 14:00:00,Endocrinology,Home,Follow-up,False
E0003881,P00697,emergency,2025-01-20 08:00:00,2025-01-20 13:00:00,Endocrinology,Home,Acute symptom visit,False
E0003882,P00697,outpatient,2025-02-22 08:00:00,2025-02-22 14:00:00,Cardiology,Home,Follow-up,False
E0003883,P00697,inpatient,2025-04-06 08:00:00,2025-04-08 14:00:00,Cardiology,Home,Heart failure exacerbation,False
E0003884,P00698,emergency,2025-03-10 08:00:00,2025-03-10 14:00:00,General Surgery,Home,Follow-up,False
E0003885,P00698,outpatient,2025-04-15 08:00:00,2025-04-15 11:00:00,Cardiology,Home,Acute symptom visit,False
E0003886,P00698,emergency,2025-06-18 08:00:00,2025-06-18 11:00:00,Cardiology,Home,Follow-up,False
E0003887,P00698,inpatient,2025-09-09 08:00:00,2025-09-14 18:00:00,Endocrinology,Skilled nursing facility,Diabetes complication,False
E0003888,P00698,inpatient,2025-11-20 21:00:00,2025-11-24 02:00:00,General Medicine,Transfer to acute care,Sepsis,False
E0003889,P00699,outpatient,2024-12-01 08:00:00,2024-12-01 13:00:00,Pulmonary,Home,Follow-up,False
E0003890,P00699,emergency,2025-03-01 08:00:00,2025-03-01 16:00:00,Pulmonary,Home,Acute symptom visit,False
E0003891,P00699,inpatient,2025-04-05 08:00:00,2025-04-07 16:00:00,General Surgery,Home,Biliary disease,False
E0003892,P00700,outpatient,2024-09-27 08:00:00,2024-09-27 10:00:00,General Medicine,Home,Follow-up,False
E0003893,P00700,emergency,2024-09-30 08:00:00,2024-09-30 10:00:00,General Surgery,Home,Follow-up,False
E0003894,P00700,outpatient,2024-09-30 08:00:00,2024-09-30 11:00:00,General Medicine,Home,Medication review,False
E0003895,P00700,outpatient,2024-11-01 08:00:00,2024-11-01 10:00:00,Endocrinology,Home,Acute symptom visit,False
E0003896,P00700,emergency,2024-12-18 08:00:00,2024-12-18 16:00:00,Endocrinology,Home,Medication review,False
E0003897,P00700,outpatient,2025-01-28 08:00:00,2025-01-28 11:00:00,General Surgery,Home,Follow-up,False
E0003898,P00700,outpatient,2025-02-01 08:00:00,2025-02-01 10:00:00,General Surgery,Home,Medication review,False
E0003899,P00700,emergency,2025-02-18 08:00:00,2025-02-18 10:00:00,General Medicine,Home,Acute symptom visit,False
E0003900,P00700,inpatient,2025-03-24 08:00:00,2025-03-31 10:00:00,General Medicine,Home health,Electrolyte disorder,False
E0003901,P00701,emergency,2025-04-17 08:00:00,2025-04-17 16:00:00,Pulmonary,Home,Follow-up,False
E0003902,P00701,outpatient,2025-04-22 08:00:00,2025-04-22 14:00:00,Pulmonary,Home,Follow-up,False
E0003903,P00701,outpatient,2025-04-25 08:00:00,2025-04-25 15:00:00,Pulmonary,Home,Medication review,False
E0003904,P00701,outpatient,2025-07-17 08:00:00,2025-07-17 10:00:00,Pulmonary,Home,Follow-up,False
E0003905,P00701,outpatient,2025-07-29 08:00:00,2025-07-29 14:00:00,Endocrinology,Home,Medication review,False
E0003906,P00701,inpatient,2025-10-02 08:00:00,2025-10-05 11:00:00,General Surgery,Home,Abdominal pain,False
E0003907,P00701,inpatient,2025-12-13 20:00:00,2025-12-15 05:00:00,Endocrinology,Home health,Diabetes complication,False
E0003908,P00702,emergency,2025-06-17 08:00:00,2025-06-17 09:00:00,General Surgery,Home,Follow-up,False
E0003909,P00702,outpatient,2025-08-03 08:00:00,2025-08-03 15:00:00,Pulmonary,Home,Follow-up,False
E0003910,P00702,outpatient,2025-08-17 08:00:00,2025-08-17 12:00:00,Pulmonary,Home,Medication review,False
E0003911,P00702,outpatient,2025-08-23 08:00:00,2025-08-23 10:00:00,General Surgery,Home,Medication review,False
E0003912,P00702,inpatient,2025-11-28 08:00:00,2025-12-02 10:00:00,General Surgery,Transfer to acute care,Postoperative wound issue,False
E0003913,P00702,inpatient,2026-03-31 14:00:00,2026-04-03 22:00:00,Cardiology,Home,Chest pain,False
E0003914,P00703,outpatient,2025-01-19 08:00:00,2025-01-19 11:00:00,Cardiology,Home,Medication review,False
E0003915,P00703,outpatient,2025-01-22 08:00:00,2025-01-22 13:00:00,General Surgery,Home,Acute symptom visit,False
E0003916,P00703,emergency,2025-04-04 08:00:00,2025-04-04 13:00:00,Endocrinology,Home,Follow-up,False
E0003917,P00703,outpatient,2025-04-14 08:00:00,2025-04-14 15:00:00,Pulmonary,Home,Acute symptom visit,False
E0003918,P00703,outpatient,2025-05-31 08:00:00,2025-05-31 16:00:00,Pulmonary,Home,Follow-up,False
E0003919,P00703,emergency,2025-06-27 08:00:00,2025-06-27 15:00:00,General Medicine,Home,Follow-up,False
E0003920,P00704,outpatient,2025-04-14 08:00:00,2025-04-14 13:00:00,Cardiology,Home,Acute symptom visit,False
E0003921,P00704,emergency,2025-04-29 08:00:00,2025-04-29 09:00:00,Endocrinology,Home,Medication review,False
E0003922,P00704,outpatient,2025-05-10 08:00:00,2025-05-10 14:00:00,General Surgery,Home,Acute symptom visit,False
E0003923,P00704,outpatient,2025-06-02 08:00:00,2025-06-02 09:00:00,General Medicine,Home,Medication review,False
E0003924,P00704,outpatient,2025-06-16 08:00:00,2025-06-16 09:00:00,Endocrinology,Home,Acute symptom visit,False
E0003925,P00704,emergency,2025-09-20 08:00:00,2025-09-20 10:00:00,Endocrinology,Home,Follow-up,False
E0003926,P00704,inpatient,2025-09-24 08:00:00,2025-09-25 12:00:00,General Surgery,Home,Postoperative wound issue,False
E0003927,P00704,inpatient,2026-02-11 18:00:00,2026-02-15 01:00:00,General Surgery,Home,Abdominal pain,False
E0003928,P00705,emergency,2025-03-14 08:00:00,2025-03-14 12:00:00,Pulmonary,Home,Follow-up,False
E0003929,P00705,outpatient,2025-03-28 08:00:00,2025-03-28 14:00:00,General Surgery,Home,Follow-up,False
E0003930,P00705,emergency,2025-07-20 08:00:00,2025-07-20 16:00:00,General Surgery,Home,Medication review,False
E0003931,P00705,inpatient,2025-09-02 08:00:00,2025-09-06 16:00:00,Pulmonary,Home,Pneumonia,False
E0003932,P00706,emergency,2024-08-28 08:00:00,2024-08-28 12:00:00,Pulmonary,Home,Medication review,False
E0003933,P00706,emergency,2024-10-08 08:00:00,2024-10-08 14:00:00,Pulmonary,Home,Medication review,False
E0003934,P00706,outpatient,2024-10-15 08:00:00,2024-10-15 16:00:00,General Surgery,Home,Acute symptom visit,False
E0003935,P00706,outpatient,2024-10-20 08:00:00,2024-10-20 14:00:00,General Surgery,Home,Medication review,False
E0003936,P00706,outpatient,2024-11-02 08:00:00,2024-11-02 14:00:00,Pulmonary,Home,Medication review,False
E0003937,P00706,outpatient,2024-11-12 08:00:00,2024-11-12 09:00:00,General Medicine,Home,Medication review,False
E0003938,P00706,emergency,2024-11-15 08:00:00,2024-11-15 13:00:00,Endocrinology,Home,Medication review,False
E0003939,P00706,emergency,2024-12-11 08:00:00,2024-12-11 13:00:00,General Surgery,Home,Acute symptom visit,False
E0003940,P00706,outpatient,2024-12-28 08:00:00,2024-12-28 09:00:00,General Medicine,Home,Follow-up,False
E0003941,P00706,inpatient,2025-02-05 08:00:00,2025-02-10 18:00:00,General Surgery,Home,Postoperative wound issue,False
E0003942,P00706,inpatient,2025-05-12 05:00:00,2025-05-13 09:00:00,Endocrinology,Home,Diabetes complication,False
E0003943,P00707,outpatient,2024-10-31 08:00:00,2024-10-31 09:00:00,General Surgery,Home,Acute symptom visit,False
E0003944,P00707,outpatient,2024-11-10 08:00:00,2024-11-10 12:00:00,Pulmonary,Home,Follow-up,False
E0003945,P00707,outpatient,2024-12-30 08:00:00,2024-12-30 12:00:00,Endocrinology,Home,Follow-up,False
E0003946,P00707,outpatient,2025-01-22 08:00:00,2025-01-22 12:00:00,General Medicine,Home,Acute symptom visit,False
E0003947,P00707,outpatient,2025-02-06 08:00:00,2025-02-06 10:00:00,Pulmonary,Home,Follow-up,False
E0003948,P00708,outpatient,2025-05-16 08:00:00,2025-05-16 10:00:00,General Surgery,Home,Follow-up,False
E0003949,P00708,outpatient,2025-06-24 08:00:00,2025-06-24 14:00:00,Pulmonary,Home,Follow-up,False
E0003950,P00708,outpatient,2025-07-05 08:00:00,2025-07-05 12:00:00,General Surgery,Home,Follow-up,False
E0003951,P00708,outpatient,2025-07-31 08:00:00,2025-07-31 14:00:00,General Surgery,Home,Acute symptom visit,False
E0003952,P00708,inpatient,2025-10-24 08:00:00,2025-10-27 15:00:00,General Surgery,Home,Abdominal pain,False
E0003953,P00709,outpatient,2025-03-25 08:00:00,2025-03-25 12:00:00,Cardiology,Home,Medication review,False
E0003954,P00709,outpatient,2025-04-02 08:00:00,2025-04-02 12:00:00,Pulmonary,Home,Acute symptom visit,False
E0003955,P00709,outpatient,2025-04-30 08:00:00,2025-04-30 12:00:00,Endocrinology,Home,Follow-up,False
E0003956,P00709,outpatient,2025-06-19 08:00:00,2025-06-19 10:00:00,Cardiology,Home,Follow-up,False
E0003957,P00709,outpatient,2025-07-14 08:00:00,2025-07-14 10:00:00,Endocrinology,Home,Acute symptom visit,False
E0003958,P00709,inpatient,2025-10-06 08:00:00,2025-10-09 18:00:00,General Medicine,Skilled nursing facility,Sepsis,False
E0003959,P00710,outpatient,2024-12-17 08:00:00,2024-12-17 10:00:00,Cardiology,Home,Follow-up,False
E0003960,P00710,emergency,2025-03-05 08:00:00,2025-03-05 11:00:00,Pulmonary,Home,Acute symptom visit,False
E0003961,P00710,inpatient,2025-07-08 08:00:00,2025-07-10 17:00:00,Endocrinology,Home,Diabetes complication,False
E0003962,P00710,inpatient,2025-07-20 19:00:00,2025-07-22 01:00:00,General Surgery,Home,Postoperative wound issue,False
E0003963,P00711,outpatient,2025-04-05 08:00:00,2025-04-05 15:00:00,Pulmonary,Home,Acute symptom visit,False
E0003964,P00711,outpatient,2025-05-29 08:00:00,2025-05-29 13:00:00,Endocrinology,Home,Medication review,False
E0003965,P00711,inpatient,2025-08-25 08:00:00,2025-08-27 12:00:00,General Medicine,Home health,Syncope,False
E0003966,P00711,inpatient,2026-01-19 22:00:00,2026-01-25 08:00:00,Cardiology,Skilled nursing facility,Chest pain,False
E0003967,P00711,inpatient,2026-03-13 15:00:00,2026-03-16 19:00:00,General Medicine,Home,Electrolyte disorder,False
E0003968,P00712,outpatient,2025-08-09 08:00:00,2025-08-09 14:00:00,General Medicine,Home,Acute symptom visit,False
E0003969,P00712,outpatient,2025-08-12 08:00:00,2025-08-12 16:00:00,General Medicine,Home,Acute symptom visit,False
E0003970,P00712,emergency,2025-08-16 08:00:00,2025-08-16 12:00:00,General Medicine,Home,Acute symptom visit,False
E0003971,P00712,inpatient,2025-12-01 08:00:00,2025-12-03 11:00:00,General Medicine,Home health,Cellulitis,False
E0003972,P00712,inpatient,2025-12-18 12:00:00,2025-12-21 19:00:00,Cardiology,Home,Heart failure exacerbation,False
E0003973,P00712,inpatient,2026-01-03 23:00:00,2026-01-10 04:00:00,Pulmonary,Home,Pneumonia,False
E0003974,P00713,outpatient,2024-10-19 08:00:00,2024-10-19 10:00:00,General Surgery,Home,Medication review,False
E0003975,P00713,outpatient,2024-12-23 08:00:00,2024-12-23 09:00:00,General Medicine,Home,Medication review,False
E0003976,P00713,outpatient,2025-01-19 08:00:00,2025-01-19 15:00:00,Pulmonary,Home,Acute symptom visit,False
E0003977,P00713,outpatient,2025-02-26 08:00:00,2025-02-26 11:00:00,Pulmonary,Home,Medication review,False
E0003978,P00713,inpatient,2025-05-12 08:00:00,2025-05-14 17:00:00,General Medicine,Home health,Electrolyte disorder,False
E0003979,P00714,emergency,2025-02-16 08:00:00,2025-02-16 10:00:00,General Medicine,Home,Medication review,False
E0003980,P00714,outpatient,2025-03-11 08:00:00,2025-03-11 12:00:00,General Surgery,Home,Medication review,False
E0003981,P00714,inpatient,2025-08-05 08:00:00,2025-08-10 11:00:00,General Medicine,Skilled nursing facility,Cellulitis,False
E0003982,P00714,inpatient,2025-10-27 13:00:00,2025-10-29 23:00:00,General Medicine,Skilled nursing facility,Syncope,False
E0003983,P00714,inpatient,2025-12-19 11:00:00,2025-12-20 21:00:00,General Medicine,Home,Cellulitis,False
E0003984,P00715,outpatient,2024-11-16 08:00:00,2024-11-16 16:00:00,Pulmonary,Home,Medication review,False
E0003985,P00715,outpatient,2024-12-20 08:00:00,2024-12-20 09:00:00,Cardiology,Home,Acute symptom visit,False
E0003986,P00715,inpatient,2025-01-31 08:00:00,2025-02-03 12:00:00,General Surgery,Home health,Abdominal pain,False
E0003987,P00715,inpatient,2025-04-30 20:00:00,2025-05-01 22:00:00,General Medicine,Home,Syncope,False
E0003988,P00716,outpatient,2024-12-02 08:00:00,2024-12-02 10:00:00,General Surgery,Home,Follow-up,False
E0003989,P00716,emergency,2025-01-19 08:00:00,2025-01-19 12:00:00,General Medicine,Home,Follow-up,False
E0003990,P00716,emergency,2025-01-19 08:00:00,2025-01-19 13:00:00,General Surgery,Home,Medication review,False
E0003991,P00716,outpatient,2025-01-23 08:00:00,2025-01-23 10:00:00,Endocrinology,Home,Follow-up,False
E0003992,P00716,emergency,2025-02-08 08:00:00,2025-02-08 11:00:00,Endocrinology,Home,Follow-up,False
E0003993,P00716,outpatient,2025-03-24 08:00:00,2025-03-24 15:00:00,Pulmonary,Home,Acute symptom visit,False
E0003994,P00716,outpatient,2025-04-14 08:00:00,2025-04-14 14:00:00,Cardiology,Home,Follow-up,False
E0003995,P00716,emergency,2025-05-10 08:00:00,2025-05-10 09:00:00,General Medicine,Home,Follow-up,False
E0003996,P00716,inpatient,2025-05-25 08:00:00,2025-05-28 15:00:00,General Surgery,Home,Abdominal pain,False
E0003997,P00716,inpatient,2025-09-05 03:00:00,2025-09-09 08:00:00,Cardiology,Home,Atrial fibrillation,False
E0003998,P00717,outpatient,2024-12-15 08:00:00,2024-12-15 15:00:00,General Surgery,Home,Acute symptom visit,False
E0003999,P00717,outpatient,2024-12-22 08:00:00,2024-12-22 11:00:00,General Surgery,Home,Follow-up,False
E0004000,P00717,outpatient,2025-01-05 08:00:00,2025-01-05 15:00:00,Pulmonary,Home,Acute symptom visit,False
E0004001,P00717,emergency,2025-02-28 08:00:00,2025-02-28 09:00:00,Cardiology,Home,Medication review,False
E0004002,P00717,emergency,2025-03-09 08:00:00,2025-03-09 15:00:00,Pulmonary,Home,Follow-up,False
E0004003,P00717,inpatient,2025-04-12 08:00:00,2025-04-15 13:00:00,Pulmonary,Home,Asthma exacerbation,False
E0004004,P00718,outpatient,2024-10-05 08:00:00,2024-10-05 09:00:00,General Medicine,Home,Medication review,False
E0004005,P00718,outpatient,2024-12-13 08:00:00,2024-12-13 14:00:00,General Surgery,Home,Medication review,False
E0004006,P00718,inpatient,2025-01-19 08:00:00,2025-01-23 13:00:00,Pulmonary,Home,COPD exacerbation,False
E0004007,P00719,outpatient,2024-09-07 08:00:00,2024-09-07 16:00:00,Cardiology,Home,Follow-up,False
E0004008,P00719,emergency,2024-10-08 08:00:00,2024-10-08 14:00:00,Endocrinology,Home,Medication review,False
E0004009,P00719,emergency,2024-10-11 08:00:00,2024-10-11 13:00:00,General Medicine,Home,Acute symptom visit,False
E0004010,P00719,inpatient,2025-03-11 08:00:00,2025-03-14 15:00:00,General Medicine,Home,Sepsis,False
E0004011,P00719,inpatient,2025-05-18 01:00:00,2025-05-21 07:00:00,Pulmonary,Home,COPD exacerbation,False
E0004012,P00719,inpatient,2025-09-23 11:00:00,2025-09-27 16:00:00,Cardiology,Home,Chest pain,False
E0004013,P00720,outpatient,2025-02-17 08:00:00,2025-02-17 15:00:00,Endocrinology,Home,Acute symptom visit,False
E0004014,P00720,outpatient,2025-04-28 08:00:00,2025-04-28 15:00:00,Endocrinology,Home,Follow-up,False
E0004015,P00720,outpatient,2025-05-05 08:00:00,2025-05-05 16:00:00,General Surgery,Home,Follow-up,False
E0004016,P00720,emergency,2025-06-06 08:00:00,2025-06-06 11:00:00,Pulmonary,Home,Medication review,False
E0004017,P00720,emergency,2025-07-17 08:00:00,2025-07-17 13:00:00,Pulmonary,Home,Follow-up,False
E0004018,P00720,inpatient,2025-09-01 08:00:00,2025-09-04 13:00:00,Pulmonary,Home,Pneumonia,False
E0004019,P00720,inpatient,2025-09-28 18:00:00,2025-10-01 04:00:00,General Medicine,Home health,Cellulitis,False
E0004020,P00721,emergency,2024-10-19 08:00:00,2024-10-19 11:00:00,General Surgery,Home,Follow-up,False
E0004021,P00721,outpatient,2024-12-01 08:00:00,2024-12-01 11:00:00,General Surgery,Home,Medication review,False
E0004022,P00721,emergency,2025-03-20 08:00:00,2025-03-20 16:00:00,General Surgery,Home,Acute symptom visit,False
E0004023,P00722,outpatient,2024-09-27 08:00:00,2024-09-27 11:00:00,General Surgery,Home,Medication review,False
E0004024,P00722,outpatient,2024-10-28 08:00:00,2024-10-28 12:00:00,General Surgery,Home,Medication review,False
E0004025,P00722,emergency,2024-11-16 08:00:00,2024-11-16 14:00:00,Cardiology,Home,Follow-up,False
E0004026,P00722,outpatient,2024-12-19 08:00:00,2024-12-19 11:00:00,Cardiology,Home,Acute symptom visit,False
E0004027,P00722,emergency,2025-02-03 08:00:00,2025-02-03 15:00:00,General Medicine,Home,Follow-up,False
E0004028,P00722,inpatient,2025-04-29 08:00:00,2025-04-30 11:00:00,Cardiology,Home,Heart failure exacerbation,False
E0004029,P00722,inpatient,2025-06-29 16:00:00,2025-07-02 01:00:00,Pulmonary,Home,COPD exacerbation,False
E0004030,P00723,emergency,2025-04-05 08:00:00,2025-04-05 14:00:00,General Medicine,Home,Medication review,False
E0004031,P00723,outpatient,2025-04-16 08:00:00,2025-04-16 11:00:00,General Surgery,Home,Acute symptom visit,False
E0004032,P00724,outpatient,2024-09-03 08:00:00,2024-09-03 16:00:00,General Medicine,Home,Follow-up,False
E0004033,P00724,outpatient,2024-09-25 08:00:00,2024-09-25 09:00:00,General Medicine,Home,Medication review,False
E0004034,P00724,emergency,2024-10-21 08:00:00,2024-10-21 12:00:00,Cardiology,Home,Follow-up,False
E0004035,P00724,outpatient,2024-10-26 08:00:00,2024-10-26 09:00:00,Pulmonary,Home,Follow-up,False
E0004036,P00724,emergency,2025-01-30 08:00:00,2025-01-30 12:00:00,General Medicine,Home,Medication review,False
E0004037,P00724,inpatient,2025-02-18 08:00:00,2025-02-20 12:00:00,Cardiology,Home,Heart failure exacerbation,False
E0004038,P00725,outpatient,2024-12-12 08:00:00,2024-12-12 11:00:00,General Surgery,Home,Follow-up,False
E0004039,P00725,outpatient,2025-01-15 08:00:00,2025-01-15 13:00:00,Pulmonary,Home,Follow-up,False
E0004040,P00725,outpatient,2025-03-15 08:00:00,2025-03-15 15:00:00,Pulmonary,Home,Follow-up,False
E0004041,P00725,inpatient,2025-06-21 08:00:00,2025-06-24 15:00:00,General Medicine,Home,Cellulitis,False
E0004042,P00725,inpatient,2025-11-02 19:00:00,2025-11-04 00:00:00,Endocrinology,Transfer to acute care,Hypoglycemia,False
E0004043,P00726,outpatient,2024-12-09 08:00:00,2024-12-09 15:00:00,Cardiology,Home,Medication review,False
E0004044,P00726,outpatient,2025-01-15 08:00:00,2025-01-15 12:00:00,General Medicine,Home,Acute symptom visit,False
E0004045,P00726,outpatient,2025-03-01 08:00:00,2025-03-01 09:00:00,General Medicine,Home,Follow-up,False
E0004046,P00726,outpatient,2025-03-23 08:00:00,2025-03-23 12:00:00,Endocrinology,Home,Acute symptom visit,False
E0004047,P00726,outpatient,2025-03-23 08:00:00,2025-03-23 14:00:00,Endocrinology,Home,Medication review,False
E0004048,P00726,inpatient,2025-06-09 08:00:00,2025-06-10 18:00:00,Endocrinology,Home,Diabetes complication,False
E0004049,P00726,inpatient,2025-10-04 04:00:00,2025-10-09 09:00:00,Cardiology,Home health,Atrial fibrillation,False
E0004050,P00726,inpatient,2025-10-31 15:00:00,2025-11-04 23:00:00,General Medicine,Home,Electrolyte disorder,False
E0004051,P00727,outpatient,2025-02-11 08:00:00,2025-02-11 16:00:00,Endocrinology,Home,Follow-up,False
E0004052,P00727,emergency,2025-05-17 08:00:00,2025-05-17 11:00:00,Pulmonary,Home,Acute symptom visit,False
E0004053,P00727,emergency,2025-05-21 08:00:00,2025-05-21 12:00:00,General Medicine,Home,Acute symptom visit,False
E0004054,P00727,inpatient,2025-06-26 08:00:00,2025-07-01 18:00:00,Pulmonary,Home,COPD exacerbation,False
E0004055,P00727,inpatient,2025-07-23 00:00:00,2025-07-28 05:00:00,General Medicine,Transfer to acute care,Syncope,False
E0004056,P00728,outpatient,2024-11-09 08:00:00,2024-11-09 09:00:00,General Surgery,Home,Follow-up,False
E0004057,P00728,outpatient,2025-01-28 08:00:00,2025-01-28 14:00:00,Pulmonary,Home,Follow-up,False
E0004058,P00728,emergency,2025-02-26 08:00:00,2025-02-26 13:00:00,General Medicine,Home,Acute symptom visit,False
E0004059,P00728,outpatient,2025-04-03 08:00:00,2025-04-03 13:00:00,Pulmonary,Home,Medication review,False
E0004060,P00728,inpatient,2025-05-13 08:00:00,2025-05-17 13:00:00,General Medicine,Home,Syncope,False
E0004061,P00729,emergency,2025-04-15 08:00:00,2025-04-15 15:00:00,General Surgery,Home,Medication review,False
E0004062,P00729,outpatient,2025-04-19 08:00:00,2025-04-19 14:00:00,General Surgery,Home,Acute symptom visit,False
E0004063,P00729,outpatient,2025-05-02 08:00:00,2025-05-02 12:00:00,Cardiology,Home,Medication review,False
E0004064,P00729,outpatient,2025-05-07 08:00:00,2025-05-07 09:00:00,General Medicine,Home,Acute symptom visit,False
E0004065,P00729,emergency,2025-05-21 08:00:00,2025-05-21 12:00:00,Cardiology,Home,Acute symptom visit,False
E0004066,P00729,emergency,2025-05-22 08:00:00,2025-05-22 09:00:00,Pulmonary,Home,Acute symptom visit,False
E0004067,P00729,outpatient,2025-07-02 08:00:00,2025-07-02 12:00:00,Pulmonary,Home,Medication review,False
E0004068,P00729,outpatient,2025-07-31 08:00:00,2025-07-31 10:00:00,Pulmonary,Home,Medication review,False
E0004069,P00729,emergency,2025-09-09 08:00:00,2025-09-09 15:00:00,Cardiology,Home,Acute symptom visit,False
E0004070,P00729,inpatient,2025-09-28 08:00:00,2025-10-02 18:00:00,General Medicine,Home health,Syncope,False
E0004071,P00730,outpatient,2024-12-20 08:00:00,2024-12-20 16:00:00,General Surgery,Home,Medication review,False
E0004072,P00730,outpatient,2025-02-28 08:00:00,2025-02-28 09:00:00,Cardiology,Home,Follow-up,False
E0004073,P00730,emergency,2025-05-12 08:00:00,2025-05-12 16:00:00,Endocrinology,Home,Medication review,False
E0004074,P00731,outpatient,2024-08-02 08:00:00,2024-08-02 14:00:00,General Surgery,Home,Medication review,False
E0004075,P00731,outpatient,2024-08-19 08:00:00,2024-08-19 10:00:00,Pulmonary,Home,Medication review,False
E0004076,P00731,emergency,2024-09-29 08:00:00,2024-09-29 12:00:00,Endocrinology,Home,Medication review,False
E0004077,P00731,outpatient,2024-11-28 08:00:00,2024-11-28 10:00:00,Pulmonary,Home,Medication review,False
E0004078,P00731,outpatient,2024-11-29 08:00:00,2024-11-29 12:00:00,Cardiology,Home,Acute symptom visit,False
E0004079,P00731,emergency,2024-12-02 08:00:00,2024-12-02 14:00:00,General Surgery,Home,Acute symptom visit,False
E0004080,P00731,emergency,2024-12-06 08:00:00,2024-12-06 11:00:00,Pulmonary,Home,Follow-up,False
E0004081,P00731,inpatient,2025-02-05 08:00:00,2025-02-08 18:00:00,General Medicine,Home,Sepsis,False
E0004082,P00732,outpatient,2024-10-20 08:00:00,2024-10-20 09:00:00,General Medicine,Home,Medication review,False
E0004083,P00732,emergency,2024-11-14 08:00:00,2024-11-14 14:00:00,Pulmonary,Home,Acute symptom visit,False
E0004084,P00732,outpatient,2024-12-10 08:00:00,2024-12-10 12:00:00,Pulmonary,Home,Medication review,False
E0004085,P00732,emergency,2025-01-16 08:00:00,2025-01-16 16:00:00,Pulmonary,Home,Follow-up,False
E0004086,P00732,emergency,2025-01-23 08:00:00,2025-01-23 15:00:00,General Surgery,Home,Follow-up,False
E0004087,P00732,emergency,2025-01-31 08:00:00,2025-01-31 13:00:00,General Medicine,Home,Follow-up,False
E0004088,P00732,inpatient,2025-03-09 08:00:00,2025-03-11 16:00:00,Endocrinology,Skilled nursing facility,Diabetes complication,False
E0004089,P00733,emergency,2024-09-14 08:00:00,2024-09-14 12:00:00,Cardiology,Home,Acute symptom visit,False
E0004090,P00733,emergency,2024-10-23 08:00:00,2024-10-23 15:00:00,Pulmonary,Home,Medication review,False
E0004091,P00733,outpatient,2024-12-16 08:00:00,2024-12-16 11:00:00,Cardiology,Home,Acute symptom visit,False
E0004092,P00733,inpatient,2025-04-04 08:00:00,2025-04-08 17:00:00,General Medicine,Home health,Syncope,False
E0004093,P00734,outpatient,2025-02-06 08:00:00,2025-02-06 09:00:00,General Surgery,Home,Follow-up,False
E0004094,P00734,outpatient,2025-02-22 08:00:00,2025-02-22 15:00:00,Pulmonary,Home,Medication review,False
E0004095,P00734,outpatient,2025-04-11 08:00:00,2025-04-11 16:00:00,Pulmonary,Home,Medication review,False
E0004096,P00734,outpatient,2025-05-12 08:00:00,2025-05-12 10:00:00,Cardiology,Home,Follow-up,False
E0004097,P00734,inpatient,2025-08-04 08:00:00,2025-08-08 15:00:00,Endocrinology,Home,Diabetes complication,False
E0004098,P00734,inpatient,2026-01-02 19:00:00,2026-01-07 00:00:00,Pulmonary,Transfer to acute care,Pneumonia,False
E0004099,P00735,outpatient,2024-10-31 08:00:00,2024-10-31 10:00:00,Endocrinology,Home,Follow-up,False
E0004100,P00735,outpatient,2024-11-24 08:00:00,2024-11-24 10:00:00,Endocrinology,Home,Medication review,False
E0004101,P00735,outpatient,2024-12-29 08:00:00,2024-12-29 09:00:00,Pulmonary,Home,Follow-up,False
E0004102,P00735,inpatient,2025-05-20 08:00:00,2025-05-24 17:00:00,Pulmonary,Home,Asthma exacerbation,False
E0004103,P00735,inpatient,2025-06-12 21:00:00,2025-06-15 04:00:00,Cardiology,Home,Atrial fibrillation,False
E0004104,P00736,outpatient,2024-09-02 08:00:00,2024-09-02 11:00:00,Pulmonary,Home,Medication review,False
E0004105,P00736,emergency,2024-10-24 08:00:00,2024-10-24 15:00:00,Cardiology,Home,Acute symptom visit,False
E0004106,P00736,inpatient,2025-02-02 08:00:00,2025-02-05 16:00:00,Pulmonary,Home,Pneumonia,False
E0004107,P00736,inpatient,2025-04-29 21:00:00,2025-05-02 23:00:00,Endocrinology,Home,Hypoglycemia,False
E0004108,P00737,emergency,2025-05-19 08:00:00,2025-05-19 16:00:00,Cardiology,Home,Medication review,False
E0004109,P00737,outpatient,2025-08-04 08:00:00,2025-08-04 12:00:00,General Surgery,Home,Medication review,False
E0004110,P00737,inpatient,2025-10-18 08:00:00,2025-10-23 16:00:00,Cardiology,Home,Heart failure exacerbation,False
E0004111,P00737,inpatient,2026-03-03 23:00:00,2026-03-09 03:00:00,General Medicine,Home health,Syncope,False
E0004112,P00737,inpatient,2026-03-24 04:00:00,2026-03-27 13:00:00,Pulmonary,Home,COPD exacerbation,False
E0004113,P00738,outpatient,2025-04-30 08:00:00,2025-04-30 09:00:00,Endocrinology,Home,Follow-up,False
E0004114,P00738,inpatient,2025-10-02 08:00:00,2025-10-07 10:00:00,Cardiology,Home,Atrial fibrillation,False
E0004115,P00739,outpatient,2024-12-02 08:00:00,2024-12-02 10:00:00,Endocrinology,Home,Medication review,False
E0004116,P00739,inpatient,2025-04-16 08:00:00,2025-04-17 18:00:00,Cardiology,Home,Atrial fibrillation,False
E0004117,P00739,inpatient,2025-08-04 22:00:00,2025-08-06 02:00:00,General Medicine,Home,Sepsis,False
E0004118,P00739,inpatient,2025-10-01 02:00:00,2025-10-05 05:00:00,General Surgery,Home health,Postoperative wound issue,False
E0004119,P00740,emergency,2025-07-06 08:00:00,2025-07-06 14:00:00,Cardiology,Home,Follow-up,False
E0004120,P00740,outpatient,2025-07-10 08:00:00,2025-07-10 12:00:00,General Medicine,Home,Follow-up,False
E0004121,P00740,outpatient,2025-07-23 08:00:00,2025-07-23 11:00:00,Endocrinology,Home,Medication review,False
E0004122,P00740,outpatient,2025-10-02 08:00:00,2025-10-02 14:00:00,Endocrinology,Home,Medication review,False
E0004123,P00740,inpatient,2025-11-15 08:00:00,2025-11-18 18:00:00,Pulmonary,Home,Asthma exacerbation,False
E0004124,P00741,outpatient,2025-02-23 08:00:00,2025-02-23 14:00:00,Pulmonary,Home,Follow-up,False
E0004125,P00741,emergency,2025-05-03 08:00:00,2025-05-03 10:00:00,Endocrinology,Home,Follow-up,False
E0004126,P00741,outpatient,2025-05-09 08:00:00,2025-05-09 09:00:00,General Surgery,Home,Medication review,False
E0004127,P00742,outpatient,2025-01-13 08:00:00,2025-01-13 12:00:00,General Surgery,Home,Medication review,False
E0004128,P00742,emergency,2025-04-18 08:00:00,2025-04-18 14:00:00,General Surgery,Home,Follow-up,False
E0004129,P00742,outpatient,2025-04-24 08:00:00,2025-04-24 12:00:00,Cardiology,Home,Medication review,False
E0004130,P00742,inpatient,2025-08-17 08:00:00,2025-08-20 14:00:00,Endocrinology,Skilled nursing facility,Hyperglycemia,False
E0004131,P00742,inpatient,2026-01-10 17:00:00,2026-01-14 02:00:00,Endocrinology,Home,Hyperglycemia,False
E0004132,P00743,outpatient,2024-12-06 08:00:00,2024-12-06 14:00:00,Pulmonary,Home,Acute symptom visit,False
E0004133,P00743,outpatient,2024-12-20 08:00:00,2024-12-20 16:00:00,General Medicine,Home,Medication review,False
E0004134,P00743,emergency,2024-12-31 08:00:00,2024-12-31 12:00:00,General Surgery,Home,Acute symptom visit,False
E0004135,P00743,outpatient,2025-02-19 08:00:00,2025-02-19 16:00:00,General Surgery,Home,Follow-up,False
E0004136,P00743,emergency,2025-02-20 08:00:00,2025-02-20 12:00:00,Cardiology,Home,Acute symptom visit,False
E0004137,P00743,inpatient,2025-06-21 08:00:00,2025-06-22 14:00:00,Pulmonary,Home,COPD exacerbation,False
E0004138,P00744,outpatient,2025-04-21 08:00:00,2025-04-21 09:00:00,General Surgery,Home,Follow-up,False
E0004139,P00744,outpatient,2025-07-03 08:00:00,2025-07-03 12:00:00,Pulmonary,Home,Medication review,False
E0004140,P00744,emergency,2025-08-14 08:00:00,2025-08-14 13:00:00,General Surgery,Home,Medication review,False
E0004141,P00744,outpatient,2025-08-14 08:00:00,2025-08-14 09:00:00,Pulmonary,Home,Acute symptom visit,False
E0004142,P00744,outpatient,2025-09-01 08:00:00,2025-09-01 09:00:00,General Surgery,Home,Follow-up,False
E0004143,P00744,emergency,2025-09-13 08:00:00,2025-09-13 12:00:00,Cardiology,Home,Acute symptom visit,False
E0004144,P00744,inpatient,2025-10-22 08:00:00,2025-10-24 12:00:00,Pulmonary,Home health,Asthma exacerbation,False
E0004145,P00745,emergency,2025-07-06 08:00:00,2025-07-06 15:00:00,General Surgery,Home,Follow-up,False
E0004146,P00745,emergency,2025-07-09 08:00:00,2025-07-09 13:00:00,General Surgery,Home,Follow-up,False
E0004147,P00745,outpatient,2025-07-10 08:00:00,2025-07-10 12:00:00,Cardiology,Home,Acute symptom visit,False
E0004148,P00745,outpatient,2025-08-01 08:00:00,2025-08-01 13:00:00,Cardiology,Home,Medication review,False
E0004149,P00745,outpatient,2025-08-18 08:00:00,2025-08-18 12:00:00,Endocrinology,Home,Acute symptom visit,False
E0004150,P00745,outpatient,2025-09-08 08:00:00,2025-09-08 10:00:00,General Medicine,Home,Follow-up,False
E0004151,P00745,inpatient,2025-10-28 08:00:00,2025-11-01 10:00:00,General Surgery,Home health,Postoperative wound issue,False
E0004152,P00746,outpatient,2024-11-27 08:00:00,2024-11-27 14:00:00,Pulmonary,Home,Medication review,False
E0004153,P00746,emergency,2024-12-25 08:00:00,2024-12-25 15:00:00,Cardiology,Home,Follow-up,False
E0004154,P00746,outpatient,2025-01-18 08:00:00,2025-01-18 13:00:00,Endocrinology,Home,Acute symptom visit,False
E0004155,P00746,outpatient,2025-01-28 08:00:00,2025-01-28 13:00:00,Pulmonary,Home,Acute symptom visit,False
E0004156,P00746,outpatient,2025-01-30 08:00:00,2025-01-30 12:00:00,General Surgery,Home,Acute symptom visit,False
E0004157,P00747,outpatient,2025-03-18 08:00:00,2025-03-18 11:00:00,Pulmonary,Home,Medication review,False
E0004158,P00747,outpatient,2025-03-24 08:00:00,2025-03-24 13:00:00,General Surgery,Home,Follow-up,False
E0004159,P00747,outpatient,2025-04-02 08:00:00,2025-04-02 09:00:00,Cardiology,Home,Acute symptom visit,False
E0004160,P00747,outpatient,2025-04-26 08:00:00,2025-04-26 11:00:00,Pulmonary,Home,Follow-up,False
E0004161,P00747,emergency,2025-05-06 08:00:00,2025-05-06 11:00:00,Endocrinology,Home,Follow-up,False
E0004162,P00747,emergency,2025-06-09 08:00:00,2025-06-09 11:00:00,Endocrinology,Home,Follow-up,False
E0004163,P00747,outpatient,2025-06-11 08:00:00,2025-06-11 13:00:00,General Surgery,Home,Acute symptom visit,False
E0004164,P00747,emergency,2025-07-14 08:00:00,2025-07-14 15:00:00,Endocrinology,Home,Follow-up,False
E0004165,P00747,inpatient,2025-09-09 08:00:00,2025-09-12 11:00:00,Cardiology,Home health,Atrial fibrillation,False
E0004166,P00748,emergency,2025-03-24 08:00:00,2025-03-24 10:00:00,Pulmonary,Home,Acute symptom visit,False
E0004167,P00748,outpatient,2025-06-26 08:00:00,2025-06-26 09:00:00,General Medicine,Home,Medication review,False
E0004168,P00748,outpatient,2025-07-04 08:00:00,2025-07-04 13:00:00,General Medicine,Home,Medication review,False
E0004169,P00748,emergency,2025-08-12 08:00:00,2025-08-12 11:00:00,Pulmonary,Home,Follow-up,False
E0004170,P00749,outpatient,2025-04-06 08:00:00,2025-04-06 12:00:00,Cardiology,Home,Medication review,False
E0004171,P00749,emergency,2025-04-28 08:00:00,2025-04-28 13:00:00,General Surgery,Home,Acute symptom visit,False
E0004172,P00749,emergency,2025-05-02 08:00:00,2025-05-02 15:00:00,Cardiology,Home,Acute symptom visit,False
E0004173,P00749,outpatient,2025-05-15 08:00:00,2025-05-15 16:00:00,Cardiology,Home,Acute symptom visit,False
E0004174,P00749,outpatient,2025-05-24 08:00:00,2025-05-24 12:00:00,Pulmonary,Home,Acute symptom visit,False
E0004175,P00749,emergency,2025-07-13 08:00:00,2025-07-13 13:00:00,Endocrinology,Home,Medication review,False
E0004176,P00749,emergency,2025-09-02 08:00:00,2025-09-02 11:00:00,General Medicine,Home,Acute symptom visit,False
E0004177,P00749,emergency,2025-09-05 08:00:00,2025-09-05 13:00:00,Pulmonary,Home,Medication review,False
E0004178,P00749,inpatient,2025-10-21 08:00:00,2025-10-23 11:00:00,General Surgery,Home,Abdominal pain,False
E0004179,P00750,outpatient,2025-04-05 08:00:00,2025-04-05 16:00:00,Endocrinology,Home,Follow-up,False
E0004180,P00750,emergency,2025-04-10 08:00:00,2025-04-10 15:00:00,Cardiology,Home,Follow-up,False
E0004181,P00750,inpatient,2025-10-05 08:00:00,2025-10-08 13:00:00,General Surgery,Transfer to acute care,Postoperative wound issue,False
E0004182,P00750,inpatient,2025-12-16 19:00:00,2025-12-18 23:00:00,Cardiology,Home health,Atrial fibrillation,False
E0004183,P00751,emergency,2024-09-10 08:00:00,2024-09-10 16:00:00,Cardiology,Home,Follow-up,False
E0004184,P00751,outpatient,2024-12-21 08:00:00,2024-12-21 11:00:00,Cardiology,Home,Medication review,False
E0004185,P00751,outpatient,2025-01-21 08:00:00,2025-01-21 12:00:00,Pulmonary,Home,Medication review,False
E0004186,P00751,emergency,2025-01-23 08:00:00,2025-01-23 13:00:00,Cardiology,Home,Medication review,False
E0004187,P00751,emergency,2025-01-29 08:00:00,2025-01-29 10:00:00,General Medicine,Home,Follow-up,False
E0004188,P00751,inpatient,2025-03-05 08:00:00,2025-03-07 10:00:00,General Surgery,Home health,Postoperative wound issue,False
E0004189,P00752,outpatient,2024-08-06 08:00:00,2024-08-06 09:00:00,Pulmonary,Home,Medication review,False
E0004190,P00752,outpatient,2024-08-09 08:00:00,2024-08-09 09:00:00,General Surgery,Home,Follow-up,False
E0004191,P00752,outpatient,2024-08-22 08:00:00,2024-08-22 13:00:00,General Surgery,Home,Acute symptom visit,False
E0004192,P00752,outpatient,2024-09-01 08:00:00,2024-09-01 15:00:00,Endocrinology,Home,Follow-up,False
E0004193,P00752,emergency,2024-09-13 08:00:00,2024-09-13 10:00:00,Pulmonary,Home,Acute symptom visit,False
E0004194,P00752,emergency,2024-11-12 08:00:00,2024-11-12 11:00:00,General Surgery,Home,Medication review,False
E0004195,P00752,outpatient,2024-11-12 08:00:00,2024-11-12 10:00:00,General Medicine,Home,Medication review,False
E0004196,P00752,emergency,2024-12-12 08:00:00,2024-12-12 15:00:00,Endocrinology,Home,Follow-up,False
E0004197,P00752,inpatient,2025-02-10 08:00:00,2025-02-13 12:00:00,General Medicine,Home,Syncope,False
E0004198,P00752,inpatient,2025-05-12 12:00:00,2025-05-15 20:00:00,General Medicine,Home,Cellulitis,False
E0004199,P00753,outpatient,2025-06-28 08:00:00,2025-06-28 09:00:00,General Medicine,Home,Medication review,False
E0004200,P00753,emergency,2025-07-03 08:00:00,2025-07-03 12:00:00,General Surgery,Home,Medication review,False
E0004201,P00753,outpatient,2025-07-08 08:00:00,2025-07-08 10:00:00,Pulmonary,Home,Medication review,False
E0004202,P00753,outpatient,2025-09-30 08:00:00,2025-09-30 10:00:00,Cardiology,Home,Medication review,False
E0004203,P00753,inpatient,2025-12-09 08:00:00,2025-12-10 14:00:00,Cardiology,Home,Atrial fibrillation,False
E0004204,P00753,inpatient,2026-04-01 21:00:00,2026-04-05 01:00:00,Endocrinology,Home health,Hyperglycemia,False
E0004205,P00754,outpatient,2025-07-30 08:00:00,2025-07-30 13:00:00,Pulmonary,Home,Acute symptom visit,False
E0004206,P00754,outpatient,2025-07-31 08:00:00,2025-07-31 11:00:00,Cardiology,Home,Follow-up,False
E0004207,P00754,emergency,2025-08-12 08:00:00,2025-08-12 13:00:00,Pulmonary,Home,Follow-up,False
E0004208,P00754,outpatient,2025-09-02 08:00:00,2025-09-02 14:00:00,Cardiology,Home,Follow-up,False
E0004209,P00754,emergency,2025-09-03 08:00:00,2025-09-03 10:00:00,General Surgery,Home,Acute symptom visit,False
E0004210,P00755,outpatient,2024-07-30 08:00:00,2024-07-30 15:00:00,Endocrinology,Home,Medication review,False
E0004211,P00755,outpatient,2024-08-28 08:00:00,2024-08-28 15:00:00,Cardiology,Home,Medication review,False
E0004212,P00756,outpatient,2025-01-18 08:00:00,2025-01-18 14:00:00,Endocrinology,Home,Follow-up,False
E0004213,P00756,outpatient,2025-02-04 08:00:00,2025-02-04 16:00:00,General Surgery,Home,Medication review,False
E0004214,P00756,outpatient,2025-04-06 08:00:00,2025-04-06 09:00:00,General Surgery,Home,Acute symptom visit,False
E0004215,P00756,outpatient,2025-04-24 08:00:00,2025-04-24 11:00:00,Pulmonary,Home,Follow-up,False
E0004216,P00756,inpatient,2025-06-30 08:00:00,2025-07-02 12:00:00,General Surgery,Skilled nursing facility,Biliary disease,False
E0004217,P00756,inpatient,2025-09-26 13:00:00,2025-09-27 16:00:00,Pulmonary,Home health,COPD exacerbation,False
E0004218,P00757,outpatient,2025-03-25 08:00:00,2025-03-25 12:00:00,Endocrinology,Home,Follow-up,False
E0004219,P00757,outpatient,2025-04-03 08:00:00,2025-04-03 13:00:00,Pulmonary,Home,Medication review,False
E0004220,P00757,inpatient,2025-09-17 08:00:00,2025-09-21 12:00:00,General Medicine,Home health,Cellulitis,False
E0004221,P00757,inpatient,2025-12-07 00:00:00,2025-12-08 02:00:00,General Surgery,Transfer to acute care,Biliary disease,True
E0004222,P00758,outpatient,2025-04-05 08:00:00,2025-04-05 13:00:00,General Medicine,Home,Follow-up,False
E0004223,P00758,emergency,2025-04-18 08:00:00,2025-04-18 14:00:00,Pulmonary,Home,Follow-up,False
E0004224,P00758,emergency,2025-07-01 08:00:00,2025-07-01 12:00:00,Endocrinology,Home,Follow-up,False
E0004225,P00758,outpatient,2025-07-08 08:00:00,2025-07-08 13:00:00,Pulmonary,Home,Follow-up,False
E0004226,P00758,outpatient,2025-07-13 08:00:00,2025-07-13 11:00:00,Endocrinology,Home,Acute symptom visit,False
E0004227,P00758,inpatient,2025-10-02 08:00:00,2025-10-03 17:00:00,Endocrinology,Home,Hyperglycemia,False
E0004228,P00758,inpatient,2026-01-02 04:00:00,2026-01-03 13:00:00,Cardiology,Skilled nursing facility,Atrial fibrillation,False
E0004229,P00759,outpatient,2024-10-12 08:00:00,2024-10-12 10:00:00,Pulmonary,Home,Medication review,False
E0004230,P00759,outpatient,2024-12-05 08:00:00,2024-12-05 15:00:00,Cardiology,Home,Medication review,False
E0004231,P00759,outpatient,2024-12-10 08:00:00,2024-12-10 16:00:00,Endocrinology,Home,Follow-up,False
E0004232,P00759,outpatient,2024-12-19 08:00:00,2024-12-19 15:00:00,General Medicine,Home,Acute symptom visit,False
E0004233,P00759,outpatient,2025-01-26 08:00:00,2025-01-26 15:00:00,Cardiology,Home,Medication review,False
E0004234,P00759,inpatient,2025-04-09 08:00:00,2025-04-11 17:00:00,Pulmonary,Home,Pneumonia,False
E0004235,P00759,inpatient,2025-06-04 18:00:00,2025-06-06 02:00:00,Pulmonary,Home health,Pneumonia,False
E0004236,P00759,inpatient,2025-07-26 03:00:00,2025-07-27 08:00:00,General Medicine,Home health,Electrolyte disorder,False
E0004237,P00760,outpatient,2024-11-07 08:00:00,2024-11-07 10:00:00,General Surgery,Home,Medication review,False
E0004238,P00760,emergency,2025-01-12 08:00:00,2025-01-12 13:00:00,Cardiology,Home,Medication review,False
E0004239,P00760,outpatient,2025-02-19 08:00:00,2025-02-19 12:00:00,Endocrinology,Home,Follow-up,False
E0004240,P00760,outpatient,2025-03-15 08:00:00,2025-03-15 14:00:00,General Medicine,Home,Medication review,False
E0004241,P00760,inpatient,2025-05-17 08:00:00,2025-05-20 18:00:00,Endocrinology,Home,Hypoglycemia,False
E0004242,P00761,outpatient,2025-01-30 08:00:00,2025-01-30 15:00:00,Endocrinology,Home,Follow-up,False
E0004243,P00761,outpatient,2025-01-31 08:00:00,2025-01-31 09:00:00,Pulmonary,Home,Follow-up,False
E0004244,P00761,outpatient,2025-03-15 08:00:00,2025-03-15 16:00:00,General Surgery,Home,Acute symptom visit,False
E0004245,P00761,outpatient,2025-03-20 08:00:00,2025-03-20 12:00:00,Cardiology,Home,Acute symptom visit,False
E0004246,P00761,emergency,2025-04-18 08:00:00,2025-04-18 16:00:00,Pulmonary,Home,Medication review,False
E0004247,P00761,emergency,2025-05-01 08:00:00,2025-05-01 13:00:00,General Surgery,Home,Medication review,False
E0004248,P00761,outpatient,2025-06-10 08:00:00,2025-06-10 15:00:00,Endocrinology,Home,Acute symptom visit,False
E0004249,P00761,inpatient,2025-07-07 08:00:00,2025-07-12 18:00:00,Endocrinology,Home,Hyperglycemia,False
E0004250,P00761,inpatient,2025-10-17 20:00:00,2025-10-22 04:00:00,Endocrinology,Home,Hypoglycemia,False
E0004251,P00761,inpatient,2026-01-06 12:00:00,2026-01-09 15:00:00,Endocrinology,Home,Diabetes complication,False
E0004252,P00762,outpatient,2025-02-03 08:00:00,2025-02-03 12:00:00,Endocrinology,Home,Follow-up,False
E0004253,P00762,emergency,2025-02-08 08:00:00,2025-02-08 10:00:00,General Surgery,Home,Medication review,False
E0004254,P00762,outpatient,2025-02-13 08:00:00,2025-02-13 16:00:00,General Surgery,Home,Acute symptom visit,False
E0004255,P00762,emergency,2025-02-19 08:00:00,2025-02-19 11:00:00,General Medicine,Home,Follow-up,False
E0004256,P00762,inpatient,2025-06-28 08:00:00,2025-07-02 14:00:00,Endocrinology,Expired,Hypoglycemia,False
E0004257,P00763,outpatient,2025-01-30 08:00:00,2025-01-30 10:00:00,Pulmonary,Home,Follow-up,False
E0004258,P00763,outpatient,2025-05-03 08:00:00,2025-05-03 09:00:00,Endocrinology,Home,Medication review,False
E0004259,P00763,outpatient,2025-06-06 08:00:00,2025-06-06 11:00:00,Cardiology,Home,Medication review,False
E0004260,P00763,outpatient,2025-06-09 08:00:00,2025-06-09 12:00:00,Pulmonary,Home,Medication review,False
E0004261,P00763,outpatient,2025-06-24 08:00:00,2025-06-24 15:00:00,Pulmonary,Home,Medication review,False
E0004262,P00763,inpatient,2025-07-26 08:00:00,2025-07-31 10:00:00,Cardiology,Home health,Heart failure exacerbation,False
E0004263,P00764,outpatient,2025-01-21 08:00:00,2025-01-21 11:00:00,Cardiology,Home,Acute symptom visit,False
E0004264,P00764,outpatient,2025-03-09 08:00:00,2025-03-09 15:00:00,General Surgery,Home,Medication review,False
E0004265,P00764,outpatient,2025-03-24 08:00:00,2025-03-24 15:00:00,General Medicine,Home,Follow-up,False
E0004266,P00764,emergency,2025-05-10 08:00:00,2025-05-10 16:00:00,General Medicine,Home,Follow-up,False
E0004267,P00764,inpatient,2025-08-17 08:00:00,2025-08-18 16:00:00,General Medicine,Home health,Syncope,False
E0004268,P00765,emergency,2025-02-02 08:00:00,2025-02-02 12:00:00,Pulmonary,Home,Follow-up,False
E0004269,P00765,emergency,2025-02-11 08:00:00,2025-02-11 13:00:00,Endocrinology,Home,Follow-up,False
E0004270,P00765,outpatient,2025-03-05 08:00:00,2025-03-05 13:00:00,Endocrinology,Home,Follow-up,False
E0004271,P00765,outpatient,2025-03-18 08:00:00,2025-03-18 15:00:00,General Medicine,Home,Follow-up,False
E0004272,P00765,emergency,2025-04-04 08:00:00,2025-04-04 13:00:00,General Surgery,Home,Medication review,False
E0004273,P00765,outpatient,2025-05-24 08:00:00,2025-05-24 11:00:00,Pulmonary,Home,Medication review,False
E0004274,P00765,inpatient,2025-07-27 08:00:00,2025-08-02 16:00:00,Endocrinology,Home,Diabetes complication,False
E0004275,P00765,inpatient,2025-10-30 01:00:00,2025-11-01 04:00:00,General Surgery,Home health,Postoperative wound issue,False
E0004276,P00766,outpatient,2024-08-04 08:00:00,2024-08-04 11:00:00,General Surgery,Home,Follow-up,False
E0004277,P00766,emergency,2024-08-07 08:00:00,2024-08-07 12:00:00,General Medicine,Home,Medication review,False
E0004278,P00766,outpatient,2024-09-28 08:00:00,2024-09-28 13:00:00,General Surgery,Home,Medication review,False
E0004279,P00766,outpatient,2024-11-07 08:00:00,2024-11-07 16:00:00,Pulmonary,Home,Acute symptom visit,False
E0004280,P00766,emergency,2024-12-21 08:00:00,2024-12-21 15:00:00,Pulmonary,Home,Follow-up,False
E0004281,P00766,outpatient,2024-12-27 08:00:00,2024-12-27 10:00:00,General Surgery,Home,Acute symptom visit,False
E0004282,P00766,inpatient,2025-02-15 08:00:00,2025-02-16 17:00:00,General Medicine,Home,Syncope,False
E0004283,P00767,outpatient,2025-01-04 08:00:00,2025-01-04 12:00:00,Endocrinology,Home,Medication review,False
E0004284,P00767,emergency,2025-01-06 08:00:00,2025-01-06 14:00:00,Pulmonary,Home,Acute symptom visit,False
E0004285,P00767,emergency,2025-01-18 08:00:00,2025-01-18 09:00:00,Endocrinology,Home,Medication review,False
E0004286,P00767,outpatient,2025-03-23 08:00:00,2025-03-23 11:00:00,Pulmonary,Home,Follow-up,False
E0004287,P00767,inpatient,2025-05-25 08:00:00,2025-05-31 12:00:00,Cardiology,Home,Atrial fibrillation,False
E0004288,P00768,emergency,2025-04-27 08:00:00,2025-04-27 14:00:00,Pulmonary,Home,Medication review,False
E0004289,P00768,outpatient,2025-08-01 08:00:00,2025-08-01 12:00:00,General Surgery,Home,Medication review,False
E0004290,P00768,emergency,2025-08-11 08:00:00,2025-08-11 15:00:00,General Surgery,Home,Acute symptom visit,False
E0004291,P00768,inpatient,2025-09-22 08:00:00,2025-09-25 11:00:00,Cardiology,Home,Atrial fibrillation,False
E0004292,P00768,inpatient,2025-11-10 17:00:00,2025-11-14 19:00:00,General Medicine,Home,Cellulitis,False
E0004293,P00769,outpatient,2025-05-24 08:00:00,2025-05-24 13:00:00,General Surgery,Home,Acute symptom visit,False
E0004294,P00769,outpatient,2025-06-30 08:00:00,2025-06-30 10:00:00,Cardiology,Home,Follow-up,False
E0004295,P00769,outpatient,2025-08-26 08:00:00,2025-08-26 12:00:00,General Medicine,Home,Acute symptom visit,False
E0004296,P00769,emergency,2025-08-29 08:00:00,2025-08-29 11:00:00,General Surgery,Home,Acute symptom visit,False
E0004297,P00769,outpatient,2025-09-08 08:00:00,2025-09-08 11:00:00,Cardiology,Home,Medication review,False
E0004298,P00769,outpatient,2025-09-13 08:00:00,2025-09-13 16:00:00,Pulmonary,Home,Medication review,False
E0004299,P00769,inpatient,2025-11-07 08:00:00,2025-11-10 15:00:00,General Surgery,Home,Postoperative wound issue,True
E0004300,P00770,outpatient,2025-06-11 08:00:00,2025-06-11 09:00:00,Endocrinology,Home,Follow-up,False
E0004301,P00770,emergency,2025-08-21 08:00:00,2025-08-21 10:00:00,General Surgery,Home,Follow-up,False
E0004302,P00770,inpatient,2025-10-04 08:00:00,2025-10-08 13:00:00,Endocrinology,Skilled nursing facility,Diabetes complication,False
E0004303,P00771,emergency,2025-04-08 08:00:00,2025-04-08 10:00:00,General Surgery,Home,Acute symptom visit,False
E0004304,P00771,outpatient,2025-06-10 08:00:00,2025-06-10 15:00:00,Cardiology,Home,Acute symptom visit,False
E0004305,P00771,emergency,2025-07-28 08:00:00,2025-07-28 14:00:00,Cardiology,Home,Acute symptom visit,False
E0004306,P00771,inpatient,2025-10-04 08:00:00,2025-10-06 10:00:00,General Surgery,Home health,Postoperative wound issue,False
E0004307,P00772,outpatient,2024-09-23 08:00:00,2024-09-23 13:00:00,Cardiology,Home,Medication review,False
E0004308,P00772,outpatient,2024-09-29 08:00:00,2024-09-29 10:00:00,General Surgery,Home,Follow-up,False
E0004309,P00772,outpatient,2024-10-02 08:00:00,2024-10-02 09:00:00,General Medicine,Home,Acute symptom visit,False
E0004310,P00772,outpatient,2024-10-23 08:00:00,2024-10-23 10:00:00,Cardiology,Home,Medication review,False
E0004311,P00772,outpatient,2024-10-26 08:00:00,2024-10-26 16:00:00,General Surgery,Home,Follow-up,False
E0004312,P00772,inpatient,2025-03-29 08:00:00,2025-04-01 15:00:00,Cardiology,Skilled nursing facility,Chest pain,False
E0004313,P00772,inpatient,2025-06-21 03:00:00,2025-06-24 08:00:00,General Medicine,Home health,Electrolyte disorder,False
E0004314,P00772,inpatient,2025-10-04 19:00:00,2025-10-07 21:00:00,Pulmonary,Home,Pneumonia,False
E0004315,P00773,outpatient,2024-08-05 08:00:00,2024-08-05 13:00:00,Cardiology,Home,Follow-up,False
E0004316,P00773,outpatient,2024-10-03 08:00:00,2024-10-03 11:00:00,General Surgery,Home,Medication review,False
E0004317,P00773,inpatient,2025-01-29 08:00:00,2025-02-03 15:00:00,General Medicine,Home,Electrolyte disorder,False
E0004318,P00774,outpatient,2024-08-28 08:00:00,2024-08-28 12:00:00,General Medicine,Home,Medication review,False
E0004319,P00774,emergency,2024-10-25 08:00:00,2024-10-25 12:00:00,Endocrinology,Home,Follow-up,False
E0004320,P00774,emergency,2025-01-21 08:00:00,2025-01-21 12:00:00,Cardiology,Home,Medication review,False
E0004321,P00774,inpatient,2025-02-19 08:00:00,2025-02-24 13:00:00,General Medicine,Home,Cellulitis,False
E0004322,P00774,inpatient,2025-07-15 18:00:00,2025-07-19 04:00:00,Pulmonary,Skilled nursing facility,Asthma exacerbation,False
E0004323,P00775,outpatient,2024-12-25 08:00:00,2024-12-25 16:00:00,General Medicine,Home,Medication review,False
E0004324,P00775,emergency,2025-01-07 08:00:00,2025-01-07 14:00:00,Endocrinology,Home,Follow-up,False
E0004325,P00775,emergency,2025-04-14 08:00:00,2025-04-14 12:00:00,General Medicine,Home,Medication review,False
E0004326,P00776,outpatient,2024-11-18 08:00:00,2024-11-18 10:00:00,Cardiology,Home,Acute symptom visit,False
E0004327,P00776,outpatient,2024-12-29 08:00:00,2024-12-29 09:00:00,Pulmonary,Home,Acute symptom visit,False
E0004328,P00776,outpatient,2025-01-01 08:00:00,2025-01-01 11:00:00,Cardiology,Home,Acute symptom visit,False
E0004329,P00776,outpatient,2025-01-13 08:00:00,2025-01-13 09:00:00,Cardiology,Home,Follow-up,False
E0004330,P00776,emergency,2025-02-03 08:00:00,2025-02-03 15:00:00,Pulmonary,Home,Acute symptom visit,False
E0004331,P00777,outpatient,2025-06-01 08:00:00,2025-06-01 14:00:00,General Medicine,Home,Acute symptom visit,False
E0004332,P00777,inpatient,2025-07-17 08:00:00,2025-07-18 14:00:00,General Medicine,Home,Sepsis,False
E0004333,P00777,inpatient,2025-09-12 01:00:00,2025-09-16 10:00:00,Cardiology,Home,Atrial fibrillation,False
E0004334,P00778,emergency,2025-01-27 08:00:00,2025-01-27 16:00:00,Cardiology,Home,Follow-up,False
E0004335,P00778,outpatient,2025-04-07 08:00:00,2025-04-07 16:00:00,General Medicine,Home,Follow-up,False
E0004336,P00778,emergency,2025-05-04 08:00:00,2025-05-04 13:00:00,Endocrinology,Home,Follow-up,False
E0004337,P00778,inpatient,2025-06-26 08:00:00,2025-06-30 11:00:00,Cardiology,Home,Heart failure exacerbation,False
E0004338,P00778,inpatient,2025-11-18 13:00:00,2025-11-20 19:00:00,General Medicine,Home health,Sepsis,False
E0004339,P00779,emergency,2024-12-06 08:00:00,2024-12-06 15:00:00,Endocrinology,Home,Medication review,False
E0004340,P00779,outpatient,2025-02-27 08:00:00,2025-02-27 12:00:00,Cardiology,Home,Medication review,False
E0004341,P00779,outpatient,2025-03-03 08:00:00,2025-03-03 15:00:00,Cardiology,Home,Medication review,False
E0004342,P00779,outpatient,2025-03-11 08:00:00,2025-03-11 11:00:00,General Surgery,Home,Acute symptom visit,False
E0004343,P00779,inpatient,2025-04-11 08:00:00,2025-04-12 15:00:00,General Surgery,Home,Abdominal pain,False
E0004344,P00779,inpatient,2025-08-06 03:00:00,2025-08-09 06:00:00,Cardiology,Home,Chest pain,False
E0004345,P00780,outpatient,2024-09-26 08:00:00,2024-09-26 09:00:00,Cardiology,Home,Acute symptom visit,False
E0004346,P00780,outpatient,2024-10-05 08:00:00,2024-10-05 09:00:00,General Medicine,Home,Follow-up,False
E0004347,P00780,outpatient,2024-10-30 08:00:00,2024-10-30 11:00:00,General Medicine,Home,Medication review,False
E0004348,P00780,outpatient,2024-11-07 08:00:00,2024-11-07 11:00:00,General Medicine,Home,Acute symptom visit,False
E0004349,P00780,outpatient,2025-02-06 08:00:00,2025-02-06 09:00:00,General Surgery,Home,Follow-up,False
E0004350,P00780,inpatient,2025-04-08 08:00:00,2025-04-10 11:00:00,General Medicine,Home,Cellulitis,False
E0004351,P00780,inpatient,2025-06-10 17:00:00,2025-06-12 03:00:00,General Medicine,Home,Electrolyte disorder,False
E0004352,P00781,outpatient,2025-09-24 08:00:00,2025-09-24 13:00:00,Endocrinology,Home,Acute symptom visit,False
E0004353,P00781,inpatient,2025-11-06 08:00:00,2025-11-09 15:00:00,General Medicine,Home,Electrolyte disorder,False
E0004354,P00781,inpatient,2026-03-16 02:00:00,2026-03-18 07:00:00,General Medicine,Skilled nursing facility,Sepsis,False
E0004355,P00782,outpatient,2024-11-17 08:00:00,2024-11-17 09:00:00,Endocrinology,Home,Medication review,False
E0004356,P00782,outpatient,2024-12-21 08:00:00,2024-12-21 13:00:00,Cardiology,Home,Follow-up,False
E0004357,P00782,emergency,2024-12-31 08:00:00,2024-12-31 14:00:00,Cardiology,Home,Medication review,False
E0004358,P00782,outpatient,2025-02-13 08:00:00,2025-02-13 16:00:00,Pulmonary,Home,Acute symptom visit,False
E0004359,P00782,outpatient,2025-02-15 08:00:00,2025-02-15 10:00:00,Pulmonary,Home,Acute symptom visit,False
E0004360,P00782,emergency,2025-04-10 08:00:00,2025-04-10 14:00:00,Cardiology,Home,Acute symptom visit,False
E0004361,P00782,inpatient,2025-04-28 08:00:00,2025-04-30 11:00:00,Cardiology,Home health,Heart failure exacerbation,False
E0004362,P00782,inpatient,2025-07-26 20:00:00,2025-07-31 02:00:00,General Medicine,Home,Electrolyte disorder,False
E0004363,P00783,outpatient,2024-10-19 08:00:00,2024-10-19 15:00:00,Endocrinology,Home,Medication review,False
E0004364,P00783,outpatient,2024-11-22 08:00:00,2024-11-22 13:00:00,General Medicine,Home,Follow-up,False
E0004365,P00783,outpatient,2024-12-05 08:00:00,2024-12-05 12:00:00,General Medicine,Home,Follow-up,False
E0004366,P00783,emergency,2025-01-21 08:00:00,2025-01-21 10:00:00,Pulmonary,Home,Acute symptom visit,False
E0004367,P00783,inpatient,2025-04-30 08:00:00,2025-05-01 11:00:00,General Medicine,Home,Electrolyte disorder,False
E0004368,P00784,outpatient,2024-12-26 08:00:00,2024-12-26 16:00:00,General Surgery,Home,Follow-up,False
E0004369,P00784,inpatient,2025-01-24 08:00:00,2025-01-29 15:00:00,Cardiology,Home,Atrial fibrillation,False
E0004370,P00784,inpatient,2025-03-22 17:00:00,2025-03-24 00:00:00,Pulmonary,Home,Pneumonia,False
E0004371,P00784,inpatient,2025-05-10 02:00:00,2025-05-14 10:00:00,Cardiology,Home,Heart failure exacerbation,False
E0004372,P00785,outpatient,2025-04-09 08:00:00,2025-04-09 11:00:00,Endocrinology,Home,Follow-up,False
E0004373,P00785,outpatient,2025-05-24 08:00:00,2025-05-24 09:00:00,Endocrinology,Home,Acute symptom visit,False
E0004374,P00785,outpatient,2025-06-05 08:00:00,2025-06-05 14:00:00,General Medicine,Home,Follow-up,False
E0004375,P00785,outpatient,2025-06-28 08:00:00,2025-06-28 09:00:00,Endocrinology,Home,Follow-up,False
E0004376,P00785,outpatient,2025-07-28 08:00:00,2025-07-28 12:00:00,General Medicine,Home,Follow-up,False
E0004377,P00785,inpatient,2025-10-07 08:00:00,2025-10-10 18:00:00,General Medicine,Home health,Sepsis,False
E0004378,P00785,inpatient,2025-12-30 20:00:00,2026-01-03 22:00:00,General Surgery,Home health,Biliary disease,False
E0004379,P00785,inpatient,2026-03-30 07:00:00,2026-04-02 12:00:00,Cardiology,Home,Chest pain,False
E0004380,P00786,emergency,2024-10-08 08:00:00,2024-10-08 16:00:00,Pulmonary,Home,Medication review,False
E0004381,P00786,outpatient,2024-11-05 08:00:00,2024-11-05 09:00:00,General Medicine,Home,Medication review,False
E0004382,P00786,outpatient,2024-12-21 08:00:00,2024-12-21 15:00:00,Pulmonary,Home,Follow-up,False
E0004383,P00786,emergency,2024-12-24 08:00:00,2024-12-24 15:00:00,General Medicine,Home,Medication review,False
E0004384,P00786,outpatient,2025-01-07 08:00:00,2025-01-07 14:00:00,Pulmonary,Home,Follow-up,False
E0004385,P00786,inpatient,2025-04-09 08:00:00,2025-04-12 15:00:00,General Surgery,Skilled nursing facility,Biliary disease,False
E0004386,P00786,inpatient,2025-06-07 21:00:00,2025-06-09 07:00:00,Endocrinology,Home,Diabetes complication,False
E0004387,P00787,outpatient,2025-05-19 08:00:00,2025-05-19 11:00:00,General Medicine,Home,Medication review,False
E0004388,P00787,outpatient,2025-05-19 08:00:00,2025-05-19 11:00:00,Cardiology,Home,Medication review,False
E0004389,P00787,emergency,2025-06-13 08:00:00,2025-06-13 10:00:00,General Medicine,Home,Follow-up,False
E0004390,P00787,outpatient,2025-06-27 08:00:00,2025-06-27 11:00:00,Endocrinology,Home,Acute symptom visit,False
E0004391,P00787,emergency,2025-08-13 08:00:00,2025-08-13 11:00:00,General Surgery,Home,Acute symptom visit,False
E0004392,P00787,inpatient,2025-08-25 08:00:00,2025-08-29 17:00:00,Pulmonary,Home,Asthma exacerbation,False
E0004393,P00788,outpatient,2025-02-14 08:00:00,2025-02-14 09:00:00,Endocrinology,Home,Medication review,False
E0004394,P00788,outpatient,2025-02-21 08:00:00,2025-02-21 15:00:00,Endocrinology,Home,Acute symptom visit,False
E0004395,P00788,emergency,2025-04-06 08:00:00,2025-04-06 13:00:00,Endocrinology,Home,Acute symptom visit,False
E0004396,P00788,outpatient,2025-06-18 08:00:00,2025-06-18 09:00:00,Endocrinology,Home,Follow-up,False
E0004397,P00788,inpatient,2025-08-25 08:00:00,2025-08-28 12:00:00,Endocrinology,Home,Hypoglycemia,False
E0004398,P00788,inpatient,2026-01-07 23:00:00,2026-01-10 02:00:00,General Medicine,Home,Electrolyte disorder,False
E0004399,P00789,outpatient,2024-09-21 08:00:00,2024-09-21 10:00:00,Cardiology,Home,Medication review,False
E0004400,P00789,inpatient,2025-02-18 08:00:00,2025-02-26 16:00:00,General Surgery,Home,Postoperative wound issue,False
E0004401,P00789,inpatient,2025-05-14 21:00:00,2025-05-18 00:00:00,General Medicine,Home health,Cellulitis,False
E0004402,P00790,emergency,2025-03-22 08:00:00,2025-03-22 15:00:00,Pulmonary,Home,Medication review,False
E0004403,P00790,emergency,2025-03-28 08:00:00,2025-03-28 15:00:00,Cardiology,Home,Follow-up,False
E0004404,P00790,emergency,2025-04-26 08:00:00,2025-04-26 12:00:00,Pulmonary,Home,Follow-up,False
E0004405,P00790,outpatient,2025-04-28 08:00:00,2025-04-28 11:00:00,General Surgery,Home,Follow-up,False
E0004406,P00790,outpatient,2025-06-16 08:00:00,2025-06-16 16:00:00,Cardiology,Home,Medication review,False
E0004407,P00790,emergency,2025-07-09 08:00:00,2025-07-09 09:00:00,General Medicine,Home,Acute symptom visit,False
E0004408,P00790,emergency,2025-07-22 08:00:00,2025-07-22 15:00:00,General Surgery,Home,Follow-up,False
E0004409,P00791,outpatient,2025-04-11 08:00:00,2025-04-11 10:00:00,Pulmonary,Home,Acute symptom visit,False
E0004410,P00791,outpatient,2025-04-16 08:00:00,2025-04-16 12:00:00,General Surgery,Home,Follow-up,False
E0004411,P00791,outpatient,2025-05-28 08:00:00,2025-05-28 13:00:00,Pulmonary,Home,Follow-up,False
E0004412,P00791,outpatient,2025-06-18 08:00:00,2025-06-18 14:00:00,Endocrinology,Home,Acute symptom visit,False
E0004413,P00791,outpatient,2025-07-17 08:00:00,2025-07-17 14:00:00,Endocrinology,Home,Medication review,False
E0004414,P00791,emergency,2025-07-30 08:00:00,2025-07-30 11:00:00,Pulmonary,Home,Follow-up,False
E0004415,P00792,outpatient,2024-09-12 08:00:00,2024-09-12 14:00:00,Pulmonary,Home,Acute symptom visit,False
E0004416,P00792,outpatient,2025-01-10 08:00:00,2025-01-10 13:00:00,Cardiology,Home,Medication review,False
E0004417,P00792,inpatient,2025-02-25 08:00:00,2025-02-27 17:00:00,General Medicine,Skilled nursing facility,Cellulitis,False
E0004418,P00792,inpatient,2025-03-10 05:00:00,2025-03-11 10:00:00,General Surgery,Home,Abdominal pain,False
E0004419,P00793,emergency,2025-01-20 08:00:00,2025-01-20 16:00:00,General Medicine,Home,Medication review,False
E0004420,P00793,outpatient,2025-01-27 08:00:00,2025-01-27 11:00:00,Cardiology,Home,Acute symptom visit,False
E0004421,P00793,outpatient,2025-03-04 08:00:00,2025-03-04 13:00:00,Endocrinology,Home,Medication review,False
E0004422,P00793,outpatient,2025-03-14 08:00:00,2025-03-14 10:00:00,General Medicine,Home,Medication review,False
E0004423,P00793,outpatient,2025-04-08 08:00:00,2025-04-08 16:00:00,General Surgery,Home,Medication review,False
E0004424,P00793,emergency,2025-04-25 08:00:00,2025-04-25 09:00:00,General Surgery,Home,Medication review,False
E0004425,P00793,outpatient,2025-04-30 08:00:00,2025-04-30 11:00:00,General Medicine,Home,Acute symptom visit,False
E0004426,P00793,inpatient,2025-06-25 08:00:00,2025-06-27 16:00:00,General Medicine,Home,Electrolyte disorder,False
E0004427,P00793,inpatient,2025-07-05 21:00:00,2025-07-09 04:00:00,Cardiology,Home,Heart failure exacerbation,False
E0004428,P00794,outpatient,2024-10-21 08:00:00,2024-10-21 15:00:00,Pulmonary,Home,Medication review,False
E0004429,P00794,outpatient,2024-10-23 08:00:00,2024-10-23 16:00:00,Endocrinology,Home,Medication review,False
E0004430,P00794,outpatient,2024-11-09 08:00:00,2024-11-09 10:00:00,Endocrinology,Home,Follow-up,False
E0004431,P00794,emergency,2024-12-20 08:00:00,2024-12-20 15:00:00,Endocrinology,Home,Follow-up,False
E0004432,P00794,outpatient,2025-01-08 08:00:00,2025-01-08 16:00:00,Pulmonary,Home,Medication review,False
E0004433,P00794,inpatient,2025-02-27 08:00:00,2025-02-28 13:00:00,General Surgery,Skilled nursing facility,Biliary disease,False
E0004434,P00795,outpatient,2024-11-28 08:00:00,2024-11-28 09:00:00,Cardiology,Home,Medication review,False
E0004435,P00795,emergency,2025-04-04 08:00:00,2025-04-04 09:00:00,Endocrinology,Home,Acute symptom visit,False
E0004436,P00795,inpatient,2025-05-10 08:00:00,2025-05-13 18:00:00,Endocrinology,Home,Hypoglycemia,False
E0004437,P00796,outpatient,2024-12-30 08:00:00,2024-12-30 16:00:00,Pulmonary,Home,Acute symptom visit,False
E0004438,P00796,outpatient,2024-12-30 08:00:00,2024-12-30 10:00:00,Cardiology,Home,Acute symptom visit,False
E0004439,P00796,emergency,2025-01-02 08:00:00,2025-01-02 11:00:00,Pulmonary,Home,Acute symptom visit,False
E0004440,P00796,outpatient,2025-05-03 08:00:00,2025-05-03 13:00:00,Endocrinology,Home,Follow-up,False
E0004441,P00796,emergency,2025-05-05 08:00:00,2025-05-05 10:00:00,General Surgery,Home,Acute symptom visit,False
E0004442,P00796,inpatient,2025-07-07 08:00:00,2025-07-08 16:00:00,General Medicine,Home,Electrolyte disorder,False
E0004443,P00797,outpatient,2025-05-03 08:00:00,2025-05-03 10:00:00,General Surgery,Home,Follow-up,False
E0004444,P00797,outpatient,2025-05-23 08:00:00,2025-05-23 10:00:00,Pulmonary,Home,Acute symptom visit,False
E0004445,P00797,inpatient,2025-07-11 08:00:00,2025-07-14 10:00:00,General Medicine,Home,Electrolyte disorder,False
E0004446,P00797,inpatient,2025-10-09 17:00:00,2025-10-12 21:00:00,General Surgery,Home,Biliary disease,False
E0004447,P00798,outpatient,2024-11-12 08:00:00,2024-11-12 11:00:00,General Surgery,Home,Medication review,False
E0004448,P00798,outpatient,2024-11-13 08:00:00,2024-11-13 09:00:00,Pulmonary,Home,Acute symptom visit,False
E0004449,P00798,outpatient,2024-12-09 08:00:00,2024-12-09 14:00:00,Pulmonary,Home,Follow-up,False
E0004450,P00798,emergency,2025-01-14 08:00:00,2025-01-14 16:00:00,Cardiology,Home,Acute symptom visit,False
E0004451,P00798,outpatient,2025-01-30 08:00:00,2025-01-30 10:00:00,Cardiology,Home,Acute symptom visit,False
E0004452,P00798,outpatient,2025-03-13 08:00:00,2025-03-13 11:00:00,Pulmonary,Home,Medication review,False
E0004453,P00798,inpatient,2025-04-12 08:00:00,2025-04-13 17:00:00,General Medicine,Home,Cellulitis,False
E0004454,P00798,inpatient,2025-05-29 04:00:00,2025-06-03 10:00:00,Pulmonary,Home health,Pneumonia,False
E0004455,P00799,outpatient,2024-12-22 08:00:00,2024-12-22 10:00:00,Endocrinology,Home,Medication review,False
E0004456,P00799,outpatient,2024-12-25 08:00:00,2024-12-25 16:00:00,General Surgery,Home,Follow-up,False
E0004457,P00799,outpatient,2025-03-14 08:00:00,2025-03-14 13:00:00,Cardiology,Home,Medication review,False
E0004458,P00799,emergency,2025-04-08 08:00:00,2025-04-08 12:00:00,General Medicine,Home,Acute symptom visit,False
E0004459,P00799,outpatient,2025-04-17 08:00:00,2025-04-17 16:00:00,Cardiology,Home,Medication review,False
E0004460,P00799,emergency,2025-05-17 08:00:00,2025-05-17 16:00:00,Pulmonary,Home,Acute symptom visit,False
E0004461,P00799,inpatient,2025-06-23 08:00:00,2025-06-25 10:00:00,General Medicine,Home,Cellulitis,False
E0004462,P00799,inpatient,2025-09-10 19:00:00,2025-09-17 04:00:00,Pulmonary,Expired,Pneumonia,False
E0004463,P00800,outpatient,2025-03-30 08:00:00,2025-03-30 14:00:00,General Medicine,Home,Medication review,False
E0004464,P00800,outpatient,2025-04-10 08:00:00,2025-04-10 15:00:00,Pulmonary,Home,Follow-up,False
E0004465,P00800,outpatient,2025-04-29 08:00:00,2025-04-29 11:00:00,Pulmonary,Home,Acute symptom visit,False
E0004466,P00800,inpatient,2025-08-11 08:00:00,2025-08-14 13:00:00,General Medicine,Home,Sepsis,False
E0004467,P00800,inpatient,2025-11-19 19:00:00,2025-11-24 00:00:00,Cardiology,Home,Atrial fibrillation,False
E0004468,P00801,outpatient,2025-01-10 08:00:00,2025-01-10 12:00:00,General Medicine,Home,Acute symptom visit,False
E0004469,P00801,outpatient,2025-01-14 08:00:00,2025-01-14 11:00:00,Endocrinology,Home,Acute symptom visit,False
E0004470,P00801,outpatient,2025-01-31 08:00:00,2025-01-31 09:00:00,Pulmonary,Home,Follow-up,False
E0004471,P00801,emergency,2025-03-26 08:00:00,2025-03-26 13:00:00,General Surgery,Home,Follow-up,False
E0004472,P00801,outpatient,2025-04-27 08:00:00,2025-04-27 09:00:00,General Surgery,Home,Medication review,False
E0004473,P00802,emergency,2025-05-16 08:00:00,2025-05-16 11:00:00,General Surgery,Home,Acute symptom visit,False
E0004474,P00802,outpatient,2025-06-22 08:00:00,2025-06-22 16:00:00,Pulmonary,Home,Medication review,False
E0004475,P00802,outpatient,2025-08-03 08:00:00,2025-08-03 15:00:00,Pulmonary,Home,Follow-up,False
E0004476,P00802,outpatient,2025-08-15 08:00:00,2025-08-15 13:00:00,General Medicine,Home,Acute symptom visit,False
E0004477,P00802,outpatient,2025-08-28 08:00:00,2025-08-28 14:00:00,General Medicine,Home,Acute symptom visit,False
E0004478,P00802,outpatient,2025-08-30 08:00:00,2025-08-30 15:00:00,Cardiology,Home,Acute symptom visit,False
E0004479,P00802,inpatient,2025-09-30 08:00:00,2025-10-06 13:00:00,General Medicine,Home,Electrolyte disorder,False
E0004480,P00803,outpatient,2025-04-23 08:00:00,2025-04-23 16:00:00,Endocrinology,Home,Medication review,False
E0004481,P00803,outpatient,2025-04-24 08:00:00,2025-04-24 13:00:00,General Medicine,Home,Acute symptom visit,False
E0004482,P00803,inpatient,2025-08-12 08:00:00,2025-08-14 17:00:00,General Surgery,Home,Biliary disease,True
E0004483,P00804,outpatient,2024-11-14 08:00:00,2024-11-14 14:00:00,Cardiology,Home,Medication review,False
E0004484,P00804,emergency,2024-12-05 08:00:00,2024-12-05 15:00:00,General Medicine,Home,Medication review,False
E0004485,P00804,inpatient,2025-06-03 08:00:00,2025-06-07 14:00:00,General Surgery,Home,Abdominal pain,True
E0004486,P00804,inpatient,2025-10-07 18:00:00,2025-10-11 00:00:00,Endocrinology,Home,Hypoglycemia,False
E0004487,P00805,outpatient,2025-03-16 08:00:00,2025-03-16 09:00:00,General Medicine,Home,Follow-up,False
E0004488,P00805,emergency,2025-04-28 08:00:00,2025-04-28 16:00:00,General Medicine,Home,Acute symptom visit,False
E0004489,P00805,inpatient,2025-09-23 08:00:00,2025-09-26 14:00:00,General Medicine,Home,Cellulitis,False
E0004490,P00806,outpatient,2025-05-18 08:00:00,2025-05-18 16:00:00,Endocrinology,Home,Follow-up,False
E0004491,P00806,emergency,2025-05-31 08:00:00,2025-05-31 13:00:00,Endocrinology,Home,Medication review,False
E0004492,P00806,emergency,2025-08-25 08:00:00,2025-08-25 11:00:00,Endocrinology,Home,Follow-up,False
E0004493,P00806,outpatient,2025-09-24 08:00:00,2025-09-24 15:00:00,Cardiology,Home,Medication review,False
E0004494,P00807,emergency,2025-01-28 08:00:00,2025-01-28 11:00:00,General Surgery,Home,Follow-up,False
E0004495,P00807,outpatient,2025-02-01 08:00:00,2025-02-01 09:00:00,General Surgery,Home,Acute symptom visit,False
E0004496,P00807,emergency,2025-04-17 08:00:00,2025-04-17 12:00:00,General Surgery,Home,Follow-up,False
E0004497,P00807,outpatient,2025-04-27 08:00:00,2025-04-27 14:00:00,General Surgery,Home,Acute symptom visit,False
E0004498,P00807,inpatient,2025-07-15 08:00:00,2025-07-18 16:00:00,General Medicine,Home,Electrolyte disorder,False
E0004499,P00807,inpatient,2025-12-14 00:00:00,2025-12-17 07:00:00,Cardiology,Home,Atrial fibrillation,False
E0004500,P00808,outpatient,2024-08-22 08:00:00,2024-08-22 14:00:00,General Surgery,Home,Acute symptom visit,False
E0004501,P00808,outpatient,2024-10-02 08:00:00,2024-10-02 13:00:00,General Medicine,Home,Acute symptom visit,False
E0004502,P00808,outpatient,2024-10-11 08:00:00,2024-10-11 10:00:00,Cardiology,Home,Medication review,False
E0004503,P00808,outpatient,2024-11-03 08:00:00,2024-11-03 12:00:00,Cardiology,Home,Medication review,False
E0004504,P00808,outpatient,2024-12-20 08:00:00,2024-12-20 13:00:00,Pulmonary,Home,Follow-up,False
E0004505,P00809,outpatient,2024-12-18 08:00:00,2024-12-18 10:00:00,General Surgery,Home,Acute symptom visit,False
E0004506,P00809,outpatient,2025-01-21 08:00:00,2025-01-21 15:00:00,General Surgery,Home,Follow-up,False
E0004507,P00809,outpatient,2025-02-14 08:00:00,2025-02-14 16:00:00,Endocrinology,Home,Follow-up,False
E0004508,P00809,emergency,2025-02-22 08:00:00,2025-02-22 15:00:00,General Medicine,Home,Follow-up,False
E0004509,P00809,outpatient,2025-03-19 08:00:00,2025-03-19 15:00:00,Cardiology,Home,Follow-up,False
E0004510,P00809,outpatient,2025-04-22 08:00:00,2025-04-22 09:00:00,General Medicine,Home,Medication review,False
E0004511,P00809,inpatient,2025-06-08 08:00:00,2025-06-11 15:00:00,General Medicine,Home,Cellulitis,False
E0004512,P00810,outpatient,2024-10-13 08:00:00,2024-10-13 10:00:00,General Medicine,Home,Follow-up,False
E0004513,P00810,emergency,2024-11-02 08:00:00,2024-11-02 15:00:00,Pulmonary,Home,Acute symptom visit,False
E0004514,P00810,outpatient,2024-11-22 08:00:00,2024-11-22 12:00:00,General Medicine,Home,Acute symptom visit,False
E0004515,P00810,outpatient,2024-11-25 08:00:00,2024-11-25 11:00:00,Cardiology,Home,Follow-up,False
E0004516,P00810,emergency,2025-01-17 08:00:00,2025-01-17 13:00:00,Cardiology,Home,Acute symptom visit,False
E0004517,P00810,inpatient,2025-05-10 08:00:00,2025-05-14 10:00:00,Pulmonary,Home health,Asthma exacerbation,False
E0004518,P00810,inpatient,2025-07-24 21:00:00,2025-07-29 02:00:00,Endocrinology,Home,Hypoglycemia,False
E0004519,P00811,outpatient,2024-10-12 08:00:00,2024-10-12 16:00:00,Pulmonary,Home,Follow-up,False
E0004520,P00811,outpatient,2024-11-18 08:00:00,2024-11-18 16:00:00,Cardiology,Home,Acute symptom visit,False
E0004521,P00811,emergency,2024-11-28 08:00:00,2024-11-28 09:00:00,General Surgery,Home,Medication review,False
E0004522,P00811,emergency,2024-12-02 08:00:00,2024-12-02 15:00:00,Cardiology,Home,Acute symptom visit,False
E0004523,P00811,emergency,2024-12-18 08:00:00,2024-12-18 09:00:00,General Medicine,Home,Acute symptom visit,False
E0004524,P00811,emergency,2024-12-20 08:00:00,2024-12-20 11:00:00,General Surgery,Home,Acute symptom visit,False
E0004525,P00811,outpatient,2025-01-31 08:00:00,2025-01-31 10:00:00,Pulmonary,Home,Follow-up,False
E0004526,P00811,outpatient,2025-02-22 08:00:00,2025-02-22 16:00:00,General Medicine,Home,Acute symptom visit,False
E0004527,P00811,outpatient,2025-03-07 08:00:00,2025-03-07 15:00:00,Pulmonary,Home,Acute symptom visit,False
E0004528,P00812,outpatient,2025-01-02 08:00:00,2025-01-02 13:00:00,Cardiology,Home,Follow-up,False
E0004529,P00812,emergency,2025-01-08 08:00:00,2025-01-08 14:00:00,General Surgery,Home,Follow-up,False
E0004530,P00812,outpatient,2025-02-16 08:00:00,2025-02-16 14:00:00,Pulmonary,Home,Follow-up,False
E0004531,P00812,outpatient,2025-03-05 08:00:00,2025-03-05 16:00:00,Endocrinology,Home,Medication review,False
E0004532,P00812,outpatient,2025-03-28 08:00:00,2025-03-28 09:00:00,General Medicine,Home,Medication review,False
E0004533,P00812,outpatient,2025-05-09 08:00:00,2025-05-09 15:00:00,General Surgery,Home,Follow-up,False
E0004534,P00812,inpatient,2025-07-28 08:00:00,2025-07-29 16:00:00,General Medicine,Home,Sepsis,False
E0004535,P00813,outpatient,2025-03-11 08:00:00,2025-03-11 11:00:00,Endocrinology,Home,Follow-up,False
E0004536,P00813,outpatient,2025-04-19 08:00:00,2025-04-19 14:00:00,General Medicine,Home,Follow-up,False
E0004537,P00813,outpatient,2025-07-07 08:00:00,2025-07-07 09:00:00,General Medicine,Home,Follow-up,False
E0004538,P00813,inpatient,2025-10-05 08:00:00,2025-10-08 16:00:00,Pulmonary,Home,Asthma exacerbation,False
E0004539,P00813,inpatient,2025-12-19 22:00:00,2025-12-23 03:00:00,General Medicine,Home,Sepsis,False
E0004540,P00813,inpatient,2026-05-19 13:00:00,2026-05-20 21:00:00,General Surgery,Home health,Postoperative wound issue,True
E0004541,P00814,outpatient,2025-03-23 08:00:00,2025-03-23 12:00:00,Endocrinology,Home,Medication review,False
E0004542,P00814,outpatient,2025-05-12 08:00:00,2025-05-12 14:00:00,General Surgery,Home,Medication review,False
E0004543,P00814,outpatient,2025-05-16 08:00:00,2025-05-16 14:00:00,General Medicine,Home,Follow-up,False
E0004544,P00814,outpatient,2025-06-04 08:00:00,2025-06-04 14:00:00,General Surgery,Home,Acute symptom visit,False
E0004545,P00815,outpatient,2024-12-13 08:00:00,2024-12-13 15:00:00,Pulmonary,Home,Follow-up,False
E0004546,P00815,outpatient,2025-02-20 08:00:00,2025-02-20 15:00:00,Endocrinology,Home,Acute symptom visit,False
E0004547,P00815,outpatient,2025-03-18 08:00:00,2025-03-18 15:00:00,Pulmonary,Home,Follow-up,False
E0004548,P00815,inpatient,2025-04-27 08:00:00,2025-04-29 10:00:00,General Surgery,Home,Abdominal pain,True
E0004549,P00815,inpatient,2025-05-17 20:00:00,2025-05-22 01:00:00,General Medicine,Skilled nursing facility,Syncope,False
E0004550,P00816,emergency,2025-02-20 08:00:00,2025-02-20 12:00:00,General Medicine,Home,Acute symptom visit,False
E0004551,P00816,emergency,2025-03-06 08:00:00,2025-03-06 10:00:00,General Surgery,Home,Medication review,False
E0004552,P00816,outpatient,2025-04-12 08:00:00,2025-04-12 12:00:00,General Medicine,Home,Acute symptom visit,False
E0004553,P00816,outpatient,2025-04-25 08:00:00,2025-04-25 10:00:00,Pulmonary,Home,Acute symptom visit,False
E0004554,P00816,outpatient,2025-05-01 08:00:00,2025-05-01 10:00:00,Endocrinology,Home,Follow-up,False
E0004555,P00816,emergency,2025-05-15 08:00:00,2025-05-15 10:00:00,Cardiology,Home,Follow-up,False
E0004556,P00816,emergency,2025-06-18 08:00:00,2025-06-18 12:00:00,General Surgery,Home,Acute symptom visit,False
E0004557,P00816,inpatient,2025-08-01 08:00:00,2025-08-04 13:00:00,General Medicine,Home,Sepsis,False
E0004558,P00816,inpatient,2025-09-30 16:00:00,2025-10-05 22:00:00,Endocrinology,Home,Hypoglycemia,False
E0004559,P00817,emergency,2024-12-04 08:00:00,2024-12-04 11:00:00,Pulmonary,Home,Follow-up,False
E0004560,P00817,outpatient,2024-12-27 08:00:00,2024-12-27 15:00:00,General Surgery,Home,Follow-up,False
E0004561,P00817,outpatient,2025-01-02 08:00:00,2025-01-02 10:00:00,Cardiology,Home,Follow-up,False
E0004562,P00817,outpatient,2025-02-14 08:00:00,2025-02-14 09:00:00,Cardiology,Home,Acute symptom visit,False
E0004563,P00817,emergency,2025-03-21 08:00:00,2025-03-21 12:00:00,Pulmonary,Home,Acute symptom visit,False
E0004564,P00817,outpatient,2025-03-28 08:00:00,2025-03-28 14:00:00,General Medicine,Home,Follow-up,False
E0004565,P00817,outpatient,2025-03-29 08:00:00,2025-03-29 16:00:00,Endocrinology,Home,Acute symptom visit,False
E0004566,P00817,inpatient,2025-06-02 08:00:00,2025-06-03 12:00:00,General Medicine,Home,Electrolyte disorder,False
E0004567,P00817,inpatient,2025-10-11 21:00:00,2025-10-12 23:00:00,General Medicine,Home,Syncope,False
E0004568,P00818,outpatient,2024-10-03 08:00:00,2024-10-03 12:00:00,General Surgery,Home,Follow-up,False
E0004569,P00818,outpatient,2024-10-14 08:00:00,2024-10-14 13:00:00,General Surgery,Home,Follow-up,False
E0004570,P00818,outpatient,2024-10-24 08:00:00,2024-10-24 09:00:00,Pulmonary,Home,Medication review,False
E0004571,P00818,outpatient,2024-11-05 08:00:00,2024-11-05 13:00:00,General Medicine,Home,Acute symptom visit,False
E0004572,P00818,outpatient,2025-01-28 08:00:00,2025-01-28 15:00:00,Endocrinology,Home,Follow-up,False
E0004573,P00818,inpatient,2025-05-02 08:00:00,2025-05-03 17:00:00,General Surgery,Skilled nursing facility,Abdominal pain,False
E0004574,P00819,outpatient,2024-09-15 08:00:00,2024-09-15 14:00:00,Pulmonary,Home,Follow-up,False
E0004575,P00819,outpatient,2025-01-03 08:00:00,2025-01-03 11:00:00,General Surgery,Home,Follow-up,False
E0004576,P00819,emergency,2025-02-06 08:00:00,2025-02-06 11:00:00,General Surgery,Home,Follow-up,False
E0004577,P00819,inpatient,2025-02-28 08:00:00,2025-03-01 14:00:00,Pulmonary,Home,Pneumonia,False
E0004578,P00820,outpatient,2025-03-09 08:00:00,2025-03-09 10:00:00,General Surgery,Home,Medication review,False
E0004579,P00820,emergency,2025-04-19 08:00:00,2025-04-19 12:00:00,General Surgery,Home,Follow-up,False
E0004580,P00820,emergency,2025-06-13 08:00:00,2025-06-13 14:00:00,Cardiology,Home,Acute symptom visit,False
E0004581,P00820,emergency,2025-06-27 08:00:00,2025-06-27 09:00:00,General Surgery,Home,Acute symptom visit,False
E0004582,P00821,outpatient,2025-01-28 08:00:00,2025-01-28 15:00:00,Pulmonary,Home,Medication review,False
E0004583,P00821,outpatient,2025-02-20 08:00:00,2025-02-20 13:00:00,General Surgery,Home,Medication review,False
E0004584,P00821,outpatient,2025-03-10 08:00:00,2025-03-10 15:00:00,Cardiology,Home,Medication review,False
E0004585,P00821,outpatient,2025-04-05 08:00:00,2025-04-05 12:00:00,Pulmonary,Home,Medication review,False
E0004586,P00821,outpatient,2025-04-19 08:00:00,2025-04-19 13:00:00,Pulmonary,Home,Medication review,False
E0004587,P00821,inpatient,2025-06-08 08:00:00,2025-06-11 11:00:00,Pulmonary,Home,COPD exacerbation,False
E0004588,P00821,inpatient,2025-09-27 20:00:00,2025-10-02 02:00:00,General Medicine,Skilled nursing facility,Sepsis,False
E0004589,P00822,emergency,2024-09-29 08:00:00,2024-09-29 13:00:00,General Surgery,Home,Acute symptom visit,False
E0004590,P00822,outpatient,2024-10-17 08:00:00,2024-10-17 14:00:00,Pulmonary,Home,Follow-up,False
E0004591,P00822,outpatient,2024-10-25 08:00:00,2024-10-25 11:00:00,General Surgery,Home,Medication review,False
E0004592,P00822,emergency,2024-12-17 08:00:00,2024-12-17 10:00:00,Pulmonary,Home,Medication review,False
E0004593,P00823,outpatient,2025-02-16 08:00:00,2025-02-16 15:00:00,General Medicine,Home,Medication review,False
E0004594,P00823,outpatient,2025-03-01 08:00:00,2025-03-01 14:00:00,Pulmonary,Home,Medication review,False
E0004595,P00823,emergency,2025-04-15 08:00:00,2025-04-15 11:00:00,Endocrinology,Home,Follow-up,False
E0004596,P00823,outpatient,2025-05-02 08:00:00,2025-05-02 12:00:00,Pulmonary,Home,Follow-up,False
E0004597,P00823,inpatient,2025-06-18 08:00:00,2025-06-20 10:00:00,General Medicine,Home,Sepsis,False
E0004598,P00823,inpatient,2025-08-24 11:00:00,2025-08-28 19:00:00,Pulmonary,Skilled nursing facility,Pneumonia,False
E0004599,P00824,outpatient,2025-05-30 08:00:00,2025-05-30 14:00:00,Pulmonary,Home,Medication review,False
E0004600,P00824,emergency,2025-08-02 08:00:00,2025-08-02 15:00:00,General Surgery,Home,Medication review,False
E0004601,P00824,inpatient,2025-10-26 08:00:00,2025-10-30 15:00:00,Cardiology,Expired,Chest pain,False
E0004602,P00825,outpatient,2025-03-23 08:00:00,2025-03-23 14:00:00,Pulmonary,Home,Follow-up,False
E0004603,P00825,outpatient,2025-05-08 08:00:00,2025-05-08 14:00:00,Pulmonary,Home,Acute symptom visit,False
E0004604,P00825,outpatient,2025-06-17 08:00:00,2025-06-17 10:00:00,General Medicine,Home,Follow-up,False
E0004605,P00825,outpatient,2025-06-24 08:00:00,2025-06-24 12:00:00,General Surgery,Home,Medication review,False
E0004606,P00825,emergency,2025-07-25 08:00:00,2025-07-25 15:00:00,Cardiology,Home,Medication review,False
E0004607,P00825,emergency,2025-08-13 08:00:00,2025-08-13 10:00:00,General Medicine,Home,Medication review,False
E0004608,P00825,inpatient,2025-09-05 08:00:00,2025-09-06 14:00:00,Pulmonary,Skilled nursing facility,Pneumonia,False
E0004609,P00826,outpatient,2025-07-23 08:00:00,2025-07-23 09:00:00,General Medicine,Home,Medication review,False
E0004610,P00826,inpatient,2025-09-15 08:00:00,2025-09-19 17:00:00,Cardiology,Home,Chest pain,False
E0004611,P00826,inpatient,2025-12-18 22:00:00,2025-12-23 00:00:00,Pulmonary,Home health,Pneumonia,False
E0004612,P00826,inpatient,2026-05-17 03:00:00,2026-05-19 06:00:00,General Medicine,Home,Sepsis,False
E0004613,P00827,outpatient,2024-08-05 08:00:00,2024-08-05 16:00:00,General Medicine,Home,Medication review,False
E0004614,P00827,outpatient,2024-08-07 08:00:00,2024-08-07 11:00:00,Pulmonary,Home,Follow-up,False
E0004615,P00827,outpatient,2024-09-08 08:00:00,2024-09-08 09:00:00,General Surgery,Home,Medication review,False
E0004616,P00827,emergency,2024-10-27 08:00:00,2024-10-27 09:00:00,General Surgery,Home,Medication review,False
E0004617,P00827,outpatient,2024-10-28 08:00:00,2024-10-28 12:00:00,Pulmonary,Home,Medication review,False
E0004618,P00827,outpatient,2024-12-03 08:00:00,2024-12-03 12:00:00,General Medicine,Home,Medication review,False
E0004619,P00827,inpatient,2025-01-21 08:00:00,2025-01-26 13:00:00,Pulmonary,Home health,COPD exacerbation,False
E0004620,P00827,inpatient,2025-06-07 18:00:00,2025-06-09 21:00:00,General Medicine,Home health,Cellulitis,False
E0004621,P00828,emergency,2025-03-06 08:00:00,2025-03-06 12:00:00,General Medicine,Home,Follow-up,False
E0004622,P00828,outpatient,2025-04-14 08:00:00,2025-04-14 12:00:00,Cardiology,Home,Medication review,False
E0004623,P00828,inpatient,2025-08-21 08:00:00,2025-08-23 14:00:00,Pulmonary,Home,Pneumonia,False
E0004624,P00829,outpatient,2024-11-01 08:00:00,2024-11-01 16:00:00,Pulmonary,Home,Acute symptom visit,False
E0004625,P00829,emergency,2024-11-21 08:00:00,2024-11-21 13:00:00,Pulmonary,Home,Medication review,False
E0004626,P00829,outpatient,2024-11-27 08:00:00,2024-11-27 12:00:00,General Surgery,Home,Acute symptom visit,False
E0004627,P00829,outpatient,2024-12-24 08:00:00,2024-12-24 09:00:00,General Surgery,Home,Acute symptom visit,False
E0004628,P00829,emergency,2025-01-19 08:00:00,2025-01-19 15:00:00,General Surgery,Home,Acute symptom visit,False
E0004629,P00829,outpatient,2025-02-26 08:00:00,2025-02-26 13:00:00,Pulmonary,Home,Follow-up,False
E0004630,P00829,inpatient,2025-04-30 08:00:00,2025-05-04 12:00:00,Cardiology,Home,Atrial fibrillation,False
E0004631,P00830,outpatient,2025-05-11 08:00:00,2025-05-11 10:00:00,General Medicine,Home,Follow-up,False
E0004632,P00830,outpatient,2025-07-30 08:00:00,2025-07-30 15:00:00,General Surgery,Home,Follow-up,False
E0004633,P00830,emergency,2025-08-04 08:00:00,2025-08-04 14:00:00,General Surgery,Home,Medication review,False
E0004634,P00830,outpatient,2025-08-15 08:00:00,2025-08-15 15:00:00,Pulmonary,Home,Medication review,False
E0004635,P00830,emergency,2025-08-19 08:00:00,2025-08-19 11:00:00,Pulmonary,Home,Acute symptom visit,False
E0004636,P00830,outpatient,2025-08-23 08:00:00,2025-08-23 10:00:00,Cardiology,Home,Follow-up,False
E0004637,P00830,emergency,2025-09-03 08:00:00,2025-09-03 14:00:00,General Surgery,Home,Medication review,False
E0004638,P00830,inpatient,2025-10-25 08:00:00,2025-10-26 14:00:00,Endocrinology,Home,Hypoglycemia,False
E0004639,P00831,emergency,2025-01-31 08:00:00,2025-01-31 10:00:00,Pulmonary,Home,Follow-up,False
E0004640,P00831,outpatient,2025-02-08 08:00:00,2025-02-08 15:00:00,Cardiology,Home,Follow-up,False
E0004641,P00831,emergency,2025-04-23 08:00:00,2025-04-23 13:00:00,General Medicine,Home,Acute symptom visit,False
E0004642,P00831,outpatient,2025-04-23 08:00:00,2025-04-23 14:00:00,Cardiology,Home,Follow-up,False
E0004643,P00831,inpatient,2025-08-09 08:00:00,2025-08-12 17:00:00,General Medicine,Expired,Cellulitis,False
E0004644,P00831,inpatient,2025-12-11 21:00:00,2025-12-13 02:00:00,General Medicine,Home,Syncope,False
E0004645,P00832,outpatient,2025-03-24 08:00:00,2025-03-24 14:00:00,Pulmonary,Home,Acute symptom visit,False
E0004646,P00832,inpatient,2025-08-12 08:00:00,2025-08-14 13:00:00,General Surgery,Home,Biliary disease,False
E0004647,P00833,outpatient,2024-10-21 08:00:00,2024-10-21 12:00:00,Endocrinology,Home,Follow-up,False
E0004648,P00833,outpatient,2024-10-25 08:00:00,2024-10-25 14:00:00,General Surgery,Home,Follow-up,False
E0004649,P00833,outpatient,2024-11-20 08:00:00,2024-11-20 13:00:00,Endocrinology,Home,Acute symptom visit,False
E0004650,P00833,emergency,2024-12-10 08:00:00,2024-12-10 12:00:00,Cardiology,Home,Follow-up,False
E0004651,P00833,outpatient,2025-01-05 08:00:00,2025-01-05 13:00:00,General Surgery,Home,Follow-up,False
E0004652,P00833,emergency,2025-01-14 08:00:00,2025-01-14 10:00:00,General Medicine,Home,Follow-up,False
E0004653,P00833,emergency,2025-02-01 08:00:00,2025-02-01 16:00:00,General Medicine,Home,Follow-up,False
E0004654,P00833,outpatient,2025-02-22 08:00:00,2025-02-22 16:00:00,General Medicine,Home,Follow-up,False
E0004655,P00834,outpatient,2024-11-23 08:00:00,2024-11-23 12:00:00,Endocrinology,Home,Medication review,False
E0004656,P00834,outpatient,2024-12-16 08:00:00,2024-12-16 13:00:00,General Medicine,Home,Follow-up,False
E0004657,P00834,outpatient,2025-01-02 08:00:00,2025-01-02 15:00:00,General Medicine,Home,Follow-up,False
E0004658,P00834,inpatient,2025-05-19 08:00:00,2025-05-23 18:00:00,General Medicine,Home,Electrolyte disorder,False
E0004659,P00835,outpatient,2025-01-21 08:00:00,2025-01-21 16:00:00,Pulmonary,Home,Follow-up,False
E0004660,P00835,emergency,2025-02-27 08:00:00,2025-02-27 13:00:00,Pulmonary,Home,Acute symptom visit,False
E0004661,P00835,emergency,2025-04-17 08:00:00,2025-04-17 13:00:00,Endocrinology,Home,Follow-up,False
E0004662,P00835,inpatient,2025-07-20 08:00:00,2025-07-25 10:00:00,Pulmonary,Home,Pneumonia,False
E0004663,P00835,inpatient,2025-10-17 13:00:00,2025-10-19 18:00:00,Cardiology,Transfer to acute care,Chest pain,False
E0004664,P00836,outpatient,2024-11-02 08:00:00,2024-11-02 09:00:00,General Surgery,Home,Medication review,False
E0004665,P00836,outpatient,2024-11-15 08:00:00,2024-11-15 12:00:00,Endocrinology,Home,Follow-up,False
E0004666,P00836,emergency,2024-12-24 08:00:00,2024-12-24 16:00:00,General Medicine,Home,Medication review,False
E0004667,P00836,outpatient,2025-01-13 08:00:00,2025-01-13 10:00:00,Pulmonary,Home,Follow-up,False
E0004668,P00836,inpatient,2025-03-28 08:00:00,2025-04-01 12:00:00,General Surgery,Home health,Postoperative wound issue,False
E0004669,P00837,outpatient,2025-04-09 08:00:00,2025-04-09 10:00:00,General Medicine,Home,Medication review,False
E0004670,P00837,outpatient,2025-04-25 08:00:00,2025-04-25 12:00:00,Pulmonary,Home,Follow-up,False
E0004671,P00837,outpatient,2025-06-14 08:00:00,2025-06-14 14:00:00,Cardiology,Home,Acute symptom visit,False
E0004672,P00837,outpatient,2025-06-21 08:00:00,2025-06-21 11:00:00,General Surgery,Home,Follow-up,False
E0004673,P00837,outpatient,2025-07-31 08:00:00,2025-07-31 10:00:00,General Surgery,Home,Acute symptom visit,False
E0004674,P00837,inpatient,2025-09-25 08:00:00,2025-09-26 10:00:00,General Medicine,Home,Sepsis,False
E0004675,P00838,outpatient,2024-10-19 08:00:00,2024-10-19 11:00:00,Endocrinology,Home,Follow-up,False
E0004676,P00838,outpatient,2024-12-13 08:00:00,2024-12-13 09:00:00,Pulmonary,Home,Follow-up,False
E0004677,P00838,emergency,2024-12-16 08:00:00,2024-12-16 10:00:00,General Medicine,Home,Medication review,False
E0004678,P00838,emergency,2025-01-20 08:00:00,2025-01-20 10:00:00,Pulmonary,Home,Follow-up,False
E0004679,P00838,outpatient,2025-01-21 08:00:00,2025-01-21 14:00:00,General Surgery,Home,Medication review,False
E0004680,P00838,outpatient,2025-03-05 08:00:00,2025-03-05 15:00:00,General Medicine,Home,Acute symptom visit,False
E0004681,P00838,inpatient,2025-05-05 08:00:00,2025-05-06 17:00:00,Pulmonary,Skilled nursing facility,Asthma exacerbation,False
E0004682,P00838,inpatient,2025-09-18 17:00:00,2025-09-21 22:00:00,General Surgery,Home health,Abdominal pain,False
E0004683,P00839,outpatient,2025-01-27 08:00:00,2025-01-27 13:00:00,General Medicine,Home,Follow-up,False
E0004684,P00839,inpatient,2025-05-11 08:00:00,2025-05-15 16:00:00,General Surgery,Home health,Abdominal pain,True
E0004685,P00839,inpatient,2025-08-30 01:00:00,2025-09-03 04:00:00,General Medicine,Home,Syncope,False
E0004686,P00839,inpatient,2026-01-18 15:00:00,2026-01-21 21:00:00,General Medicine,Home,Cellulitis,False
E0004687,P00840,emergency,2024-11-23 08:00:00,2024-11-23 14:00:00,Cardiology,Home,Medication review,False
E0004688,P00840,outpatient,2025-02-11 08:00:00,2025-02-11 11:00:00,Pulmonary,Home,Medication review,False
E0004689,P00840,outpatient,2025-02-12 08:00:00,2025-02-12 09:00:00,Cardiology,Home,Medication review,False
E0004690,P00840,outpatient,2025-02-16 08:00:00,2025-02-16 11:00:00,General Surgery,Home,Medication review,False
E0004691,P00840,outpatient,2025-02-21 08:00:00,2025-02-21 16:00:00,General Medicine,Home,Acute symptom visit,False
E0004692,P00840,inpatient,2025-04-01 08:00:00,2025-04-03 15:00:00,General Surgery,Home,Biliary disease,False
E0004693,P00840,inpatient,2025-04-16 18:00:00,2025-04-18 23:00:00,Pulmonary,Home,COPD exacerbation,False
E0004694,P00841,outpatient,2024-11-24 08:00:00,2024-11-24 09:00:00,General Surgery,Home,Medication review,False
E0004695,P00841,emergency,2024-12-20 08:00:00,2024-12-20 16:00:00,General Surgery,Home,Follow-up,False
E0004696,P00841,inpatient,2025-04-26 08:00:00,2025-05-01 14:00:00,Pulmonary,Home,COPD exacerbation,False
E0004697,P00842,outpatient,2024-12-17 08:00:00,2024-12-17 09:00:00,Cardiology,Home,Acute symptom visit,False
E0004698,P00842,outpatient,2025-01-25 08:00:00,2025-01-25 14:00:00,Cardiology,Home,Medication review,False
E0004699,P00842,outpatient,2025-01-27 08:00:00,2025-01-27 15:00:00,General Medicine,Home,Medication review,False
E0004700,P00842,outpatient,2025-02-12 08:00:00,2025-02-12 12:00:00,Cardiology,Home,Follow-up,False
E0004701,P00842,outpatient,2025-02-28 08:00:00,2025-02-28 11:00:00,General Surgery,Home,Medication review,False
E0004702,P00842,inpatient,2025-06-19 08:00:00,2025-06-21 10:00:00,General Medicine,Home,Electrolyte disorder,False
E0004703,P00843,emergency,2025-03-27 08:00:00,2025-03-27 13:00:00,Endocrinology,Home,Acute symptom visit,False
E0004704,P00843,emergency,2025-04-16 08:00:00,2025-04-16 10:00:00,General Medicine,Home,Medication review,False
E0004705,P00843,outpatient,2025-08-01 08:00:00,2025-08-01 09:00:00,General Medicine,Home,Acute symptom visit,False
E0004706,P00843,outpatient,2025-08-16 08:00:00,2025-08-16 12:00:00,Endocrinology,Home,Acute symptom visit,False
E0004707,P00843,inpatient,2025-10-14 08:00:00,2025-10-18 16:00:00,Cardiology,Home health,Chest pain,False
E0004708,P00844,outpatient,2025-03-17 08:00:00,2025-03-17 12:00:00,General Medicine,Home,Follow-up,False
E0004709,P00844,outpatient,2025-05-24 08:00:00,2025-05-24 09:00:00,Cardiology,Home,Acute symptom visit,False
E0004710,P00844,outpatient,2025-06-20 08:00:00,2025-06-20 10:00:00,Cardiology,Home,Medication review,False
E0004711,P00844,inpatient,2025-08-30 08:00:00,2025-09-02 17:00:00,Cardiology,Home health,Atrial fibrillation,False
E0004712,P00845,outpatient,2025-04-28 08:00:00,2025-04-28 15:00:00,Cardiology,Home,Follow-up,False
E0004713,P00845,outpatient,2025-05-29 08:00:00,2025-05-29 14:00:00,Cardiology,Home,Acute symptom visit,False
E0004714,P00845,emergency,2025-08-16 08:00:00,2025-08-16 16:00:00,Endocrinology,Home,Follow-up,False
E0004715,P00845,outpatient,2025-08-20 08:00:00,2025-08-20 13:00:00,General Medicine,Home,Follow-up,False
E0004716,P00845,inpatient,2025-10-24 08:00:00,2025-10-30 12:00:00,Cardiology,Home,Chest pain,False
E0004717,P00846,outpatient,2024-09-16 08:00:00,2024-09-16 12:00:00,General Surgery,Home,Acute symptom visit,False
E0004718,P00846,outpatient,2024-10-04 08:00:00,2024-10-04 12:00:00,Pulmonary,Home,Follow-up,False
E0004719,P00846,outpatient,2024-10-12 08:00:00,2024-10-12 16:00:00,Cardiology,Home,Follow-up,False
E0004720,P00846,emergency,2024-12-17 08:00:00,2024-12-17 10:00:00,Cardiology,Home,Medication review,False
E0004721,P00846,outpatient,2024-12-27 08:00:00,2024-12-27 14:00:00,Cardiology,Home,Acute symptom visit,False
E0004722,P00846,outpatient,2025-01-15 08:00:00,2025-01-15 15:00:00,Endocrinology,Home,Follow-up,False
E0004723,P00846,inpatient,2025-03-09 08:00:00,2025-03-11 12:00:00,Cardiology,Skilled nursing facility,Atrial fibrillation,False
E0004724,P00846,inpatient,2025-05-17 17:00:00,2025-05-20 02:00:00,Pulmonary,Home health,Asthma exacerbation,False
E0004725,P00846,inpatient,2025-07-16 14:00:00,2025-07-18 19:00:00,Cardiology,Transfer to acute care,Atrial fibrillation,False
E0004726,P00847,outpatient,2024-09-26 08:00:00,2024-09-26 13:00:00,Endocrinology,Home,Follow-up,False
E0004727,P00847,outpatient,2025-01-05 08:00:00,2025-01-05 10:00:00,Pulmonary,Home,Medication review,False
E0004728,P00847,outpatient,2025-01-20 08:00:00,2025-01-20 12:00:00,General Surgery,Home,Follow-up,False
E0004729,P00848,emergency,2025-05-06 08:00:00,2025-05-06 12:00:00,General Medicine,Home,Medication review,False
E0004730,P00848,emergency,2025-05-09 08:00:00,2025-05-09 11:00:00,Cardiology,Home,Follow-up,False
E0004731,P00848,outpatient,2025-08-05 08:00:00,2025-08-05 14:00:00,Pulmonary,Home,Acute symptom visit,False
E0004732,P00848,emergency,2025-08-15 08:00:00,2025-08-15 09:00:00,General Surgery,Home,Acute symptom visit,False
E0004733,P00848,emergency,2025-09-08 08:00:00,2025-09-08 11:00:00,General Surgery,Home,Medication review,False
E0004734,P00848,inpatient,2025-10-14 08:00:00,2025-10-21 12:00:00,General Surgery,Home,Abdominal pain,True
E0004735,P00848,inpatient,2025-10-24 18:00:00,2025-10-29 21:00:00,General Medicine,Home health,Electrolyte disorder,False
E0004736,P00848,inpatient,2026-02-17 05:00:00,2026-02-23 11:00:00,Pulmonary,Home,COPD exacerbation,False
E0004737,P00849,emergency,2024-11-30 08:00:00,2024-11-30 11:00:00,General Medicine,Home,Medication review,False
E0004738,P00849,outpatient,2025-03-14 08:00:00,2025-03-14 14:00:00,General Surgery,Home,Medication review,False
E0004739,P00849,emergency,2025-04-04 08:00:00,2025-04-04 15:00:00,Pulmonary,Home,Acute symptom visit,False
E0004740,P00849,outpatient,2025-04-10 08:00:00,2025-04-10 14:00:00,Pulmonary,Home,Follow-up,False
E0004741,P00849,inpatient,2025-04-29 08:00:00,2025-05-03 15:00:00,Cardiology,Home,Heart failure exacerbation,False
E0004742,P00850,outpatient,2025-04-24 08:00:00,2025-04-24 15:00:00,General Medicine,Home,Medication review,False
E0004743,P00850,emergency,2025-07-24 08:00:00,2025-07-24 13:00:00,Cardiology,Home,Follow-up,False
E0004744,P00850,outpatient,2025-08-02 08:00:00,2025-08-02 15:00:00,Pulmonary,Home,Medication review,False
E0004745,P00850,outpatient,2025-08-08 08:00:00,2025-08-08 15:00:00,General Medicine,Home,Medication review,False
E0004746,P00850,inpatient,2025-11-15 08:00:00,2025-11-17 17:00:00,General Surgery,Home,Postoperative wound issue,False
E0004747,P00851,outpatient,2024-10-30 08:00:00,2024-10-30 10:00:00,Cardiology,Home,Medication review,False
E0004748,P00851,emergency,2024-11-29 08:00:00,2024-11-29 14:00:00,Pulmonary,Home,Medication review,False
E0004749,P00851,emergency,2025-01-01 08:00:00,2025-01-01 12:00:00,Endocrinology,Home,Follow-up,False
E0004750,P00851,inpatient,2025-05-12 08:00:00,2025-05-14 18:00:00,General Medicine,Home health,Syncope,False
E0004751,P00851,inpatient,2025-07-19 04:00:00,2025-07-22 14:00:00,Cardiology,Home,Atrial fibrillation,False
E0004752,P00852,outpatient,2024-12-30 08:00:00,2024-12-30 11:00:00,General Medicine,Home,Medication review,False
E0004753,P00852,outpatient,2025-01-06 08:00:00,2025-01-06 09:00:00,General Surgery,Home,Follow-up,False
E0004754,P00852,outpatient,2025-04-03 08:00:00,2025-04-03 10:00:00,General Medicine,Home,Follow-up,False
E0004755,P00852,outpatient,2025-04-29 08:00:00,2025-04-29 10:00:00,Pulmonary,Home,Medication review,False
E0004756,P00852,outpatient,2025-05-05 08:00:00,2025-05-05 15:00:00,General Medicine,Home,Medication review,False
E0004757,P00853,emergency,2025-05-07 08:00:00,2025-05-07 13:00:00,Pulmonary,Home,Acute symptom visit,False
E0004758,P00853,outpatient,2025-05-27 08:00:00,2025-05-27 09:00:00,General Surgery,Home,Follow-up,False
E0004759,P00853,emergency,2025-05-31 08:00:00,2025-05-31 14:00:00,Pulmonary,Home,Acute symptom visit,False
E0004760,P00853,emergency,2025-06-05 08:00:00,2025-06-05 13:00:00,Endocrinology,Home,Medication review,False
E0004761,P00854,outpatient,2024-08-16 08:00:00,2024-08-16 16:00:00,Cardiology,Home,Follow-up,False
E0004762,P00854,emergency,2024-08-26 08:00:00,2024-08-26 10:00:00,Endocrinology,Home,Follow-up,False
E0004763,P00854,outpatient,2024-10-26 08:00:00,2024-10-26 16:00:00,General Surgery,Home,Medication review,False
E0004764,P00854,emergency,2024-10-31 08:00:00,2024-10-31 10:00:00,Cardiology,Home,Follow-up,False
E0004765,P00854,outpatient,2024-12-12 08:00:00,2024-12-12 16:00:00,Pulmonary,Home,Medication review,False
E0004766,P00854,outpatient,2024-12-28 08:00:00,2024-12-28 09:00:00,Cardiology,Home,Medication review,False
E0004767,P00854,inpatient,2025-02-08 08:00:00,2025-02-11 12:00:00,Pulmonary,Skilled nursing facility,Pneumonia,False
E0004768,P00854,inpatient,2025-02-27 15:00:00,2025-02-28 22:00:00,General Medicine,Home,Sepsis,False
E0004769,P00854,inpatient,2025-04-27 23:00:00,2025-04-29 05:00:00,General Surgery,Home,Abdominal pain,False
E0004770,P00855,outpatient,2025-02-09 08:00:00,2025-02-09 13:00:00,General Surgery,Home,Medication review,False
E0004771,P00855,outpatient,2025-02-24 08:00:00,2025-02-24 15:00:00,Pulmonary,Home,Follow-up,False
E0004772,P00855,outpatient,2025-05-28 08:00:00,2025-05-28 13:00:00,Pulmonary,Home,Medication review,False
E0004773,P00855,outpatient,2025-06-13 08:00:00,2025-06-13 15:00:00,Cardiology,Home,Medication review,False
E0004774,P00855,inpatient,2025-08-19 08:00:00,2025-08-21 11:00:00,General Medicine,Expired,Sepsis,False
E0004775,P00856,outpatient,2024-08-28 08:00:00,2024-08-28 09:00:00,General Medicine,Home,Medication review,False
E0004776,P00856,outpatient,2024-11-24 08:00:00,2024-11-24 12:00:00,Pulmonary,Home,Medication review,False
E0004777,P00856,outpatient,2024-11-30 08:00:00,2024-11-30 11:00:00,Pulmonary,Home,Medication review,False
E0004778,P00856,emergency,2024-12-19 08:00:00,2024-12-19 14:00:00,Pulmonary,Home,Acute symptom visit,False
E0004779,P00856,emergency,2025-02-15 08:00:00,2025-02-15 13:00:00,Cardiology,Home,Acute symptom visit,False
E0004780,P00856,inpatient,2025-02-27 08:00:00,2025-03-02 11:00:00,General Medicine,Expired,Electrolyte disorder,False
E0004781,P00856,inpatient,2025-05-02 21:00:00,2025-05-05 00:00:00,Pulmonary,Home health,Asthma exacerbation,False
E0004782,P00857,outpatient,2024-12-13 08:00:00,2024-12-13 16:00:00,General Surgery,Home,Medication review,False
E0004783,P00857,outpatient,2025-01-04 08:00:00,2025-01-04 14:00:00,General Medicine,Home,Medication review,False
E0004784,P00857,outpatient,2025-02-01 08:00:00,2025-02-01 14:00:00,Endocrinology,Home,Medication review,False
E0004785,P00857,outpatient,2025-04-11 08:00:00,2025-04-11 13:00:00,Endocrinology,Home,Medication review,False
E0004786,P00857,inpatient,2025-05-24 08:00:00,2025-05-26 17:00:00,Pulmonary,Home,Pneumonia,False
E0004787,P00858,outpatient,2024-09-01 08:00:00,2024-09-01 16:00:00,General Medicine,Home,Acute symptom visit,False
E0004788,P00858,outpatient,2024-09-26 08:00:00,2024-09-26 09:00:00,Endocrinology,Home,Medication review,False
E0004789,P00858,outpatient,2024-09-28 08:00:00,2024-09-28 15:00:00,Pulmonary,Home,Medication review,False
E0004790,P00858,outpatient,2024-10-07 08:00:00,2024-10-07 11:00:00,General Surgery,Home,Medication review,False
E0004791,P00858,outpatient,2025-01-02 08:00:00,2025-01-02 16:00:00,Cardiology,Home,Follow-up,False
E0004792,P00858,emergency,2025-01-24 08:00:00,2025-01-24 15:00:00,General Medicine,Home,Acute symptom visit,False
E0004793,P00858,emergency,2025-01-27 08:00:00,2025-01-27 12:00:00,Endocrinology,Home,Acute symptom visit,False
E0004794,P00858,inpatient,2025-03-03 08:00:00,2025-03-07 16:00:00,General Surgery,Home,Abdominal pain,False
E0004795,P00859,emergency,2025-02-02 08:00:00,2025-02-02 14:00:00,General Surgery,Home,Follow-up,False
E0004796,P00859,outpatient,2025-02-19 08:00:00,2025-02-19 12:00:00,General Surgery,Home,Follow-up,False
E0004797,P00859,outpatient,2025-02-27 08:00:00,2025-02-27 10:00:00,Cardiology,Home,Follow-up,False
E0004798,P00859,outpatient,2025-03-02 08:00:00,2025-03-02 10:00:00,Endocrinology,Home,Medication review,False
E0004799,P00859,emergency,2025-04-24 08:00:00,2025-04-24 15:00:00,General Medicine,Home,Acute symptom visit,False
E0004800,P00859,outpatient,2025-05-05 08:00:00,2025-05-05 13:00:00,General Medicine,Home,Acute symptom visit,False
E0004801,P00859,emergency,2025-05-09 08:00:00,2025-05-09 10:00:00,General Medicine,Home,Follow-up,False
E0004802,P00859,inpatient,2025-07-24 08:00:00,2025-07-28 11:00:00,Cardiology,Home,Chest pain,False
E0004803,P00859,inpatient,2025-12-17 14:00:00,2025-12-21 16:00:00,General Surgery,Home,Postoperative wound issue,False
E0004804,P00860,emergency,2024-09-21 08:00:00,2024-09-21 11:00:00,General Surgery,Home,Follow-up,False
E0004805,P00860,outpatient,2024-10-31 08:00:00,2024-10-31 09:00:00,Endocrinology,Home,Medication review,False
E0004806,P00860,outpatient,2024-12-06 08:00:00,2024-12-06 09:00:00,General Medicine,Home,Acute symptom visit,False
E0004807,P00860,outpatient,2024-12-18 08:00:00,2024-12-18 12:00:00,Endocrinology,Home,Acute symptom visit,False
E0004808,P00860,outpatient,2025-01-13 08:00:00,2025-01-13 11:00:00,Pulmonary,Home,Follow-up,False
E0004809,P00860,outpatient,2025-02-05 08:00:00,2025-02-05 13:00:00,Pulmonary,Home,Medication review,False
E0004810,P00860,inpatient,2025-03-20 08:00:00,2025-03-21 11:00:00,General Surgery,Home,Abdominal pain,False
E0004811,P00861,emergency,2025-06-17 08:00:00,2025-06-17 13:00:00,Pulmonary,Home,Follow-up,False
E0004812,P00861,outpatient,2025-07-09 08:00:00,2025-07-09 09:00:00,Cardiology,Home,Medication review,False
E0004813,P00861,emergency,2025-07-10 08:00:00,2025-07-10 13:00:00,Pulmonary,Home,Follow-up,False
E0004814,P00861,inpatient,2025-11-23 08:00:00,2025-11-29 11:00:00,General Medicine,Transfer to acute care,Syncope,False
E0004815,P00861,inpatient,2026-01-14 22:00:00,2026-01-19 07:00:00,General Surgery,Home,Biliary disease,False
E0004816,P00861,inpatient,2026-02-13 16:00:00,2026-02-17 21:00:00,General Medicine,Home,Electrolyte disorder,False
E0004817,P00862,outpatient,2024-12-18 08:00:00,2024-12-18 12:00:00,Pulmonary,Home,Follow-up,False
E0004818,P00862,outpatient,2025-02-24 08:00:00,2025-02-24 09:00:00,Pulmonary,Home,Acute symptom visit,False
E0004819,P00862,outpatient,2025-03-26 08:00:00,2025-03-26 13:00:00,General Surgery,Home,Follow-up,False
E0004820,P00862,inpatient,2025-06-11 08:00:00,2025-06-12 17:00:00,General Surgery,Skilled nursing facility,Postoperative wound issue,False
E0004821,P00862,inpatient,2025-09-28 05:00:00,2025-10-04 08:00:00,General Medicine,Skilled nursing facility,Electrolyte disorder,False
E0004822,P00862,inpatient,2025-10-13 09:00:00,2025-10-15 12:00:00,General Medicine,Home,Electrolyte disorder,False
E0004823,P00863,outpatient,2025-04-13 08:00:00,2025-04-13 13:00:00,Cardiology,Home,Medication review,False
E0004824,P00863,emergency,2025-06-16 08:00:00,2025-06-16 13:00:00,General Surgery,Home,Medication review,False
E0004825,P00863,inpatient,2025-10-21 08:00:00,2025-10-23 13:00:00,General Medicine,Home,Cellulitis,False
E0004826,P00864,emergency,2025-06-18 08:00:00,2025-06-18 13:00:00,General Medicine,Home,Medication review,False
E0004827,P00864,emergency,2025-07-04 08:00:00,2025-07-04 11:00:00,Endocrinology,Home,Medication review,False
E0004828,P00864,outpatient,2025-07-14 08:00:00,2025-07-14 16:00:00,Cardiology,Home,Acute symptom visit,False
E0004829,P00865,outpatient,2024-12-31 08:00:00,2024-12-31 10:00:00,Endocrinology,Home,Follow-up,False
E0004830,P00865,outpatient,2025-01-18 08:00:00,2025-01-18 12:00:00,Cardiology,Home,Acute symptom visit,False
E0004831,P00865,emergency,2025-03-04 08:00:00,2025-03-04 10:00:00,Pulmonary,Home,Follow-up,False
E0004832,P00865,outpatient,2025-03-11 08:00:00,2025-03-11 10:00:00,Cardiology,Home,Follow-up,False
E0004833,P00865,emergency,2025-04-12 08:00:00,2025-04-12 12:00:00,Cardiology,Home,Acute symptom visit,False
E0004834,P00865,emergency,2025-04-27 08:00:00,2025-04-27 11:00:00,General Medicine,Home,Follow-up,False
E0004835,P00865,outpatient,2025-05-30 08:00:00,2025-05-30 13:00:00,General Surgery,Home,Medication review,False
E0004836,P00865,emergency,2025-06-14 08:00:00,2025-06-14 13:00:00,Cardiology,Home,Medication review,False
E0004837,P00865,inpatient,2025-07-08 08:00:00,2025-07-11 10:00:00,General Surgery,Transfer to acute care,Postoperative wound issue,False
E0004838,P00866,outpatient,2025-01-04 08:00:00,2025-01-04 14:00:00,Cardiology,Home,Medication review,False
E0004839,P00866,outpatient,2025-01-22 08:00:00,2025-01-22 14:00:00,Endocrinology,Home,Follow-up,False
E0004840,P00866,outpatient,2025-02-20 08:00:00,2025-02-20 13:00:00,General Medicine,Home,Acute symptom visit,False
E0004841,P00866,emergency,2025-04-18 08:00:00,2025-04-18 10:00:00,General Surgery,Home,Follow-up,False
E0004842,P00866,emergency,2025-06-26 08:00:00,2025-06-26 11:00:00,Endocrinology,Home,Acute symptom visit,False
E0004843,P00866,inpatient,2025-08-14 08:00:00,2025-08-19 10:00:00,General Surgery,Home,Postoperative wound issue,False
E0004844,P00867,outpatient,2024-10-24 08:00:00,2024-10-24 15:00:00,Cardiology,Home,Follow-up,False
E0004845,P00867,emergency,2025-01-05 08:00:00,2025-01-05 12:00:00,Pulmonary,Home,Follow-up,False
E0004846,P00867,outpatient,2025-01-05 08:00:00,2025-01-05 12:00:00,Pulmonary,Home,Follow-up,False
E0004847,P00867,emergency,2025-01-08 08:00:00,2025-01-08 15:00:00,General Surgery,Home,Follow-up,False
E0004848,P00867,outpatient,2025-01-14 08:00:00,2025-01-14 09:00:00,General Surgery,Home,Acute symptom visit,False
E0004849,P00867,inpatient,2025-04-19 08:00:00,2025-04-21 11:00:00,General Surgery,Home,Abdominal pain,False
E0004850,P00868,outpatient,2025-03-16 08:00:00,2025-03-16 12:00:00,Cardiology,Home,Acute symptom visit,False
E0004851,P00868,outpatient,2025-05-24 08:00:00,2025-05-24 15:00:00,General Medicine,Home,Medication review,False
E0004852,P00868,outpatient,2025-06-10 08:00:00,2025-06-10 14:00:00,General Surgery,Home,Acute symptom visit,False
E0004853,P00868,inpatient,2025-08-29 08:00:00,2025-09-01 13:00:00,General Surgery,Skilled nursing facility,Postoperative wound issue,False
E0004854,P00868,inpatient,2025-10-23 18:00:00,2025-10-25 21:00:00,General Medicine,Home health,Cellulitis,False
E0004855,P00869,outpatient,2025-02-14 08:00:00,2025-02-14 09:00:00,General Medicine,Home,Acute symptom visit,False
E0004856,P00869,outpatient,2025-02-19 08:00:00,2025-02-19 11:00:00,Cardiology,Home,Follow-up,False
E0004857,P00869,inpatient,2025-05-13 08:00:00,2025-05-16 17:00:00,General Medicine,Home,Cellulitis,False
E0004858,P00869,inpatient,2025-09-12 20:00:00,2025-09-14 02:00:00,Pulmonary,Home health,COPD exacerbation,False
E0004859,P00870,outpatient,2025-04-27 08:00:00,2025-04-27 16:00:00,Endocrinology,Home,Medication review,False
E0004860,P00870,inpatient,2025-08-03 08:00:00,2025-08-04 13:00:00,General Surgery,Transfer to acute care,Abdominal pain,False
E0004861,P00870,inpatient,2025-09-22 13:00:00,2025-09-26 19:00:00,General Surgery,Home health,Postoperative wound issue,False
E0004862,P00871,outpatient,2025-03-21 08:00:00,2025-03-21 10:00:00,Endocrinology,Home,Follow-up,False
E0004863,P00871,outpatient,2025-03-26 08:00:00,2025-03-26 14:00:00,Cardiology,Home,Medication review,False
E0004864,P00871,outpatient,2025-05-10 08:00:00,2025-05-10 10:00:00,Pulmonary,Home,Acute symptom visit,False
E0004865,P00871,outpatient,2025-06-11 08:00:00,2025-06-11 13:00:00,Endocrinology,Home,Follow-up,False
E0004866,P00871,emergency,2025-07-08 08:00:00,2025-07-08 14:00:00,Endocrinology,Home,Follow-up,False
E0004867,P00871,outpatient,2025-07-11 08:00:00,2025-07-11 12:00:00,Pulmonary,Home,Follow-up,False
E0004868,P00871,inpatient,2025-09-25 08:00:00,2025-09-28 17:00:00,General Surgery,Home,Abdominal pain,False
E0004869,P00872,outpatient,2025-04-26 08:00:00,2025-04-26 14:00:00,General Surgery,Home,Acute symptom visit,False
E0004870,P00872,emergency,2025-05-11 08:00:00,2025-05-11 12:00:00,Pulmonary,Home,Acute symptom visit,False
E0004871,P00872,inpatient,2025-05-23 08:00:00,2025-05-28 17:00:00,Cardiology,Home health,Heart failure exacerbation,False
E0004872,P00872,inpatient,2025-10-02 17:00:00,2025-10-06 22:00:00,General Medicine,Home health,Cellulitis,False
E0004873,P00873,outpatient,2025-02-18 08:00:00,2025-02-18 12:00:00,Pulmonary,Home,Acute symptom visit,False
E0004874,P00873,outpatient,2025-02-26 08:00:00,2025-02-26 16:00:00,Pulmonary,Home,Medication review,False
E0004875,P00873,outpatient,2025-04-12 08:00:00,2025-04-12 15:00:00,Cardiology,Home,Medication review,False
E0004876,P00873,outpatient,2025-05-30 08:00:00,2025-05-30 11:00:00,General Medicine,Home,Acute symptom visit,False
E0004877,P00873,inpatient,2025-08-26 08:00:00,2025-08-31 17:00:00,Cardiology,Home,Chest pain,False
E0004878,P00873,inpatient,2025-11-19 20:00:00,2025-11-21 02:00:00,General Medicine,Home,Electrolyte disorder,False
E0004879,P00874,emergency,2024-12-22 08:00:00,2024-12-22 10:00:00,General Surgery,Home,Follow-up,False
E0004880,P00874,outpatient,2025-02-09 08:00:00,2025-02-09 09:00:00,General Surgery,Home,Medication review,False
E0004881,P00874,outpatient,2025-03-24 08:00:00,2025-03-24 15:00:00,Endocrinology,Home,Medication review,False
E0004882,P00874,emergency,2025-04-01 08:00:00,2025-04-01 16:00:00,General Surgery,Home,Acute symptom visit,False
E0004883,P00874,inpatient,2025-05-27 08:00:00,2025-05-29 18:00:00,General Medicine,Skilled nursing facility,Syncope,False
E0004884,P00875,outpatient,2025-05-22 08:00:00,2025-05-22 09:00:00,General Medicine,Home,Follow-up,False
E0004885,P00875,outpatient,2025-07-18 08:00:00,2025-07-18 14:00:00,Endocrinology,Home,Medication review,False
E0004886,P00875,outpatient,2025-07-19 08:00:00,2025-07-19 11:00:00,General Medicine,Home,Acute symptom visit,False
E0004887,P00875,outpatient,2025-09-10 08:00:00,2025-09-10 11:00:00,Cardiology,Home,Acute symptom visit,False
E0004888,P00875,emergency,2025-09-30 08:00:00,2025-09-30 12:00:00,Endocrinology,Home,Medication review,False
E0004889,P00875,outpatient,2025-09-30 08:00:00,2025-09-30 11:00:00,Cardiology,Home,Acute symptom visit,False
E0004890,P00875,inpatient,2025-11-05 08:00:00,2025-11-07 18:00:00,General Surgery,Home,Abdominal pain,False
E0004891,P00875,inpatient,2026-03-09 21:00:00,2026-03-13 06:00:00,General Medicine,Home health,Syncope,False
E0004892,P00875,inpatient,2026-04-27 12:00:00,2026-04-30 18:00:00,Pulmonary,Home health,COPD exacerbation,False
E0004893,P00876,outpatient,2025-04-19 08:00:00,2025-04-19 10:00:00,General Medicine,Home,Acute symptom visit,False
E0004894,P00876,inpatient,2025-10-03 08:00:00,2025-10-05 17:00:00,General Surgery,Home health,Abdominal pain,False
E0004895,P00877,outpatient,2025-01-10 08:00:00,2025-01-10 11:00:00,Pulmonary,Home,Acute symptom visit,False
E0004896,P00877,inpatient,2025-07-08 08:00:00,2025-07-12 18:00:00,General Surgery,Home health,Abdominal pain,False
E0004897,P00878,emergency,2025-01-08 08:00:00,2025-01-08 10:00:00,General Surgery,Home,Medication review,False
E0004898,P00878,outpatient,2025-01-30 08:00:00,2025-01-30 14:00:00,General Surgery,Home,Follow-up,False
E0004899,P00878,outpatient,2025-04-23 08:00:00,2025-04-23 11:00:00,Endocrinology,Home,Acute symptom visit,False
E0004900,P00878,outpatient,2025-04-25 08:00:00,2025-04-25 14:00:00,General Surgery,Home,Follow-up,False
E0004901,P00878,inpatient,2025-06-24 08:00:00,2025-06-28 18:00:00,Endocrinology,Skilled nursing facility,Hypoglycemia,False
E0004902,P00878,inpatient,2025-09-22 19:00:00,2025-09-25 22:00:00,General Surgery,Home,Abdominal pain,True
E0004903,P00879,outpatient,2025-02-24 08:00:00,2025-02-24 12:00:00,Endocrinology,Home,Medication review,False
E0004904,P00879,outpatient,2025-03-10 08:00:00,2025-03-10 09:00:00,General Medicine,Home,Acute symptom visit,False
E0004905,P00879,outpatient,2025-04-21 08:00:00,2025-04-21 14:00:00,General Medicine,Home,Acute symptom visit,False
E0004906,P00879,inpatient,2025-09-02 08:00:00,2025-09-07 15:00:00,Endocrinology,Home,Hyperglycemia,False
E0004907,P00879,inpatient,2025-12-21 17:00:00,2025-12-25 01:00:00,General Medicine,Home,Sepsis,False
E0004908,P00880,outpatient,2024-10-04 08:00:00,2024-10-04 15:00:00,Pulmonary,Home,Follow-up,False
E0004909,P00880,outpatient,2025-01-02 08:00:00,2025-01-02 13:00:00,General Surgery,Home,Acute symptom visit,False
E0004910,P00880,inpatient,2025-02-02 08:00:00,2025-02-06 14:00:00,General Medicine,Home health,Sepsis,False
E0004911,P00881,outpatient,2024-09-08 08:00:00,2024-09-08 13:00:00,Pulmonary,Home,Medication review,False
E0004912,P00881,emergency,2024-09-17 08:00:00,2024-09-17 13:00:00,General Medicine,Home,Follow-up,False
E0004913,P00881,emergency,2024-10-04 08:00:00,2024-10-04 09:00:00,Cardiology,Home,Medication review,False
E0004914,P00881,outpatient,2024-12-25 08:00:00,2024-12-25 15:00:00,General Medicine,Home,Follow-up,False
E0004915,P00881,outpatient,2025-01-24 08:00:00,2025-01-24 10:00:00,General Medicine,Home,Medication review,False
E0004916,P00881,outpatient,2025-01-25 08:00:00,2025-01-25 11:00:00,General Surgery,Home,Follow-up,False
E0004917,P00881,emergency,2025-01-26 08:00:00,2025-01-26 10:00:00,Pulmonary,Home,Medication review,False
E0004918,P00881,inpatient,2025-02-27 08:00:00,2025-03-03 16:00:00,General Surgery,Home health,Postoperative wound issue,False
E0004919,P00882,outpatient,2024-09-01 08:00:00,2024-09-01 14:00:00,Endocrinology,Home,Medication review,False
E0004920,P00882,outpatient,2024-09-24 08:00:00,2024-09-24 11:00:00,General Medicine,Home,Acute symptom visit,False
E0004921,P00882,emergency,2024-10-08 08:00:00,2024-10-08 14:00:00,Cardiology,Home,Medication review,False
E0004922,P00882,outpatient,2024-11-28 08:00:00,2024-11-28 11:00:00,Pulmonary,Home,Medication review,False
E0004923,P00882,outpatient,2024-12-23 08:00:00,2024-12-23 14:00:00,Cardiology,Home,Acute symptom visit,False
E0004924,P00882,emergency,2025-01-01 08:00:00,2025-01-01 11:00:00,General Medicine,Home,Acute symptom visit,False
E0004925,P00882,inpatient,2025-02-21 08:00:00,2025-02-22 16:00:00,Endocrinology,Skilled nursing facility,Diabetes complication,False
E0004926,P00882,inpatient,2025-05-20 16:00:00,2025-05-21 22:00:00,Cardiology,Home,Atrial fibrillation,False
E0004927,P00883,outpatient,2024-10-18 08:00:00,2024-10-18 14:00:00,General Surgery,Home,Follow-up,False
E0004928,P00883,emergency,2024-11-02 08:00:00,2024-11-02 16:00:00,Pulmonary,Home,Medication review,False
E0004929,P00883,outpatient,2025-01-27 08:00:00,2025-01-27 09:00:00,Cardiology,Home,Acute symptom visit,False
E0004930,P00883,outpatient,2025-02-11 08:00:00,2025-02-11 09:00:00,Pulmonary,Home,Acute symptom visit,False
E0004931,P00883,outpatient,2025-02-27 08:00:00,2025-02-27 16:00:00,Pulmonary,Home,Follow-up,False
E0004932,P00883,outpatient,2025-03-07 08:00:00,2025-03-07 13:00:00,Pulmonary,Home,Follow-up,False
E0004933,P00883,inpatient,2025-05-08 08:00:00,2025-05-11 12:00:00,General Medicine,Home,Cellulitis,False
E0004934,P00884,outpatient,2025-04-23 08:00:00,2025-04-23 14:00:00,Pulmonary,Home,Medication review,False
E0004935,P00884,outpatient,2025-05-05 08:00:00,2025-05-05 13:00:00,General Surgery,Home,Medication review,False
E0004936,P00884,outpatient,2025-06-16 08:00:00,2025-06-16 12:00:00,Pulmonary,Home,Medication review,False
E0004937,P00884,outpatient,2025-07-31 08:00:00,2025-07-31 09:00:00,General Surgery,Home,Acute symptom visit,False
E0004938,P00884,outpatient,2025-09-05 08:00:00,2025-09-05 09:00:00,General Surgery,Home,Acute symptom visit,False
E0004939,P00884,inpatient,2025-10-20 08:00:00,2025-10-25 16:00:00,Endocrinology,Home,Diabetes complication,False
E0004940,P00884,inpatient,2026-02-24 19:00:00,2026-02-27 00:00:00,General Medicine,Transfer to acute care,Electrolyte disorder,False
E0004941,P00884,inpatient,2026-07-20 05:00:00,2026-07-25 15:00:00,Pulmonary,Home,Pneumonia,False
E0004942,P00885,outpatient,2025-05-17 08:00:00,2025-05-17 09:00:00,General Surgery,Home,Acute symptom visit,False
E0004943,P00885,outpatient,2025-05-18 08:00:00,2025-05-18 09:00:00,Cardiology,Home,Follow-up,False
E0004944,P00885,inpatient,2025-09-05 08:00:00,2025-09-08 10:00:00,General Surgery,Skilled nursing facility,Postoperative wound issue,False
E0004945,P00885,inpatient,2025-11-15 15:00:00,2025-11-18 21:00:00,Endocrinology,Home,Diabetes complication,False
E0004946,P00886,outpatient,2024-09-08 08:00:00,2024-09-08 13:00:00,Pulmonary,Home,Follow-up,False
E0004947,P00886,outpatient,2024-09-08 08:00:00,2024-09-08 12:00:00,General Medicine,Home,Acute symptom visit,False
E0004948,P00886,emergency,2024-10-26 08:00:00,2024-10-26 09:00:00,Endocrinology,Home,Follow-up,False
E0004949,P00886,outpatient,2024-11-02 08:00:00,2024-11-02 13:00:00,General Surgery,Home,Medication review,False
E0004950,P00886,emergency,2024-12-11 08:00:00,2024-12-11 09:00:00,Endocrinology,Home,Acute symptom visit,False
E0004951,P00886,outpatient,2024-12-18 08:00:00,2024-12-18 15:00:00,Endocrinology,Home,Medication review,False
E0004952,P00886,emergency,2025-02-12 08:00:00,2025-02-12 09:00:00,Endocrinology,Home,Follow-up,False
E0004953,P00886,inpatient,2025-04-12 08:00:00,2025-04-16 11:00:00,General Medicine,Home,Syncope,False
E0004954,P00887,outpatient,2024-08-20 08:00:00,2024-08-20 09:00:00,Cardiology,Home,Medication review,False
E0004955,P00887,outpatient,2024-09-09 08:00:00,2024-09-09 14:00:00,Endocrinology,Home,Follow-up,False
E0004956,P00887,outpatient,2025-01-05 08:00:00,2025-01-05 13:00:00,Cardiology,Home,Medication review,False
E0004957,P00887,inpatient,2025-02-17 08:00:00,2025-02-21 11:00:00,Cardiology,Home,Chest pain,False
E0004958,P00888,outpatient,2025-04-20 08:00:00,2025-04-20 10:00:00,Pulmonary,Home,Follow-up,False
E0004959,P00888,emergency,2025-05-09 08:00:00,2025-05-09 16:00:00,General Medicine,Home,Follow-up,False
E0004960,P00888,outpatient,2025-05-19 08:00:00,2025-05-19 13:00:00,General Medicine,Home,Acute symptom visit,False
E0004961,P00888,outpatient,2025-05-21 08:00:00,2025-05-21 10:00:00,General Medicine,Home,Medication review,False
E0004962,P00888,outpatient,2025-07-14 08:00:00,2025-07-14 14:00:00,General Surgery,Home,Medication review,False
E0004963,P00888,emergency,2025-07-18 08:00:00,2025-07-18 15:00:00,General Medicine,Home,Medication review,False
E0004964,P00889,emergency,2025-02-14 08:00:00,2025-02-14 16:00:00,Endocrinology,Home,Medication review,False
E0004965,P00889,outpatient,2025-03-18 08:00:00,2025-03-18 15:00:00,Pulmonary,Home,Medication review,False
E0004966,P00889,outpatient,2025-04-24 08:00:00,2025-04-24 16:00:00,General Surgery,Home,Acute symptom visit,False
E0004967,P00889,outpatient,2025-06-06 08:00:00,2025-06-06 10:00:00,Pulmonary,Home,Follow-up,False
E0004968,P00889,inpatient,2025-07-30 08:00:00,2025-07-31 12:00:00,Pulmonary,Home,COPD exacerbation,False
E0004969,P00890,outpatient,2024-09-29 08:00:00,2024-09-29 10:00:00,General Surgery,Home,Medication review,False
E0004970,P00890,outpatient,2024-11-08 08:00:00,2024-11-08 09:00:00,Pulmonary,Home,Acute symptom visit,False
E0004971,P00890,outpatient,2024-12-14 08:00:00,2024-12-14 10:00:00,Pulmonary,Home,Medication review,False
E0004972,P00890,outpatient,2025-02-21 08:00:00,2025-02-21 12:00:00,Pulmonary,Home,Acute symptom visit,False
E0004973,P00890,inpatient,2025-03-18 08:00:00,2025-03-20 14:00:00,Cardiology,Skilled nursing facility,Chest pain,False
E0004974,P00890,inpatient,2025-05-04 19:00:00,2025-05-09 05:00:00,General Medicine,Home,Sepsis,False
E0004975,P00890,inpatient,2025-07-07 11:00:00,2025-07-10 21:00:00,Pulmonary,Skilled nursing facility,Asthma exacerbation,False
E0004976,P00891,emergency,2024-12-17 08:00:00,2024-12-17 15:00:00,Pulmonary,Home,Follow-up,False
E0004977,P00891,outpatient,2025-01-13 08:00:00,2025-01-13 09:00:00,Cardiology,Home,Medication review,False
E0004978,P00891,emergency,2025-04-01 08:00:00,2025-04-01 10:00:00,Pulmonary,Home,Follow-up,False
E0004979,P00891,emergency,2025-05-11 08:00:00,2025-05-11 10:00:00,Endocrinology,Home,Follow-up,False
E0004980,P00891,inpatient,2025-06-21 08:00:00,2025-06-25 13:00:00,Cardiology,Home,Chest pain,False
E0004981,P00891,inpatient,2025-10-07 22:00:00,2025-10-15 03:00:00,Endocrinology,Skilled nursing facility,Hyperglycemia,False
E0004982,P00891,inpatient,2026-03-02 15:00:00,2026-03-08 18:00:00,General Medicine,Transfer to acute care,Cellulitis,False
E0004983,P00892,outpatient,2024-10-04 08:00:00,2024-10-04 13:00:00,Cardiology,Home,Follow-up,False
E0004984,P00892,outpatient,2024-10-24 08:00:00,2024-10-24 16:00:00,General Medicine,Home,Follow-up,False
E0004985,P00892,emergency,2024-11-07 08:00:00,2024-11-07 14:00:00,General Medicine,Home,Medication review,False
E0004986,P00892,inpatient,2025-04-17 08:00:00,2025-04-19 15:00:00,Cardiology,Skilled nursing facility,Heart failure exacerbation,False
E0004987,P00893,outpatient,2025-05-07 08:00:00,2025-05-07 12:00:00,General Medicine,Home,Follow-up,False
E0004988,P00893,outpatient,2025-07-11 08:00:00,2025-07-11 14:00:00,Endocrinology,Home,Acute symptom visit,False
E0004989,P00893,inpatient,2025-12-06 08:00:00,2025-12-11 11:00:00,Pulmonary,Home health,Asthma exacerbation,False
E0004990,P00894,outpatient,2025-05-02 08:00:00,2025-05-02 09:00:00,Pulmonary,Home,Follow-up,False
E0004991,P00894,inpatient,2025-07-19 08:00:00,2025-07-20 13:00:00,General Surgery,Home health,Biliary disease,False
E0004992,P00895,outpatient,2024-11-13 08:00:00,2024-11-13 13:00:00,Cardiology,Home,Follow-up,False
E0004993,P00895,outpatient,2024-11-13 08:00:00,2024-11-13 11:00:00,General Medicine,Home,Follow-up,False
E0004994,P00895,emergency,2024-12-06 08:00:00,2024-12-06 13:00:00,Pulmonary,Home,Acute symptom visit,False
E0004995,P00895,emergency,2024-12-15 08:00:00,2024-12-15 13:00:00,Pulmonary,Home,Medication review,False
E0004996,P00896,outpatient,2024-11-17 08:00:00,2024-11-17 12:00:00,Pulmonary,Home,Acute symptom visit,False
E0004997,P00896,emergency,2024-12-18 08:00:00,2024-12-18 15:00:00,General Medicine,Home,Acute symptom visit,False
E0004998,P00896,emergency,2025-01-26 08:00:00,2025-01-26 10:00:00,General Surgery,Home,Follow-up,False
E0004999,P00896,outpatient,2025-02-24 08:00:00,2025-02-24 16:00:00,Pulmonary,Home,Acute symptom visit,False
E0005000,P00896,outpatient,2025-03-08 08:00:00,2025-03-08 13:00:00,Cardiology,Home,Medication review,False
E0005001,P00896,inpatient,2025-04-08 08:00:00,2025-04-13 16:00:00,General Medicine,Home,Syncope,False
E0005002,P00897,outpatient,2025-01-31 08:00:00,2025-01-31 14:00:00,Cardiology,Home,Medication review,False
E0005003,P00897,outpatient,2025-02-17 08:00:00,2025-02-17 13:00:00,Cardiology,Home,Acute symptom visit,False
E0005004,P00898,outpatient,2025-05-21 08:00:00,2025-05-21 12:00:00,General Surgery,Home,Acute symptom visit,False
E0005005,P00898,emergency,2025-07-14 08:00:00,2025-07-14 09:00:00,General Medicine,Home,Medication review,False
E0005006,P00898,inpatient,2025-11-01 08:00:00,2025-11-03 10:00:00,General Medicine,Home,Electrolyte disorder,False
E0005007,P00899,outpatient,2024-07-21 08:00:00,2024-07-21 14:00:00,General Surgery,Home,Medication review,False
E0005008,P00899,outpatient,2024-09-22 08:00:00,2024-09-22 16:00:00,General Surgery,Home,Follow-up,False
E0005009,P00899,outpatient,2024-09-30 08:00:00,2024-09-30 13:00:00,General Medicine,Home,Medication review,False
E0005010,P00899,outpatient,2024-11-26 08:00:00,2024-11-26 14:00:00,General Medicine,Home,Follow-up,False
E0005011,P00899,emergency,2024-12-03 08:00:00,2024-12-03 16:00:00,Endocrinology,Home,Medication review,False
E0005012,P00899,inpatient,2025-01-13 08:00:00,2025-01-15 13:00:00,Pulmonary,Home health,Asthma exacerbation,False
E0005013,P00899,inpatient,2025-03-09 00:00:00,2025-03-11 09:00:00,Endocrinology,Home,Hyperglycemia,False
E0005014,P00900,outpatient,2025-02-06 08:00:00,2025-02-06 12:00:00,Pulmonary,Home,Acute symptom visit,False
E0005015,P00900,outpatient,2025-02-20 08:00:00,2025-02-20 14:00:00,General Surgery,Home,Medication review,False
E0005016,P00900,emergency,2025-05-15 08:00:00,2025-05-15 09:00:00,Pulmonary,Home,Acute symptom visit,False
E0005017,P00900,emergency,2025-05-20 08:00:00,2025-05-20 12:00:00,Pulmonary,Home,Follow-up,False
E0005018,P00900,outpatient,2025-06-05 08:00:00,2025-06-05 11:00:00,Endocrinology,Home,Follow-up,False
E0005019,P00900,inpatient,2025-08-08 08:00:00,2025-08-09 13:00:00,Endocrinology,Home,Diabetes complication,False
E0005020,P00900,inpatient,2025-12-15 19:00:00,2025-12-19 00:00:00,General Surgery,Home,Abdominal pain,False
