medication_id,patient_id,encounter_id,medication_name,therapeutic_class,start_date,stop_date
M00000001,P00001,E0000008,Lisinopril,Antihypertensive,2025-03-27,
M00000002,P00002,E0000014,Apixaban,Anticoagulant,2025-02-27,
M00000003,P00002,E0000014,Insulin glargine,Antihyperglycemic,2025-02-27,2025-02-28
M00000004,P00002,E0000014,Metformin,Antihyperglycemic,2025-02-26,2025-02-28
M00000005,P00002,E0000015,Furosemide,Diuretic,2025-06-04,
M00000006,P00002,E0000015,Atorvastatin,Lipid lowering,2025-06-05,2025-06-07
M00000007,P00003,E0000020,Atorvastatin,Lipid lowering,2025-12-01,
M00000008,P00003,E0000021,Insulin glargine,Antihyperglycemic,2026-03-08,2026-03-10
M00000009,P00003,E0000021,Furosemide,Diuretic,2026-03-08,
M00000010,P00003,E0000021,Lisinopril,Antihypertensive,2026-03-07,
M00000011,P00003,E0000021,Apixaban,Anticoagulant,2026-03-07,2026-03-10
M00000012,P00003,E0000022,Atorvastatin,Lipid lowering,2026-06-16,
M00000013,P00003,E0000022,Albuterol,Bronchodilator,2026-06-16,
M00000014,P00003,E0000022,Apixaban,Anticoagulant,2026-06-16,2026-06-19
M00000015,P00004,E0000030,Lisinopril,Antihypertensive,2025-04-30,
M00000016,P00004,E0000030,Amlodipine,Antihypertensive,2025-04-30,
M00000017,P00004,E0000030,Insulin glargine,Antihyperglycemic,2025-04-30,2025-05-03
M00000018,P00005,E0000032,Albuterol,Bronchodilator,2025-04-15,
M00000019,P00006,E0000037,Atorvastatin,Lipid lowering,2025-08-21,
M00000020,P00006,E0000037,Metformin,Antihyperglycemic,2025-08-20,
M00000021,P00006,E0000038,Lisinopril,Antihypertensive,2025-12-22,
M00000022,P00006,E0000038,Furosemide,Diuretic,2025-12-22,
M00000023,P00007,E0000042,Metformin,Antihyperglycemic,2025-08-19,2025-08-21
M00000024,P00007,E0000042,Lisinopril,Antihypertensive,2025-08-19,2025-08-21
M00000025,P00007,E0000042,Atorvastatin,Lipid lowering,2025-08-20,
M00000026,P00008,E0000048,Metformin,Antihyperglycemic,2025-10-25,
M00000027,P00009,E0000052,Insulin glargine,Antihyperglycemic,2025-09-28,2025-09-28
M00000028,P00010,E0000060,Lisinopril,Antihypertensive,2025-05-29,
M00000029,P00010,E0000061,Metformin,Antihyperglycemic,2025-08-05,2025-08-10
M00000030,P00010,E0000061,Atorvastatin,Lipid lowering,2025-08-06,2025-08-10
M00000031,P00010,E0000061,Furosemide,Diuretic,2025-08-05,
M00000032,P00011,E0000067,Insulin glargine,Antihyperglycemic,2025-03-02,2025-03-03
M00000033,P00011,E0000067,Furosemide,Diuretic,2025-03-02,
M00000034,P00011,E0000067,Albuterol,Bronchodilator,2025-03-03,
M00000035,P00011,E0000067,Atorvastatin,Lipid lowering,2025-03-03,
M00000036,P00013,E0000078,Furosemide,Diuretic,2025-03-27,2025-03-30
M00000037,P00014,E0000085,Metformin,Antihyperglycemic,2025-09-14,2025-09-18
M00000038,P00014,E0000085,Furosemide,Diuretic,2025-09-15,
M00000039,P00014,E0000086,Atorvastatin,Lipid lowering,2025-10-04,
M00000040,P00014,E0000086,Amlodipine,Antihypertensive,2025-10-05,2025-10-09
M00000041,P00015,E0000093,Albuterol,Bronchodilator,2025-01-13,
M00000042,P00015,E0000093,Insulin glargine,Antihyperglycemic,2025-01-13,
M00000043,P00015,E0000093,Lisinopril,Antihypertensive,2025-01-13,
M00000044,P00016,E0000100,Lisinopril,Antihypertensive,2025-06-14,2025-06-15
M00000045,P00016,E0000100,Apixaban,Anticoagulant,2025-06-15,
M00000046,P00016,E0000100,Albuterol,Bronchodilator,2025-06-14,
M00000047,P00017,E0000106,Lisinopril,Antihypertensive,2025-10-15,
M00000048,P00017,E0000106,Atorvastatin,Lipid lowering,2025-10-14,
M00000049,P00018,E0000110,Lisinopril,Antihypertensive,2025-12-05,
M00000050,P00018,E0000110,Metformin,Antihyperglycemic,2025-12-05,2025-12-07
M00000051,P00018,E0000110,Apixaban,Anticoagulant,2025-12-04,
M00000052,P00018,E0000111,Lisinopril,Antihypertensive,2026-04-12,2026-04-13
M00000053,P00018,E0000111,Furosemide,Diuretic,2026-04-13,
M00000054,P00018,E0000112,Atorvastatin,Lipid lowering,2026-07-02,
M00000055,P00019,E0000115,Insulin glargine,Antihyperglycemic,2025-10-14,
M00000056,P00019,E0000115,Albuterol,Bronchodilator,2025-10-15,
M00000057,P00019,E0000116,Insulin glargine,Antihyperglycemic,2026-02-17,2026-02-19
M00000058,P00019,E0000116,Albuterol,Bronchodilator,2026-02-16,
M00000059,P00019,E0000116,Apixaban,Anticoagulant,2026-02-17,
M00000060,P00019,E0000116,Furosemide,Diuretic,2026-02-16,
M00000061,P00020,E0000122,Apixaban,Anticoagulant,2025-09-13,2025-09-14
M00000062,P00020,E0000122,Albuterol,Bronchodilator,2025-09-12,
M00000063,P00020,E0000122,Insulin glargine,Antihyperglycemic,2025-09-12,
M00000064,P00020,E0000123,Apixaban,Anticoagulant,2025-10-10,
M00000065,P00020,E0000123,Atorvastatin,Lipid lowering,2025-10-10,2025-10-12
M00000066,P00020,E0000123,Insulin glargine,Antihyperglycemic,2025-10-10,
M00000067,P00020,E0000123,Albuterol,Bronchodilator,2025-10-09,
M00000068,P00020,E0000123,Furosemide,Diuretic,2025-10-10,
M00000069,P00020,E0000123,Lisinopril,Antihypertensive,2025-10-09,2025-10-12
M00000070,P00021,E0000128,Apixaban,Anticoagulant,2025-08-30,
M00000071,P00021,E0000129,Insulin glargine,Antihyperglycemic,2025-10-18,2025-10-24
M00000072,P00021,E0000129,Metformin,Antihyperglycemic,2025-10-18,
M00000073,P00021,E0000129,Apixaban,Anticoagulant,2025-10-17,2025-10-24
M00000074,P00022,E0000135,Albuterol,Bronchodilator,2025-08-22,
M00000075,P00022,E0000135,Furosemide,Diuretic,2025-08-22,
M00000076,P00023,E0000142,Lisinopril,Antihypertensive,2025-04-29,
M00000077,P00023,E0000142,Amlodipine,Antihypertensive,2025-04-29,
M00000078,P00023,E0000142,Furosemide,Diuretic,2025-04-29,2025-05-02
M00000079,P00023,E0000142,Atorvastatin,Lipid lowering,2025-04-30,2025-05-02
M00000080,P00024,E0000149,Lisinopril,Antihypertensive,2025-05-17,
M00000081,P00024,E0000150,Atorvastatin,Lipid lowering,2025-09-06,
M00000082,P00024,E0000150,Insulin glargine,Antihyperglycemic,2025-09-06,
M00000083,P00024,E0000150,Lisinopril,Antihypertensive,2025-09-07,
M00000084,P00024,E0000150,Furosemide,Diuretic,2025-09-06,2025-09-08
M00000085,P00025,E0000154,Atorvastatin,Lipid lowering,2025-10-24,
M00000086,P00025,E0000154,Lisinopril,Antihypertensive,2025-10-23,2025-10-25
M00000087,P00025,E0000154,Insulin glargine,Antihyperglycemic,2025-10-23,2025-10-25
M00000088,P00025,E0000154,Furosemide,Diuretic,2025-10-23,2025-10-25
M00000089,P00025,E0000154,Metformin,Antihyperglycemic,2025-10-24,
M00000090,P00026,E0000162,Insulin glargine,Antihyperglycemic,2025-03-19,
M00000091,P00026,E0000162,Lisinopril,Antihypertensive,2025-03-19,
M00000092,P00027,E0000168,Furosemide,Diuretic,2025-09-26,2025-09-27
M00000093,P00027,E0000169,Lisinopril,Antihypertensive,2026-01-12,
M00000094,P00027,E0000169,Metformin,Antihyperglycemic,2026-01-11,2026-01-15
M00000095,P00027,E0000169,Albuterol,Bronchodilator,2026-01-11,2026-01-15
M00000096,P00028,E0000173,Metformin,Antihyperglycemic,2025-07-18,
M00000097,P00028,E0000173,Albuterol,Bronchodilator,2025-07-19,2025-07-25
M00000098,P00029,E0000177,Lisinopril,Antihypertensive,2025-03-20,
M00000099,P00029,E0000177,Apixaban,Anticoagulant,2025-03-19,2025-03-22
M00000100,P00029,E0000177,Metformin,Antihyperglycemic,2025-03-20,2025-03-22
M00000101,P00031,E0000189,Insulin glargine,Antihyperglycemic,2025-11-03,
M00000102,P00031,E0000189,Furosemide,Diuretic,2025-11-03,
M00000103,P00031,E0000190,Atorvastatin,Lipid lowering,2025-11-27,
M00000104,P00032,E0000192,Lisinopril,Antihypertensive,2025-05-24,2025-05-28
M00000105,P00032,E0000192,Furosemide,Diuretic,2025-05-25,
M00000106,P00032,E0000192,Atorvastatin,Lipid lowering,2025-05-25,2025-05-28
M00000107,P00032,E0000192,Albuterol,Bronchodilator,2025-05-25,2025-05-28
M00000108,P00032,E0000193,Metformin,Antihyperglycemic,2025-10-20,
M00000109,P00033,E0000199,Atorvastatin,Lipid lowering,2025-04-24,2025-04-29
M00000110,P00033,E0000199,Lisinopril,Antihypertensive,2025-04-24,
M00000111,P00033,E0000200,Metformin,Antihyperglycemic,2025-09-08,
M00000112,P00034,E0000205,Albuterol,Bronchodilator,2025-10-16,2025-10-18
M00000113,P00034,E0000205,Lisinopril,Antihypertensive,2025-10-16,
M00000114,P00034,E0000205,Insulin glargine,Antihyperglycemic,2025-10-16,
M00000115,P00035,E0000208,Atorvastatin,Lipid lowering,2025-09-19,
M00000116,P00035,E0000209,Atorvastatin,Lipid lowering,2025-12-30,
M00000117,P00035,E0000209,Lisinopril,Antihypertensive,2025-12-29,
M00000118,P00036,E0000213,Metformin,Antihyperglycemic,2025-10-17,
M00000119,P00036,E0000213,Albuterol,Bronchodilator,2025-10-18,
M00000120,P00036,E0000213,Furosemide,Diuretic,2025-10-18,
M00000121,P00037,E0000220,Albuterol,Bronchodilator,2025-08-08,2025-08-12
M00000122,P00038,E0000224,Furosemide,Diuretic,2025-02-19,
M00000123,P00038,E0000224,Lisinopril,Antihypertensive,2025-02-19,
M00000124,P00038,E0000225,Metformin,Antihyperglycemic,2025-04-12,2025-04-13
M00000125,P00038,E0000225,Amlodipine,Antihypertensive,2025-04-11,
M00000126,P00038,E0000225,Furosemide,Diuretic,2025-04-11,2025-04-13
M00000127,P00038,E0000225,Apixaban,Anticoagulant,2025-04-11,
M00000128,P00039,E0000227,Apixaban,Anticoagulant,2025-07-10,
M00000129,P00039,E0000227,Amlodipine,Antihypertensive,2025-07-10,
M00000130,P00039,E0000227,Insulin glargine,Antihyperglycemic,2025-07-10,2025-07-10
M00000131,P00040,E0000234,Albuterol,Bronchodilator,2025-08-21,
M00000132,P00041,E0000240,Insulin glargine,Antihyperglycemic,2025-03-23,
M00000133,P00042,E0000247,Albuterol,Bronchodilator,2025-05-02,2025-05-03
M00000134,P00043,E0000250,Lisinopril,Antihypertensive,2025-02-26,
M00000135,P00043,E0000250,Metformin,Antihyperglycemic,2025-02-26,
M00000136,P00043,E0000250,Albuterol,Bronchodilator,2025-02-26,
M00000137,P00044,E0000254,Atorvastatin,Lipid lowering,2025-02-24,2025-02-26
M00000138,P00044,E0000254,Albuterol,Bronchodilator,2025-02-24,2025-02-26
M00000139,P00044,E0000254,Insulin glargine,Antihyperglycemic,2025-02-23,
M00000140,P00045,E0000261,Metformin,Antihyperglycemic,2025-06-13,
M00000141,P00045,E0000261,Lisinopril,Antihypertensive,2025-06-13,
M00000142,P00045,E0000261,Furosemide,Diuretic,2025-06-14,
M00000143,P00045,E0000262,Amlodipine,Antihypertensive,2025-09-03,
M00000144,P00045,E0000262,Lisinopril,Antihypertensive,2025-09-02,
M00000145,P00045,E0000262,Apixaban,Anticoagulant,2025-09-02,2025-09-03
M00000146,P00045,E0000262,Metformin,Antihyperglycemic,2025-09-03,
M00000147,P00045,E0000262,Atorvastatin,Lipid lowering,2025-09-02,2025-09-03
M00000148,P00045,E0000262,Albuterol,Bronchodilator,2025-09-03,
M00000149,P00046,E0000269,Furosemide,Diuretic,2025-04-29,
M00000150,P00046,E0000269,Amlodipine,Antihypertensive,2025-04-29,2025-04-30
M00000151,P00047,E0000271,Atorvastatin,Lipid lowering,2025-06-22,2025-06-23
M00000152,P00047,E0000272,Atorvastatin,Lipid lowering,2025-08-08,2025-08-12
M00000153,P00047,E0000272,Albuterol,Bronchodilator,2025-08-08,
M00000154,P00048,E0000278,Amlodipine,Antihypertensive,2025-11-03,
M00000155,P00049,E0000284,Insulin glargine,Antihyperglycemic,2025-08-26,
M00000156,P00049,E0000285,Lisinopril,Antihypertensive,2025-11-07,2025-11-09
M00000157,P00050,E0000291,Apixaban,Anticoagulant,2025-04-11,2025-04-12
M00000158,P00050,E0000291,Albuterol,Bronchodilator,2025-04-10,
M00000159,P00050,E0000291,Atorvastatin,Lipid lowering,2025-04-10,
M00000160,P00050,E0000291,Lisinopril,Antihypertensive,2025-04-11,
M00000161,P00051,E0000296,Amlodipine,Antihypertensive,2025-06-23,2025-06-24
M00000162,P00051,E0000297,Furosemide,Diuretic,2025-06-29,
M00000163,P00052,E0000301,Albuterol,Bronchodilator,2025-01-31,2025-02-01
M00000164,P00052,E0000301,Lisinopril,Antihypertensive,2025-01-30,2025-02-01
M00000165,P00052,E0000302,Furosemide,Diuretic,2025-02-13,2025-02-14
M00000166,P00052,E0000302,Atorvastatin,Lipid lowering,2025-02-13,2025-02-14
M00000167,P00053,E0000306,Metformin,Antihyperglycemic,2025-02-06,2025-02-07
M00000168,P00053,E0000306,Apixaban,Anticoagulant,2025-02-06,
M00000169,P00053,E0000307,Insulin glargine,Antihyperglycemic,2025-02-23,
M00000170,P00054,E0000311,Atorvastatin,Lipid lowering,2025-02-03,2025-02-06
M00000171,P00054,E0000311,Amlodipine,Antihypertensive,2025-02-04,
M00000172,P00054,E0000311,Furosemide,Diuretic,2025-02-03,2025-02-06
M00000173,P00054,E0000312,Furosemide,Diuretic,2025-06-03,
M00000174,P00054,E0000312,Metformin,Antihyperglycemic,2025-06-02,
M00000175,P00054,E0000312,Albuterol,Bronchodilator,2025-06-02,2025-06-08
M00000176,P00054,E0000312,Atorvastatin,Lipid lowering,2025-06-03,
M00000177,P00054,E0000313,Atorvastatin,Lipid lowering,2025-06-29,2025-07-04
M00000178,P00054,E0000313,Lisinopril,Antihypertensive,2025-06-29,
M00000179,P00054,E0000313,Albuterol,Bronchodilator,2025-06-30,2025-07-04
M00000180,P00054,E0000313,Insulin glargine,Antihyperglycemic,2025-06-30,
M00000181,P00055,E0000319,Albuterol,Bronchodilator,2025-09-20,2025-09-23
M00000182,P00055,E0000319,Insulin glargine,Antihyperglycemic,2025-09-21,
M00000183,P00055,E0000320,Albuterol,Bronchodilator,2025-10-09,2025-10-10
M00000184,P00056,E0000327,Metformin,Antihyperglycemic,2025-03-16,2025-03-17
M00000185,P00056,E0000327,Albuterol,Bronchodilator,2025-03-17,2025-03-17
M00000186,P00056,E0000327,Furosemide,Diuretic,2025-03-16,
M00000187,P00056,E0000328,Albuterol,Bronchodilator,2025-07-24,
M00000188,P00056,E0000328,Lisinopril,Antihypertensive,2025-07-24,
M00000189,P00056,E0000328,Furosemide,Diuretic,2025-07-24,
M00000190,P00056,E0000328,Metformin,Antihyperglycemic,2025-07-25,
M00000191,P00057,E0000333,Lisinopril,Antihypertensive,2025-08-28,
M00000192,P00057,E0000333,Furosemide,Diuretic,2025-08-28,2025-08-30
M00000193,P00058,E0000338,Albuterol,Bronchodilator,2025-02-11,
M00000194,P00058,E0000339,Atorvastatin,Lipid lowering,2025-04-08,2025-04-10
M00000195,P00058,E0000339,Amlodipine,Antihypertensive,2025-04-07,2025-04-10
M00000196,P00058,E0000339,Metformin,Antihyperglycemic,2025-04-08,
M00000197,P00059,E0000343,Metformin,Antihyperglycemic,2025-08-19,
M00000198,P00059,E0000343,Furosemide,Diuretic,2025-08-19,
M00000199,P00059,E0000344,Albuterol,Bronchodilator,2025-12-28,
M00000200,P00059,E0000344,Amlodipine,Antihypertensive,2025-12-28,2025-12-30
M00000201,P00059,E0000344,Furosemide,Diuretic,2025-12-29,
M00000202,P00059,E0000345,Insulin glargine,Antihyperglycemic,2026-01-23,
M00000203,P00059,E0000345,Albuterol,Bronchodilator,2026-01-23,
M00000204,P00060,E0000350,Amlodipine,Antihypertensive,2025-03-27,
M00000205,P00061,E0000353,Albuterol,Bronchodilator,2025-07-17,
M00000206,P00061,E0000353,Lisinopril,Antihypertensive,2025-07-18,
M00000207,P00061,E0000354,Apixaban,Anticoagulant,2025-10-14,
M00000208,P00061,E0000354,Albuterol,Bronchodilator,2025-10-14,
M00000209,P00061,E0000355,Albuterol,Bronchodilator,2025-11-14,
M00000210,P00061,E0000355,Amlodipine,Antihypertensive,2025-11-13,2025-11-15
M00000211,P00061,E0000355,Furosemide,Diuretic,2025-11-14,
M00000212,P00061,E0000355,Atorvastatin,Lipid lowering,2025-11-13,2025-11-15
M00000213,P00061,E0000355,Insulin glargine,Antihyperglycemic,2025-11-13,
M00000214,P00062,E0000360,Atorvastatin,Lipid lowering,2025-04-10,2025-04-11
M00000215,P00062,E0000360,Insulin glargine,Antihyperglycemic,2025-04-09,2025-04-11
M00000216,P00062,E0000360,Albuterol,Bronchodilator,2025-04-09,2025-04-11
M00000217,P00062,E0000361,Albuterol,Bronchodilator,2025-08-28,
M00000218,P00063,E0000365,Lisinopril,Antihypertensive,2025-10-05,
M00000219,P00063,E0000365,Furosemide,Diuretic,2025-10-06,
M00000220,P00063,E0000365,Amlodipine,Antihypertensive,2025-10-06,2025-10-09
M00000221,P00065,E0000382,Atorvastatin,Lipid lowering,2025-09-06,2025-09-09
M00000222,P00065,E0000382,Albuterol,Bronchodilator,2025-09-06,
M00000223,P00065,E0000382,Amlodipine,Antihypertensive,2025-09-06,
M00000224,P00065,E0000382,Apixaban,Anticoagulant,2025-09-07,
M00000225,P00065,E0000382,Furosemide,Diuretic,2025-09-06,
M00000226,P00067,E0000387,Atorvastatin,Lipid lowering,2025-07-18,
M00000227,P00067,E0000387,Lisinopril,Antihypertensive,2025-07-17,
M00000228,P00067,E0000387,Furosemide,Diuretic,2025-07-18,
M00000229,P00067,E0000387,Metformin,Antihyperglycemic,2025-07-18,2025-07-20
M00000230,P00067,E0000387,Albuterol,Bronchodilator,2025-07-18,2025-07-20
M00000231,P00068,E0000390,Insulin glargine,Antihyperglycemic,2025-09-20,
M00000232,P00068,E0000390,Lisinopril,Antihypertensive,2025-09-19,2025-09-20
M00000233,P00068,E0000390,Metformin,Antihyperglycemic,2025-09-19,2025-09-20
M00000234,P00068,E0000391,Lisinopril,Antihypertensive,2025-12-12,
M00000235,P00068,E0000391,Metformin,Antihyperglycemic,2025-12-12,
M00000236,P00069,E0000397,Atorvastatin,Lipid lowering,2025-09-26,
M00000237,P00069,E0000397,Apixaban,Anticoagulant,2025-09-25,2025-09-28
M00000238,P00069,E0000397,Metformin,Antihyperglycemic,2025-09-26,
M00000239,P00069,E0000397,Amlodipine,Antihypertensive,2025-09-25,2025-09-28
M00000240,P00069,E0000398,Furosemide,Diuretic,2026-01-30,
M00000241,P00069,E0000398,Insulin glargine,Antihyperglycemic,2026-01-29,2026-02-01
M00000242,P00070,E0000404,Lisinopril,Antihypertensive,2025-08-05,
M00000243,P00071,E0000410,Albuterol,Bronchodilator,2025-08-19,
M00000244,P00071,E0000410,Lisinopril,Antihypertensive,2025-08-19,
M00000245,P00071,E0000410,Amlodipine,Antihypertensive,2025-08-19,
M00000246,P00071,E0000410,Atorvastatin,Lipid lowering,2025-08-20,
M00000247,P00071,E0000411,Lisinopril,Antihypertensive,2025-10-19,
M00000248,P00071,E0000411,Amlodipine,Antihypertensive,2025-10-19,
M00000249,P00071,E0000411,Albuterol,Bronchodilator,2025-10-19,
M00000250,P00072,E0000419,Furosemide,Diuretic,2025-10-16,
M00000251,P00072,E0000420,Lisinopril,Antihypertensive,2025-10-23,
M00000252,P00073,E0000425,Atorvastatin,Lipid lowering,2025-01-21,
M00000253,P00073,E0000425,Insulin glargine,Antihyperglycemic,2025-01-21,
M00000254,P00073,E0000426,Lisinopril,Antihypertensive,2025-01-30,
M00000255,P00073,E0000427,Amlodipine,Antihypertensive,2025-02-24,2025-02-27
M00000256,P00073,E0000427,Albuterol,Bronchodilator,2025-02-24,
M00000257,P00073,E0000427,Metformin,Antihyperglycemic,2025-02-23,2025-02-27
M00000258,P00073,E0000427,Apixaban,Anticoagulant,2025-02-23,
M00000259,P00074,E0000432,Albuterol,Bronchodilator,2025-04-20,
M00000260,P00074,E0000432,Lisinopril,Antihypertensive,2025-04-20,2025-04-21
M00000261,P00074,E0000432,Amlodipine,Antihypertensive,2025-04-19,2025-04-21
M00000262,P00074,E0000432,Metformin,Antihyperglycemic,2025-04-20,
M00000263,P00074,E0000433,Insulin glargine,Antihyperglycemic,2025-06-16,2025-06-18
M00000264,P00075,E0000441,Amlodipine,Antihypertensive,2025-01-27,2025-01-30
M00000265,P00075,E0000441,Atorvastatin,Lipid lowering,2025-01-27,2025-01-30
M00000266,P00075,E0000442,Lisinopril,Antihypertensive,2025-04-07,
M00000267,P00075,E0000442,Furosemide,Diuretic,2025-04-08,2025-04-12
M00000268,P00077,E0000450,Lisinopril,Antihypertensive,2025-04-07,
M00000269,P00078,E0000454,Metformin,Antihyperglycemic,2025-05-08,
M00000270,P00078,E0000454,Lisinopril,Antihypertensive,2025-05-09,
M00000271,P00078,E0000454,Amlodipine,Antihypertensive,2025-05-08,
M00000272,P00080,E0000463,Insulin glargine,Antihyperglycemic,2025-08-09,
M00000273,P00081,E0000467,Atorvastatin,Lipid lowering,2025-04-22,
M00000274,P00081,E0000467,Metformin,Antihyperglycemic,2025-04-21,
M00000275,P00081,E0000467,Amlodipine,Antihypertensive,2025-04-22,
M00000276,P00081,E0000467,Insulin glargine,Antihyperglycemic,2025-04-21,2025-04-23
M00000277,P00081,E0000467,Apixaban,Anticoagulant,2025-04-21,
M00000278,P00081,E0000468,Apixaban,Anticoagulant,2025-08-01,2025-08-06
M00000279,P00081,E0000468,Furosemide,Diuretic,2025-08-01,
M00000280,P00081,E0000469,Insulin glargine,Antihyperglycemic,2026-01-01,
M00000281,P00081,E0000469,Metformin,Antihyperglycemic,2026-01-02,2026-01-04
M00000282,P00081,E0000469,Albuterol,Bronchodilator,2026-01-02,
M00000283,P00081,E0000469,Atorvastatin,Lipid lowering,2026-01-02,
M00000284,P00083,E0000475,Metformin,Antihyperglycemic,2025-03-06,2025-03-08
M00000285,P00083,E0000475,Apixaban,Anticoagulant,2025-03-05,2025-03-08
M00000286,P00083,E0000476,Albuterol,Bronchodilator,2025-05-03,2025-05-04
M00000287,P00083,E0000476,Insulin glargine,Antihyperglycemic,2025-05-02,2025-05-04
M00000288,P00084,E0000480,Lisinopril,Antihypertensive,2025-02-24,2025-02-25
M00000289,P00084,E0000480,Amlodipine,Antihypertensive,2025-02-24,2025-02-25
M00000290,P00085,E0000483,Lisinopril,Antihypertensive,2025-08-04,
M00000291,P00086,E0000486,Metformin,Antihyperglycemic,2025-08-01,2025-08-04
M00000292,P00087,E0000496,Apixaban,Anticoagulant,2025-02-02,
M00000293,P00087,E0000496,Insulin glargine,Antihyperglycemic,2025-02-01,2025-02-04
M00000294,P00087,E0000496,Metformin,Antihyperglycemic,2025-02-01,2025-02-04
M00000295,P00087,E0000496,Amlodipine,Antihypertensive,2025-02-01,2025-02-04
M00000296,P00087,E0000496,Albuterol,Bronchodilator,2025-02-02,2025-02-04
M00000297,P00088,E0000500,Apixaban,Anticoagulant,2025-08-14,2025-08-19
M00000298,P00088,E0000501,Atorvastatin,Lipid lowering,2025-12-24,
M00000299,P00089,E0000503,Furosemide,Diuretic,2025-02-14,2025-02-15
M00000300,P00090,E0000509,Lisinopril,Antihypertensive,2025-09-02,2025-09-04
M00000301,P00090,E0000509,Atorvastatin,Lipid lowering,2025-09-01,
M00000302,P00090,E0000509,Albuterol,Bronchodilator,2025-09-02,2025-09-04
M00000303,P00091,E0000515,Apixaban,Anticoagulant,2025-07-15,
M00000304,P00091,E0000515,Furosemide,Diuretic,2025-07-15,
M00000305,P00091,E0000515,Albuterol,Bronchodilator,2025-07-15,2025-07-20
M00000306,P00091,E0000515,Atorvastatin,Lipid lowering,2025-07-16,2025-07-20
M00000307,P00091,E0000515,Insulin glargine,Antihyperglycemic,2025-07-16,
M00000308,P00091,E0000515,Metformin,Antihyperglycemic,2025-07-16,
M00000309,P00091,E0000515,Amlodipine,Antihypertensive,2025-07-16,2025-07-20
M00000310,P00091,E0000516,Insulin glargine,Antihyperglycemic,2025-08-10,2025-08-13
M00000311,P00091,E0000516,Furosemide,Diuretic,2025-08-11,
M00000312,P00091,E0000516,Lisinopril,Antihypertensive,2025-08-11,2025-08-13
M00000313,P00091,E0000516,Albuterol,Bronchodilator,2025-08-11,2025-08-13
M00000314,P00091,E0000516,Metformin,Antihyperglycemic,2025-08-11,2025-08-13
M00000315,P00091,E0000517,Atorvastatin,Lipid lowering,2025-08-27,
M00000316,P00091,E0000517,Insulin glargine,Antihyperglycemic,2025-08-28,
M00000317,P00091,E0000517,Lisinopril,Antihypertensive,2025-08-27,2025-09-01
M00000318,P00091,E0000517,Furosemide,Diuretic,2025-08-27,
M00000319,P00091,E0000517,Apixaban,Anticoagulant,2025-08-28,2025-09-01
M00000320,P00091,E0000517,Metformin,Antihyperglycemic,2025-08-27,2025-09-01
M00000321,P00091,E0000517,Amlodipine,Antihypertensive,2025-08-28,
M00000322,P00091,E0000517,Albuterol,Bronchodilator,2025-08-27,
M00000323,P00092,E0000520,Lisinopril,Antihypertensive,2025-08-21,2025-08-23
M00000324,P00092,E0000521,Lisinopril,Antihypertensive,2025-12-11,
M00000325,P00094,E0000533,Atorvastatin,Lipid lowering,2025-09-18,2025-09-20
M00000326,P00094,E0000533,Insulin glargine,Antihyperglycemic,2025-09-18,
M00000327,P00094,E0000533,Amlodipine,Antihypertensive,2025-09-17,
M00000328,P00094,E0000533,Apixaban,Anticoagulant,2025-09-18,2025-09-20
M00000329,P00094,E0000534,Albuterol,Bronchodilator,2026-01-06,2026-01-10
M00000330,P00094,E0000534,Furosemide,Diuretic,2026-01-05,2026-01-10
M00000331,P00094,E0000534,Atorvastatin,Lipid lowering,2026-01-06,
M00000332,P00095,E0000539,Metformin,Antihyperglycemic,2025-07-07,
M00000333,P00095,E0000539,Apixaban,Anticoagulant,2025-07-08,
M00000334,P00096,E0000543,Amlodipine,Antihypertensive,2025-04-18,2025-04-18
M00000335,P00096,E0000543,Albuterol,Bronchodilator,2025-04-18,
M00000336,P00097,E0000550,Apixaban,Anticoagulant,2025-04-28,
M00000337,P00097,E0000550,Metformin,Antihyperglycemic,2025-04-28,
M00000338,P00098,E0000553,Furosemide,Diuretic,2025-09-17,
M00000339,P00098,E0000553,Insulin glargine,Antihyperglycemic,2025-09-16,2025-09-20
M00000340,P00098,E0000553,Apixaban,Anticoagulant,2025-09-16,
M00000341,P00098,E0000553,Metformin,Antihyperglycemic,2025-09-17,2025-09-20
M00000342,P00098,E0000554,Amlodipine,Antihypertensive,2025-11-09,
M00000343,P00099,E0000561,Albuterol,Bronchodilator,2025-08-24,2025-08-28
M00000344,P00099,E0000561,Amlodipine,Antihypertensive,2025-08-25,
M00000345,P00099,E0000561,Apixaban,Anticoagulant,2025-08-25,
M00000346,P00099,E0000561,Lisinopril,Antihypertensive,2025-08-24,
M00000347,P00099,E0000561,Atorvastatin,Lipid lowering,2025-08-25,
M00000348,P00099,E0000562,Metformin,Antihyperglycemic,2026-01-07,2026-01-09
M00000349,P00100,E0000566,Metformin,Antihyperglycemic,2025-10-22,
M00000350,P00100,E0000566,Furosemide,Diuretic,2025-10-22,
M00000351,P00100,E0000566,Apixaban,Anticoagulant,2025-10-22,
M00000352,P00101,E0000575,Lisinopril,Antihypertensive,2025-08-21,
M00000353,P00101,E0000575,Furosemide,Diuretic,2025-08-21,
M00000354,P00101,E0000575,Apixaban,Anticoagulant,2025-08-20,
M00000355,P00102,E0000580,Lisinopril,Antihypertensive,2025-08-08,2025-08-10
M00000356,P00102,E0000580,Apixaban,Anticoagulant,2025-08-09,2025-08-10
M00000357,P00102,E0000580,Metformin,Antihyperglycemic,2025-08-09,
M00000358,P00102,E0000580,Amlodipine,Antihypertensive,2025-08-08,2025-08-10
M00000359,P00102,E0000580,Furosemide,Diuretic,2025-08-09,2025-08-10
M00000360,P00102,E0000580,Atorvastatin,Lipid lowering,2025-08-08,
M00000361,P00103,E0000584,Atorvastatin,Lipid lowering,2025-04-07,
M00000362,P00103,E0000584,Amlodipine,Antihypertensive,2025-04-07,
M00000363,P00103,E0000584,Furosemide,Diuretic,2025-04-07,
M00000364,P00104,E0000589,Lisinopril,Antihypertensive,2025-08-04,
M00000365,P00104,E0000590,Amlodipine,Antihypertensive,2025-11-11,
M00000366,P00104,E0000590,Metformin,Antihyperglycemic,2025-11-12,2025-11-14
M00000367,P00105,E0000594,Albuterol,Bronchodilator,2025-03-15,
M00000368,P00105,E0000594,Metformin,Antihyperglycemic,2025-03-15,2025-03-18
M00000369,P00105,E0000594,Furosemide,Diuretic,2025-03-14,
M00000370,P00105,E0000595,Atorvastatin,Lipid lowering,2025-07-22,2025-07-26
M00000371,P00105,E0000595,Insulin glargine,Antihyperglycemic,2025-07-22,
M00000372,P00106,E0000600,Atorvastatin,Lipid lowering,2025-09-18,
M00000373,P00106,E0000601,Apixaban,Anticoagulant,2026-02-12,
M00000374,P00106,E0000601,Atorvastatin,Lipid lowering,2026-02-11,2026-02-17
M00000375,P00106,E0000601,Amlodipine,Antihypertensive,2026-02-11,2026-02-17
M00000376,P00106,E0000601,Furosemide,Diuretic,2026-02-11,
M00000377,P00107,E0000608,Insulin glargine,Antihyperglycemic,2025-05-20,2025-05-21
M00000378,P00107,E0000608,Furosemide,Diuretic,2025-05-20,
M00000379,P00107,E0000608,Amlodipine,Antihypertensive,2025-05-20,
M00000380,P00107,E0000608,Albuterol,Bronchodilator,2025-05-20,
M00000381,P00107,E0000608,Lisinopril,Antihypertensive,2025-05-21,
M00000382,P00108,E0000612,Atorvastatin,Lipid lowering,2025-07-23,2025-07-26
M00000383,P00108,E0000612,Lisinopril,Antihypertensive,2025-07-23,2025-07-26
M00000384,P00108,E0000612,Furosemide,Diuretic,2025-07-23,
M00000385,P00108,E0000612,Metformin,Antihyperglycemic,2025-07-22,
M00000386,P00108,E0000612,Albuterol,Bronchodilator,2025-07-22,
M00000387,P00110,E0000618,Atorvastatin,Lipid lowering,2025-04-13,
M00000388,P00110,E0000618,Furosemide,Diuretic,2025-04-14,
M00000389,P00110,E0000618,Insulin glargine,Antihyperglycemic,2025-04-14,
M00000390,P00110,E0000618,Amlodipine,Antihypertensive,2025-04-13,2025-04-15
M00000391,P00111,E0000620,Furosemide,Diuretic,2025-09-06,2025-09-07
M00000392,P00111,E0000620,Apixaban,Anticoagulant,2025-09-05,
M00000393,P00111,E0000620,Metformin,Antihyperglycemic,2025-09-06,2025-09-07
M00000394,P00111,E0000620,Albuterol,Bronchodilator,2025-09-06,2025-09-07
M00000395,P00111,E0000620,Insulin glargine,Antihyperglycemic,2025-09-05,2025-09-07
M00000396,P00112,E0000627,Albuterol,Bronchodilator,2025-05-03,2025-05-07
M00000397,P00112,E0000627,Apixaban,Anticoagulant,2025-05-04,2025-05-07
M00000398,P00113,E0000630,Amlodipine,Antihypertensive,2025-01-25,
M00000399,P00113,E0000631,Furosemide,Diuretic,2025-04-13,2025-04-16
M00000400,P00115,E0000645,Albuterol,Bronchodilator,2025-02-21,
M00000401,P00115,E0000645,Lisinopril,Antihypertensive,2025-02-20,2025-02-21
M00000402,P00115,E0000645,Insulin glargine,Antihyperglycemic,2025-02-20,
M00000403,P00115,E0000646,Insulin glargine,Antihyperglycemic,2025-04-19,2025-04-19
M00000404,P00115,E0000646,Apixaban,Anticoagulant,2025-04-19,
M00000405,P00115,E0000646,Metformin,Antihyperglycemic,2025-04-18,
M00000406,P00115,E0000646,Albuterol,Bronchodilator,2025-04-19,
M00000407,P00115,E0000646,Amlodipine,Antihypertensive,2025-04-19,
M00000408,P00116,E0000650,Lisinopril,Antihypertensive,2025-05-31,
M00000409,P00116,E0000650,Atorvastatin,Lipid lowering,2025-05-30,
M00000410,P00117,E0000655,Atorvastatin,Lipid lowering,2025-08-08,2025-08-08
M00000411,P00117,E0000655,Albuterol,Bronchodilator,2025-08-07,2025-08-08
M00000412,P00117,E0000656,Metformin,Antihyperglycemic,2025-12-20,
M00000413,P00118,E0000660,Albuterol,Bronchodilator,2025-03-12,2025-03-17
M00000414,P00118,E0000660,Furosemide,Diuretic,2025-03-13,2025-03-17
M00000415,P00118,E0000660,Insulin glargine,Antihyperglycemic,2025-03-13,2025-03-17
M00000416,P00119,E0000667,Metformin,Antihyperglycemic,2025-10-09,
M00000417,P00119,E0000667,Amlodipine,Antihypertensive,2025-10-09,2025-10-10
M00000418,P00119,E0000667,Insulin glargine,Antihyperglycemic,2025-10-09,
M00000419,P00119,E0000667,Albuterol,Bronchodilator,2025-10-09,
M00000420,P00120,E0000674,Metformin,Antihyperglycemic,2025-02-24,2025-02-26
M00000421,P00120,E0000674,Apixaban,Anticoagulant,2025-02-23,
M00000422,P00120,E0000675,Atorvastatin,Lipid lowering,2025-04-22,
M00000423,P00120,E0000675,Furosemide,Diuretic,2025-04-21,
M00000424,P00120,E0000675,Albuterol,Bronchodilator,2025-04-21,
M00000425,P00121,E0000677,Furosemide,Diuretic,2025-02-21,2025-02-23
M00000426,P00121,E0000677,Lisinopril,Antihypertensive,2025-02-21,
M00000427,P00121,E0000678,Lisinopril,Antihypertensive,2025-05-26,
M00000428,P00121,E0000678,Apixaban,Anticoagulant,2025-05-26,2025-05-30
M00000429,P00121,E0000679,Apixaban,Anticoagulant,2025-09-04,
M00000430,P00122,E0000685,Atorvastatin,Lipid lowering,2025-10-11,2025-10-14
M00000431,P00122,E0000685,Lisinopril,Antihypertensive,2025-10-10,
M00000432,P00123,E0000690,Atorvastatin,Lipid lowering,2025-02-13,
M00000433,P00124,E0000696,Apixaban,Anticoagulant,2025-07-09,2025-07-10
M00000434,P00124,E0000697,Furosemide,Diuretic,2025-11-01,2025-11-03
M00000435,P00124,E0000697,Atorvastatin,Lipid lowering,2025-11-01,2025-11-03
M00000436,P00124,E0000697,Albuterol,Bronchodilator,2025-10-31,
M00000437,P00125,E0000702,Amlodipine,Antihypertensive,2025-06-12,
M00000438,P00125,E0000702,Insulin glargine,Antihyperglycemic,2025-06-13,
M00000439,P00125,E0000703,Lisinopril,Antihypertensive,2025-09-05,2025-09-08
M00000440,P00126,E0000707,Furosemide,Diuretic,2025-07-12,
M00000441,P00126,E0000707,Insulin glargine,Antihyperglycemic,2025-07-13,2025-07-15
M00000442,P00127,E0000710,Metformin,Antihyperglycemic,2025-02-05,2025-02-06
M00000443,P00128,E0000717,Furosemide,Diuretic,2025-07-15,
M00000444,P00128,E0000717,Atorvastatin,Lipid lowering,2025-07-14,2025-07-17
M00000445,P00128,E0000717,Amlodipine,Antihypertensive,2025-07-14,
M00000446,P00128,E0000718,Albuterol,Bronchodilator,2025-12-13,
M00000447,P00128,E0000718,Lisinopril,Antihypertensive,2025-12-12,2025-12-15
M00000448,P00128,E0000718,Insulin glargine,Antihyperglycemic,2025-12-12,
M00000449,P00128,E0000719,Apixaban,Anticoagulant,2026-03-15,2026-03-18
M00000450,P00128,E0000719,Insulin glargine,Antihyperglycemic,2026-03-15,2026-03-18
M00000451,P00130,E0000730,Atorvastatin,Lipid lowering,2025-10-13,2025-10-18
M00000452,P00130,E0000730,Furosemide,Diuretic,2025-10-13,2025-10-18
M00000453,P00130,E0000730,Lisinopril,Antihypertensive,2025-10-14,2025-10-18
M00000454,P00131,E0000736,Atorvastatin,Lipid lowering,2025-03-14,2025-03-17
M00000455,P00131,E0000736,Amlodipine,Antihypertensive,2025-03-14,
M00000456,P00131,E0000736,Lisinopril,Antihypertensive,2025-03-13,
M00000457,P00132,E0000740,Insulin glargine,Antihyperglycemic,2025-02-09,2025-02-12
M00000458,P00132,E0000740,Atorvastatin,Lipid lowering,2025-02-10,
M00000459,P00132,E0000740,Albuterol,Bronchodilator,2025-02-09,2025-02-12
M00000460,P00134,E0000748,Metformin,Antihyperglycemic,2025-10-23,
M00000461,P00135,E0000754,Lisinopril,Antihypertensive,2025-11-01,
M00000462,P00135,E0000754,Amlodipine,Antihypertensive,2025-11-01,2025-11-04
M00000463,P00135,E0000755,Albuterol,Bronchodilator,2026-02-13,
M00000464,P00135,E0000755,Insulin glargine,Antihyperglycemic,2026-02-13,2026-02-15
M00000465,P00135,E0000755,Atorvastatin,Lipid lowering,2026-02-14,
M00000466,P00135,E0000755,Amlodipine,Antihypertensive,2026-02-13,2026-02-15
M00000467,P00136,E0000762,Insulin glargine,Antihyperglycemic,2025-07-29,2025-07-30
M00000468,P00136,E0000762,Amlodipine,Antihypertensive,2025-07-29,2025-07-30
M00000469,P00136,E0000762,Metformin,Antihyperglycemic,2025-07-29,2025-07-30
M00000470,P00137,E0000765,Furosemide,Diuretic,2025-03-29,
M00000471,P00137,E0000765,Apixaban,Anticoagulant,2025-03-30,2025-04-03
M00000472,P00137,E0000765,Albuterol,Bronchodilator,2025-03-29,2025-04-03
M00000473,P00137,E0000765,Amlodipine,Antihypertensive,2025-03-30,
M00000474,P00138,E0000771,Lisinopril,Antihypertensive,2025-10-27,
M00000475,P00138,E0000771,Apixaban,Anticoagulant,2025-10-28,2025-10-28
M00000476,P00138,E0000771,Insulin glargine,Antihyperglycemic,2025-10-27,2025-10-28
M00000477,P00138,E0000772,Albuterol,Bronchodilator,2026-02-19,2026-02-24
M00000478,P00139,E0000775,Lisinopril,Antihypertensive,2025-08-10,
M00000479,P00139,E0000776,Lisinopril,Antihypertensive,2025-10-11,2025-10-14
M00000480,P00140,E0000781,Lisinopril,Antihypertensive,2025-01-16,2025-01-18
M00000481,P00140,E0000781,Apixaban,Anticoagulant,2025-01-17,
M00000482,P00141,E0000787,Lisinopril,Antihypertensive,2025-09-19,2025-09-22
M00000483,P00141,E0000788,Apixaban,Anticoagulant,2026-01-03,
M00000484,P00142,E0000795,Insulin glargine,Antihyperglycemic,2025-06-21,
M00000485,P00142,E0000796,Amlodipine,Antihypertensive,2025-09-14,
M00000486,P00142,E0000796,Apixaban,Anticoagulant,2025-09-15,
M00000487,P00143,E0000801,Furosemide,Diuretic,2025-02-10,
M00000488,P00143,E0000802,Insulin glargine,Antihyperglycemic,2025-05-06,2025-05-09
M00000489,P00143,E0000802,Furosemide,Diuretic,2025-05-06,
M00000490,P00143,E0000802,Amlodipine,Antihypertensive,2025-05-07,
M00000491,P00144,E0000807,Insulin glargine,Antihyperglycemic,2025-03-26,
M00000492,P00144,E0000807,Apixaban,Anticoagulant,2025-03-27,2025-03-30
M00000493,P00144,E0000807,Atorvastatin,Lipid lowering,2025-03-26,
M00000494,P00144,E0000808,Albuterol,Bronchodilator,2025-04-14,2025-04-18
M00000495,P00145,E0000814,Furosemide,Diuretic,2025-06-18,2025-06-22
M00000496,P00146,E0000820,Atorvastatin,Lipid lowering,2025-03-27,
M00000497,P00146,E0000820,Lisinopril,Antihypertensive,2025-03-28,
M00000498,P00146,E0000820,Apixaban,Anticoagulant,2025-03-28,2025-04-01
M00000499,P00146,E0000820,Furosemide,Diuretic,2025-03-27,
M00000500,P00146,E0000821,Albuterol,Bronchodilator,2025-06-03,2025-06-06
M00000501,P00146,E0000821,Amlodipine,Antihypertensive,2025-06-03,
M00000502,P00146,E0000821,Insulin glargine,Antihyperglycemic,2025-06-03,2025-06-06
M00000503,P00146,E0000821,Apixaban,Anticoagulant,2025-06-03,2025-06-06
M00000504,P00146,E0000821,Furosemide,Diuretic,2025-06-03,2025-06-06
M00000505,P00146,E0000821,Lisinopril,Antihypertensive,2025-06-04,
M00000506,P00146,E0000821,Atorvastatin,Lipid lowering,2025-06-04,
M00000507,P00146,E0000822,Albuterol,Bronchodilator,2025-08-20,
M00000508,P00147,E0000825,Furosemide,Diuretic,2025-06-23,2025-06-26
M00000509,P00147,E0000825,Metformin,Antihyperglycemic,2025-06-23,2025-06-26
M00000510,P00148,E0000830,Albuterol,Bronchodilator,2025-05-17,
M00000511,P00148,E0000830,Furosemide,Diuretic,2025-05-18,2025-05-20
M00000512,P00148,E0000830,Lisinopril,Antihypertensive,2025-05-17,
M00000513,P00148,E0000831,Atorvastatin,Lipid lowering,2025-10-14,2025-10-17
M00000514,P00148,E0000831,Albuterol,Bronchodilator,2025-10-13,
M00000515,P00148,E0000831,Insulin glargine,Antihyperglycemic,2025-10-14,2025-10-17
M00000516,P00148,E0000831,Apixaban,Anticoagulant,2025-10-14,
M00000517,P00148,E0000832,Atorvastatin,Lipid lowering,2026-03-07,2026-03-08
M00000518,P00150,E0000845,Lisinopril,Antihypertensive,2025-06-16,2025-06-20
M00000519,P00150,E0000845,Furosemide,Diuretic,2025-06-17,2025-06-20
M00000520,P00150,E0000845,Apixaban,Anticoagulant,2025-06-17,
M00000521,P00151,E0000853,Furosemide,Diuretic,2025-03-01,
M00000522,P00151,E0000853,Lisinopril,Antihypertensive,2025-03-01,
M00000523,P00151,E0000853,Atorvastatin,Lipid lowering,2025-03-02,2025-03-05
M00000524,P00151,E0000854,Lisinopril,Antihypertensive,2025-07-18,2025-07-19
M00000525,P00151,E0000854,Metformin,Antihyperglycemic,2025-07-17,
M00000526,P00151,E0000854,Albuterol,Bronchodilator,2025-07-18,
M00000527,P00152,E0000862,Amlodipine,Antihypertensive,2025-10-18,
M00000528,P00152,E0000863,Metformin,Antihyperglycemic,2026-02-22,2026-02-24
M00000529,P00152,E0000864,Furosemide,Diuretic,2026-04-27,
M00000530,P00152,E0000864,Albuterol,Bronchodilator,2026-04-27,2026-04-28
M00000531,P00152,E0000864,Apixaban,Anticoagulant,2026-04-27,
M00000532,P00152,E0000864,Metformin,Antihyperglycemic,2026-04-26,
M00000533,P00153,E0000866,Atorvastatin,Lipid lowering,2025-11-02,2025-11-02
M00000534,P00153,E0000867,Atorvastatin,Lipid lowering,2026-03-18,
M00000535,P00153,E0000867,Albuterol,Bronchodilator,2026-03-18,
M00000536,P00153,E0000867,Lisinopril,Antihypertensive,2026-03-19,
M00000537,P00153,E0000867,Furosemide,Diuretic,2026-03-18,
M00000538,P00153,E0000867,Insulin glargine,Antihyperglycemic,2026-03-19,2026-03-22
M00000539,P00154,E0000873,Apixaban,Anticoagulant,2025-10-28,
M00000540,P00155,E0000880,Metformin,Antihyperglycemic,2025-11-01,
M00000541,P00155,E0000880,Furosemide,Diuretic,2025-10-31,
M00000542,P00155,E0000881,Albuterol,Bronchodilator,2026-01-15,2026-01-18
M00000543,P00155,E0000882,Insulin glargine,Antihyperglycemic,2026-04-07,2026-04-11
M00000544,P00155,E0000882,Lisinopril,Antihypertensive,2026-04-07,
M00000545,P00156,E0000890,Atorvastatin,Lipid lowering,2025-09-25,2025-09-28
M00000546,P00156,E0000890,Insulin glargine,Antihyperglycemic,2025-09-25,
M00000547,P00158,E0000901,Lisinopril,Antihypertensive,2025-07-22,
M00000548,P00158,E0000901,Albuterol,Bronchodilator,2025-07-22,
M00000549,P00158,E0000901,Metformin,Antihyperglycemic,2025-07-22,2025-07-22
M00000550,P00158,E0000901,Furosemide,Diuretic,2025-07-22,
M00000551,P00158,E0000901,Apixaban,Anticoagulant,2025-07-21,
M00000552,P00159,E0000906,Furosemide,Diuretic,2025-02-07,
M00000553,P00159,E0000907,Amlodipine,Antihypertensive,2025-06-15,
M00000554,P00159,E0000907,Albuterol,Bronchodilator,2025-06-14,
M00000555,P00160,E0000911,Lisinopril,Antihypertensive,2025-05-23,
M00000556,P00160,E0000911,Amlodipine,Antihypertensive,2025-05-22,2025-05-23
M00000557,P00160,E0000911,Insulin glargine,Antihyperglycemic,2025-05-23,
M00000558,P00161,E0000915,Insulin glargine,Antihyperglycemic,2025-04-26,2025-04-28
M00000559,P00162,E0000920,Insulin glargine,Antihyperglycemic,2025-05-23,
M00000560,P00162,E0000920,Apixaban,Anticoagulant,2025-05-22,
M00000561,P00164,E0000930,Apixaban,Anticoagulant,2025-04-30,2025-05-03
M00000562,P00164,E0000930,Metformin,Antihyperglycemic,2025-04-30,
M00000563,P00164,E0000930,Furosemide,Diuretic,2025-05-01,2025-05-03
M00000564,P00164,E0000930,Albuterol,Bronchodilator,2025-05-01,2025-05-03
M00000565,P00165,E0000937,Furosemide,Diuretic,2025-10-21,2025-10-22
M00000566,P00165,E0000937,Lisinopril,Antihypertensive,2025-10-21,
M00000567,P00165,E0000938,Metformin,Antihyperglycemic,2026-02-21,2026-02-22
M00000568,P00165,E0000938,Albuterol,Bronchodilator,2026-02-22,2026-02-22
M00000569,P00166,E0000943,Albuterol,Bronchodilator,2025-02-10,
M00000570,P00166,E0000943,Amlodipine,Antihypertensive,2025-02-11,
M00000571,P00166,E0000943,Lisinopril,Antihypertensive,2025-02-10,
M00000572,P00166,E0000943,Furosemide,Diuretic,2025-02-10,2025-02-13
M00000573,P00166,E0000944,Atorvastatin,Lipid lowering,2025-04-13,2025-04-16
M00000574,P00166,E0000944,Furosemide,Diuretic,2025-04-13,
M00000575,P00167,E0000949,Furosemide,Diuretic,2025-10-09,
M00000576,P00167,E0000950,Insulin glargine,Antihyperglycemic,2025-12-09,
M00000577,P00167,E0000950,Albuterol,Bronchodilator,2025-12-09,2025-12-14
M00000578,P00169,E0000956,Albuterol,Bronchodilator,2025-09-01,
M00000579,P00170,E0000959,Amlodipine,Antihypertensive,2025-03-23,2025-03-24
M00000580,P00170,E0000960,Albuterol,Bronchodilator,2025-06-09,
M00000581,P00171,E0000962,Amlodipine,Antihypertensive,2025-09-13,2025-09-14
M00000582,P00171,E0000962,Albuterol,Bronchodilator,2025-09-14,
M00000583,P00171,E0000962,Furosemide,Diuretic,2025-09-14,
M00000584,P00171,E0000962,Apixaban,Anticoagulant,2025-09-13,2025-09-14
M00000585,P00173,E0000973,Metformin,Antihyperglycemic,2025-07-20,
M00000586,P00173,E0000973,Insulin glargine,Antihyperglycemic,2025-07-20,2025-07-23
M00000587,P00173,E0000973,Apixaban,Anticoagulant,2025-07-21,2025-07-23
M00000588,P00173,E0000974,Furosemide,Diuretic,2025-12-20,
M00000589,P00173,E0000974,Amlodipine,Antihypertensive,2025-12-20,
M00000590,P00173,E0000974,Apixaban,Anticoagulant,2025-12-20,
M00000591,P00173,E0000974,Metformin,Antihyperglycemic,2025-12-21,2025-12-22
M00000592,P00174,E0000981,Amlodipine,Antihypertensive,2025-08-08,
M00000593,P00174,E0000981,Lisinopril,Antihypertensive,2025-08-07,2025-08-09
M00000594,P00176,E0000988,Atorvastatin,Lipid lowering,2025-10-13,
M00000595,P00177,E0000993,Metformin,Antihyperglycemic,2025-07-12,2025-07-14
M00000596,P00177,E0000993,Amlodipine,Antihypertensive,2025-07-13,
M00000597,P00177,E0000993,Lisinopril,Antihypertensive,2025-07-13,2025-07-14
M00000598,P00178,E0001001,Furosemide,Diuretic,2025-05-21,2025-05-28
M00000599,P00178,E0001001,Lisinopril,Antihypertensive,2025-05-21,
M00000600,P00178,E0001001,Metformin,Antihyperglycemic,2025-05-22,2025-05-28
M00000601,P00179,E0001007,Metformin,Antihyperglycemic,2025-04-27,2025-04-30
M00000602,P00179,E0001007,Amlodipine,Antihypertensive,2025-04-28,2025-04-30
M00000603,P00179,E0001007,Apixaban,Anticoagulant,2025-04-27,2025-04-30
M00000604,P00179,E0001007,Albuterol,Bronchodilator,2025-04-27,2025-04-30
M00000605,P00179,E0001007,Lisinopril,Antihypertensive,2025-04-28,2025-04-30
M00000606,P00179,E0001008,Apixaban,Anticoagulant,2025-06-18,
M00000607,P00179,E0001008,Amlodipine,Antihypertensive,2025-06-19,2025-06-20
M00000608,P00180,E0001011,Lisinopril,Antihypertensive,2025-08-26,
M00000609,P00180,E0001011,Atorvastatin,Lipid lowering,2025-08-26,2025-08-27
M00000610,P00181,E0001014,Amlodipine,Antihypertensive,2025-07-22,
M00000611,P00181,E0001014,Apixaban,Anticoagulant,2025-07-22,2025-07-25
M00000612,P00181,E0001014,Albuterol,Bronchodilator,2025-07-22,
M00000613,P00181,E0001014,Lisinopril,Antihypertensive,2025-07-21,2025-07-25
M00000614,P00182,E0001019,Metformin,Antihyperglycemic,2025-10-22,2025-10-26
M00000615,P00182,E0001020,Amlodipine,Antihypertensive,2026-01-11,2026-01-13
M00000616,P00182,E0001020,Insulin glargine,Antihyperglycemic,2026-01-11,
M00000617,P00182,E0001020,Atorvastatin,Lipid lowering,2026-01-12,
M00000618,P00182,E0001021,Atorvastatin,Lipid lowering,2026-01-21,2026-01-24
M00000619,P00182,E0001021,Lisinopril,Antihypertensive,2026-01-21,2026-01-24
M00000620,P00183,E0001030,Albuterol,Bronchodilator,2025-04-06,2025-04-11
M00000621,P00183,E0001030,Insulin glargine,Antihyperglycemic,2025-04-06,2025-04-11
M00000622,P00183,E0001030,Amlodipine,Antihypertensive,2025-04-06,
M00000623,P00183,E0001031,Albuterol,Bronchodilator,2025-08-05,
M00000624,P00183,E0001031,Insulin glargine,Antihyperglycemic,2025-08-04,2025-08-07
M00000625,P00183,E0001031,Furosemide,Diuretic,2025-08-05,2025-08-07
M00000626,P00183,E0001031,Metformin,Antihyperglycemic,2025-08-04,2025-08-07
M00000627,P00183,E0001031,Atorvastatin,Lipid lowering,2025-08-04,
M00000628,P00183,E0001031,Lisinopril,Antihypertensive,2025-08-05,
M00000629,P00185,E0001043,Atorvastatin,Lipid lowering,2025-08-03,2025-08-07
M00000630,P00185,E0001043,Apixaban,Anticoagulant,2025-08-03,
M00000631,P00185,E0001043,Metformin,Antihyperglycemic,2025-08-04,2025-08-07
M00000632,P00185,E0001043,Lisinopril,Antihypertensive,2025-08-03,2025-08-07
M00000633,P00186,E0001047,Atorvastatin,Lipid lowering,2025-10-23,2025-10-27
M00000634,P00186,E0001048,Metformin,Antihyperglycemic,2025-12-26,2025-12-30
M00000635,P00187,E0001054,Amlodipine,Antihypertensive,2025-10-10,
M00000636,P00187,E0001054,Albuterol,Bronchodilator,2025-10-10,
M00000637,P00187,E0001054,Insulin glargine,Antihyperglycemic,2025-10-10,
M00000638,P00187,E0001055,Amlodipine,Antihypertensive,2025-10-23,
M00000639,P00187,E0001056,Amlodipine,Antihypertensive,2025-11-18,2025-11-21
M00000640,P00187,E0001056,Albuterol,Bronchodilator,2025-11-18,
M00000641,P00187,E0001056,Insulin glargine,Antihyperglycemic,2025-11-18,2025-11-21
M00000642,P00189,E0001064,Atorvastatin,Lipid lowering,2025-06-04,2025-06-06
M00000643,P00189,E0001064,Amlodipine,Antihypertensive,2025-06-04,2025-06-06
M00000644,P00189,E0001064,Furosemide,Diuretic,2025-06-04,2025-06-06
M00000645,P00189,E0001065,Metformin,Antihyperglycemic,2025-11-03,
M00000646,P00189,E0001065,Amlodipine,Antihypertensive,2025-11-02,
M00000647,P00189,E0001065,Lisinopril,Antihypertensive,2025-11-03,2025-11-05
M00000648,P00189,E0001066,Metformin,Antihyperglycemic,2026-03-11,
M00000649,P00189,E0001066,Lisinopril,Antihypertensive,2026-03-11,
M00000650,P00189,E0001066,Atorvastatin,Lipid lowering,2026-03-12,
M00000651,P00189,E0001066,Insulin glargine,Antihyperglycemic,2026-03-11,2026-03-14
M00000652,P00189,E0001066,Albuterol,Bronchodilator,2026-03-11,
M00000653,P00190,E0001073,Furosemide,Diuretic,2025-07-27,
M00000654,P00190,E0001074,Insulin glargine,Antihyperglycemic,2025-10-31,2025-11-02
M00000655,P00190,E0001074,Atorvastatin,Lipid lowering,2025-11-01,2025-11-02
M00000656,P00190,E0001074,Lisinopril,Antihypertensive,2025-11-01,
M00000657,P00190,E0001074,Furosemide,Diuretic,2025-10-31,
M00000658,P00190,E0001074,Albuterol,Bronchodilator,2025-10-31,
M00000659,P00190,E0001074,Metformin,Antihyperglycemic,2025-11-01,2025-11-02
M00000660,P00191,E0001077,Amlodipine,Antihypertensive,2025-02-17,2025-02-19
M00000661,P00192,E0001082,Furosemide,Diuretic,2025-10-27,
M00000662,P00192,E0001082,Atorvastatin,Lipid lowering,2025-10-27,2025-10-29
M00000663,P00192,E0001083,Insulin glargine,Antihyperglycemic,2025-12-21,2025-12-25
M00000664,P00192,E0001083,Atorvastatin,Lipid lowering,2025-12-22,
M00000665,P00192,E0001083,Metformin,Antihyperglycemic,2025-12-21,2025-12-25
M00000666,P00193,E0001085,Atorvastatin,Lipid lowering,2025-06-08,
M00000667,P00194,E0001089,Metformin,Antihyperglycemic,2025-08-18,
M00000668,P00195,E0001092,Lisinopril,Antihypertensive,2025-06-12,
M00000669,P00196,E0001098,Amlodipine,Antihypertensive,2025-04-09,
M00000670,P00196,E0001098,Lisinopril,Antihypertensive,2025-04-09,
M00000671,P00197,E0001101,Albuterol,Bronchodilator,2025-04-18,
M00000672,P00197,E0001102,Insulin glargine,Antihyperglycemic,2025-07-11,2025-07-14
M00000673,P00197,E0001103,Metformin,Antihyperglycemic,2025-11-23,2025-11-25
M00000674,P00197,E0001103,Amlodipine,Antihypertensive,2025-11-22,2025-11-25
M00000675,P00199,E0001115,Furosemide,Diuretic,2025-03-09,
M00000676,P00199,E0001115,Lisinopril,Antihypertensive,2025-03-09,
M00000677,P00199,E0001115,Insulin glargine,Antihyperglycemic,2025-03-08,
M00000678,P00199,E0001116,Albuterol,Bronchodilator,2025-03-23,
M00000679,P00199,E0001116,Furosemide,Diuretic,2025-03-22,2025-03-25
M00000680,P00199,E0001116,Insulin glargine,Antihyperglycemic,2025-03-23,
M00000681,P00199,E0001117,Insulin glargine,Antihyperglycemic,2025-08-11,2025-08-12
M00000682,P00199,E0001117,Atorvastatin,Lipid lowering,2025-08-10,2025-08-12
M00000683,P00199,E0001117,Apixaban,Anticoagulant,2025-08-10,2025-08-12
M00000684,P00199,E0001117,Metformin,Antihyperglycemic,2025-08-10,2025-08-12
M00000685,P00200,E0001121,Furosemide,Diuretic,2025-06-04,2025-06-06
M00000686,P00200,E0001121,Metformin,Antihyperglycemic,2025-06-03,
M00000687,P00200,E0001121,Albuterol,Bronchodilator,2025-06-04,
M00000688,P00200,E0001122,Albuterol,Bronchodilator,2025-10-09,
M00000689,P00200,E0001122,Metformin,Antihyperglycemic,2025-10-08,2025-10-09
M00000690,P00200,E0001122,Insulin glargine,Antihyperglycemic,2025-10-08,
M00000691,P00200,E0001122,Atorvastatin,Lipid lowering,2025-10-09,
M00000692,P00201,E0001127,Albuterol,Bronchodilator,2025-03-25,
M00000693,P00201,E0001127,Apixaban,Anticoagulant,2025-03-25,2025-03-28
M00000694,P00202,E0001131,Apixaban,Anticoagulant,2025-01-26,2025-01-27
M00000695,P00202,E0001131,Furosemide,Diuretic,2025-01-25,
M00000696,P00202,E0001131,Atorvastatin,Lipid lowering,2025-01-26,2025-01-27
M00000697,P00202,E0001131,Metformin,Antihyperglycemic,2025-01-26,2025-01-27
M00000698,P00203,E0001136,Metformin,Antihyperglycemic,2025-04-30,
M00000699,P00203,E0001136,Atorvastatin,Lipid lowering,2025-04-29,
M00000700,P00203,E0001136,Insulin glargine,Antihyperglycemic,2025-04-29,
M00000701,P00203,E0001137,Furosemide,Diuretic,2025-05-23,
M00000702,P00203,E0001137,Metformin,Antihyperglycemic,2025-05-23,2025-05-25
M00000703,P00203,E0001137,Albuterol,Bronchodilator,2025-05-24,
M00000704,P00203,E0001137,Apixaban,Anticoagulant,2025-05-23,
M00000705,P00203,E0001137,Lisinopril,Antihypertensive,2025-05-23,2025-05-25
M00000706,P00204,E0001140,Atorvastatin,Lipid lowering,2025-04-07,
M00000707,P00204,E0001140,Lisinopril,Antihypertensive,2025-04-07,
M00000708,P00204,E0001140,Apixaban,Anticoagulant,2025-04-06,2025-04-10
M00000709,P00204,E0001141,Insulin glargine,Antihyperglycemic,2025-07-04,
M00000710,P00204,E0001141,Furosemide,Diuretic,2025-07-04,2025-07-08
M00000711,P00205,E0001147,Insulin glargine,Antihyperglycemic,2025-10-12,
M00000712,P00205,E0001147,Furosemide,Diuretic,2025-10-12,2025-10-13
M00000713,P00205,E0001148,Atorvastatin,Lipid lowering,2025-12-09,
M00000714,P00205,E0001148,Apixaban,Anticoagulant,2025-12-09,2025-12-13
M00000715,P00205,E0001148,Insulin glargine,Antihyperglycemic,2025-12-09,
M00000716,P00205,E0001148,Albuterol,Bronchodilator,2025-12-08,2025-12-13
M00000717,P00206,E0001153,Albuterol,Bronchodilator,2025-02-21,
M00000718,P00206,E0001153,Amlodipine,Antihypertensive,2025-02-21,
M00000719,P00206,E0001153,Apixaban,Anticoagulant,2025-02-21,2025-02-24
M00000720,P00206,E0001153,Atorvastatin,Lipid lowering,2025-02-22,
M00000721,P00206,E0001154,Furosemide,Diuretic,2025-04-14,2025-04-14
M00000722,P00206,E0001154,Lisinopril,Antihypertensive,2025-04-14,
M00000723,P00207,E0001157,Lisinopril,Antihypertensive,2025-11-26,
M00000724,P00208,E0001160,Insulin glargine,Antihyperglycemic,2025-06-07,
M00000725,P00208,E0001161,Furosemide,Diuretic,2025-10-19,2025-10-19
M00000726,P00208,E0001162,Lisinopril,Antihypertensive,2026-01-18,2026-01-19
M00000727,P00208,E0001162,Insulin glargine,Antihyperglycemic,2026-01-17,2026-01-19
M00000728,P00209,E0001166,Lisinopril,Antihypertensive,2025-04-25,
M00000729,P00209,E0001166,Apixaban,Anticoagulant,2025-04-25,2025-04-27
M00000730,P00209,E0001166,Furosemide,Diuretic,2025-04-26,2025-04-27
M00000731,P00209,E0001166,Atorvastatin,Lipid lowering,2025-04-25,2025-04-27
M00000732,P00209,E0001166,Albuterol,Bronchodilator,2025-04-26,2025-04-27
M00000733,P00209,E0001166,Amlodipine,Antihypertensive,2025-04-26,
M00000734,P00209,E0001167,Albuterol,Bronchodilator,2025-08-26,
M00000735,P00209,E0001167,Atorvastatin,Lipid lowering,2025-08-27,
M00000736,P00209,E0001167,Amlodipine,Antihypertensive,2025-08-27,
M00000737,P00209,E0001167,Metformin,Antihyperglycemic,2025-08-26,2025-08-30
M00000738,P00211,E0001175,Lisinopril,Antihypertensive,2025-05-29,2025-06-02
M00000739,P00211,E0001175,Furosemide,Diuretic,2025-05-30,2025-06-02
M00000740,P00212,E0001184,Insulin glargine,Antihyperglycemic,2025-09-02,
M00000741,P00212,E0001184,Albuterol,Bronchodilator,2025-09-02,
M00000742,P00214,E0001191,Furosemide,Diuretic,2025-07-11,
M00000743,P00214,E0001191,Atorvastatin,Lipid lowering,2025-07-11,2025-07-14
M00000744,P00214,E0001191,Insulin glargine,Antihyperglycemic,2025-07-10,
M00000745,P00214,E0001191,Apixaban,Anticoagulant,2025-07-10,
M00000746,P00215,E0001198,Albuterol,Bronchodilator,2025-02-06,
M00000747,P00215,E0001199,Apixaban,Anticoagulant,2025-07-05,2025-07-08
M00000748,P00216,E0001205,Furosemide,Diuretic,2025-03-03,2025-03-06
M00000749,P00216,E0001205,Amlodipine,Antihypertensive,2025-03-04,
M00000750,P00216,E0001205,Insulin glargine,Antihyperglycemic,2025-03-04,2025-03-06
M00000751,P00217,E0001211,Albuterol,Bronchodilator,2025-04-29,2025-05-04
M00000752,P00217,E0001211,Metformin,Antihyperglycemic,2025-04-29,2025-05-04
M00000753,P00217,E0001211,Furosemide,Diuretic,2025-04-29,2025-05-04
M00000754,P00217,E0001211,Atorvastatin,Lipid lowering,2025-04-30,2025-05-04
M00000755,P00217,E0001211,Apixaban,Anticoagulant,2025-04-29,2025-05-04
M00000756,P00218,E0001219,Lisinopril,Antihypertensive,2025-05-03,2025-05-05
M00000757,P00218,E0001219,Insulin glargine,Antihyperglycemic,2025-05-02,2025-05-05
M00000758,P00219,E0001226,Amlodipine,Antihypertensive,2025-07-13,
M00000759,P00219,E0001226,Apixaban,Anticoagulant,2025-07-14,2025-07-14
M00000760,P00219,E0001226,Albuterol,Bronchodilator,2025-07-14,2025-07-14
M00000761,P00219,E0001226,Metformin,Antihyperglycemic,2025-07-14,
M00000762,P00219,E0001227,Atorvastatin,Lipid lowering,2025-10-08,
M00000763,P00219,E0001227,Amlodipine,Antihypertensive,2025-10-09,2025-10-14
M00000764,P00219,E0001228,Insulin glargine,Antihyperglycemic,2025-12-03,
M00000765,P00219,E0001228,Metformin,Antihyperglycemic,2025-12-02,2025-12-04
M00000766,P00220,E0001233,Furosemide,Diuretic,2025-02-20,
M00000767,P00220,E0001233,Insulin glargine,Antihyperglycemic,2025-02-21,
M00000768,P00221,E0001236,Amlodipine,Antihypertensive,2025-05-03,
M00000769,P00221,E0001236,Furosemide,Diuretic,2025-05-03,2025-05-08
M00000770,P00222,E0001241,Metformin,Antihyperglycemic,2025-03-18,
M00000771,P00222,E0001241,Amlodipine,Antihypertensive,2025-03-17,2025-03-20
M00000772,P00222,E0001241,Insulin glargine,Antihyperglycemic,2025-03-17,2025-03-20
M00000773,P00222,E0001241,Furosemide,Diuretic,2025-03-18,2025-03-20
M00000774,P00222,E0001242,Albuterol,Bronchodilator,2025-05-15,2025-05-17
M00000775,P00223,E0001250,Insulin glargine,Antihyperglycemic,2025-09-27,2025-09-28
M00000776,P00224,E0001255,Furosemide,Diuretic,2025-09-11,
M00000777,P00224,E0001255,Insulin glargine,Antihyperglycemic,2025-09-10,2025-09-14
M00000778,P00224,E0001255,Lisinopril,Antihypertensive,2025-09-10,2025-09-14
M00000779,P00224,E0001256,Apixaban,Anticoagulant,2026-02-12,
M00000780,P00224,E0001256,Furosemide,Diuretic,2026-02-12,2026-02-14
M00000781,P00224,E0001256,Amlodipine,Antihypertensive,2026-02-11,
M00000782,P00224,E0001256,Insulin glargine,Antihyperglycemic,2026-02-11,2026-02-14
M00000783,P00224,E0001256,Atorvastatin,Lipid lowering,2026-02-11,2026-02-14
M00000784,P00225,E0001260,Furosemide,Diuretic,2025-02-22,2025-02-23
M00000785,P00225,E0001260,Metformin,Antihyperglycemic,2025-02-22,2025-02-23
M00000786,P00226,E0001266,Lisinopril,Antihypertensive,2025-10-18,2025-10-18
M00000787,P00226,E0001267,Metformin,Antihyperglycemic,2025-11-03,
M00000788,P00226,E0001267,Amlodipine,Antihypertensive,2025-11-03,
M00000789,P00226,E0001267,Insulin glargine,Antihyperglycemic,2025-11-02,2025-11-03
M00000790,P00226,E0001268,Amlodipine,Antihypertensive,2026-01-12,2026-01-13
M00000791,P00226,E0001268,Metformin,Antihyperglycemic,2026-01-12,
M00000792,P00226,E0001268,Furosemide,Diuretic,2026-01-11,2026-01-13
M00000793,P00227,E0001272,Atorvastatin,Lipid lowering,2025-03-15,
M00000794,P00227,E0001272,Metformin,Antihyperglycemic,2025-03-15,2025-03-17
M00000795,P00228,E0001277,Lisinopril,Antihypertensive,2025-06-21,2025-06-22
M00000796,P00228,E0001277,Metformin,Antihyperglycemic,2025-06-20,2025-06-22
M00000797,P00228,E0001277,Insulin glargine,Antihyperglycemic,2025-06-21,2025-06-22
M00000798,P00228,E0001278,Albuterol,Bronchodilator,2025-07-18,
M00000799,P00228,E0001278,Furosemide,Diuretic,2025-07-17,2025-07-21
M00000800,P00229,E0001281,Furosemide,Diuretic,2025-03-01,
M00000801,P00229,E0001281,Albuterol,Bronchodilator,2025-03-02,2025-03-02
M00000802,P00229,E0001281,Apixaban,Anticoagulant,2025-03-02,
M00000803,P00229,E0001281,Insulin glargine,Antihyperglycemic,2025-03-01,
M00000804,P00229,E0001282,Apixaban,Anticoagulant,2025-04-20,
M00000805,P00230,E0001286,Atorvastatin,Lipid lowering,2025-08-08,2025-08-12
M00000806,P00230,E0001286,Lisinopril,Antihypertensive,2025-08-07,2025-08-12
M00000807,P00230,E0001287,Furosemide,Diuretic,2025-08-18,
M00000808,P00230,E0001287,Lisinopril,Antihypertensive,2025-08-19,2025-08-20
M00000809,P00230,E0001287,Atorvastatin,Lipid lowering,2025-08-19,2025-08-20
M00000810,P00230,E0001287,Amlodipine,Antihypertensive,2025-08-18,
M00000811,P00234,E0001300,Amlodipine,Antihypertensive,2025-09-23,
M00000812,P00234,E0001300,Lisinopril,Antihypertensive,2025-09-23,
M00000813,P00235,E0001302,Insulin glargine,Antihyperglycemic,2025-02-04,2025-02-07
M00000814,P00236,E0001304,Furosemide,Diuretic,2025-08-16,2025-08-19
M00000815,P00236,E0001305,Furosemide,Diuretic,2025-11-11,2025-11-12
M00000816,P00237,E0001312,Albuterol,Bronchodilator,2025-11-25,2025-11-25
M00000817,P00237,E0001312,Amlodipine,Antihypertensive,2025-11-25,2025-11-25
M00000818,P00238,E0001317,Atorvastatin,Lipid lowering,2025-07-07,
M00000819,P00238,E0001317,Albuterol,Bronchodilator,2025-07-07,
M00000820,P00238,E0001317,Apixaban,Anticoagulant,2025-07-07,
M00000821,P00238,E0001317,Furosemide,Diuretic,2025-07-08,
M00000822,P00238,E0001317,Insulin glargine,Antihyperglycemic,2025-07-08,
M00000823,P00238,E0001318,Furosemide,Diuretic,2025-11-13,2025-11-15
M00000824,P00239,E0001327,Apixaban,Anticoagulant,2025-09-20,
M00000825,P00241,E0001335,Atorvastatin,Lipid lowering,2025-10-31,2025-11-04
M00000826,P00241,E0001336,Insulin glargine,Antihyperglycemic,2026-03-13,2026-03-15
M00000827,P00241,E0001336,Atorvastatin,Lipid lowering,2026-03-14,2026-03-15
M00000828,P00241,E0001336,Metformin,Antihyperglycemic,2026-03-13,2026-03-15
M00000829,P00244,E0001347,Atorvastatin,Lipid lowering,2025-08-29,2025-08-31
M00000830,P00244,E0001347,Lisinopril,Antihypertensive,2025-08-29,
M00000831,P00245,E0001351,Amlodipine,Antihypertensive,2025-03-15,2025-03-18
M00000832,P00245,E0001351,Insulin glargine,Antihyperglycemic,2025-03-16,2025-03-18
M00000833,P00246,E0001355,Metformin,Antihyperglycemic,2025-02-02,
M00000834,P00246,E0001355,Insulin glargine,Antihyperglycemic,2025-02-01,
M00000835,P00246,E0001355,Furosemide,Diuretic,2025-02-02,2025-02-02
M00000836,P00246,E0001355,Lisinopril,Antihypertensive,2025-02-01,2025-02-02
M00000837,P00246,E0001355,Atorvastatin,Lipid lowering,2025-02-02,
M00000838,P00246,E0001355,Amlodipine,Antihypertensive,2025-02-01,
M00000839,P00246,E0001356,Metformin,Antihyperglycemic,2025-06-30,2025-07-07
M00000840,P00246,E0001356,Amlodipine,Antihypertensive,2025-06-30,
M00000841,P00246,E0001356,Insulin glargine,Antihyperglycemic,2025-06-30,
M00000842,P00246,E0001356,Lisinopril,Antihypertensive,2025-07-01,2025-07-07
M00000843,P00247,E0001359,Apixaban,Anticoagulant,2025-10-19,2025-10-22
M00000844,P00247,E0001360,Albuterol,Bronchodilator,2026-02-03,
M00000845,P00247,E0001360,Atorvastatin,Lipid lowering,2026-02-02,
M00000846,P00247,E0001360,Furosemide,Diuretic,2026-02-02,
M00000847,P00247,E0001360,Apixaban,Anticoagulant,2026-02-02,
M00000848,P00250,E0001375,Amlodipine,Antihypertensive,2025-03-13,2025-03-15
M00000849,P00251,E0001381,Furosemide,Diuretic,2025-07-01,2025-07-01
M00000850,P00251,E0001382,Atorvastatin,Lipid lowering,2025-09-04,2025-09-08
M00000851,P00251,E0001382,Amlodipine,Antihypertensive,2025-09-04,2025-09-08
M00000852,P00254,E0001395,Albuterol,Bronchodilator,2025-10-15,2025-10-19
M00000853,P00254,E0001395,Furosemide,Diuretic,2025-10-15,
M00000854,P00255,E0001403,Insulin glargine,Antihyperglycemic,2025-04-17,
M00000855,P00256,E0001407,Furosemide,Diuretic,2025-06-22,
M00000856,P00256,E0001407,Atorvastatin,Lipid lowering,2025-06-21,2025-06-24
M00000857,P00257,E0001414,Metformin,Antihyperglycemic,2025-05-10,2025-05-13
M00000858,P00257,E0001414,Furosemide,Diuretic,2025-05-11,2025-05-13
M00000859,P00257,E0001414,Albuterol,Bronchodilator,2025-05-10,
M00000860,P00258,E0001416,Albuterol,Bronchodilator,2025-02-19,2025-02-19
M00000861,P00258,E0001417,Furosemide,Diuretic,2025-05-04,2025-05-07
M00000862,P00258,E0001417,Insulin glargine,Antihyperglycemic,2025-05-04,
M00000863,P00258,E0001417,Amlodipine,Antihypertensive,2025-05-05,
M00000864,P00258,E0001418,Insulin glargine,Antihyperglycemic,2025-07-12,
M00000865,P00258,E0001418,Amlodipine,Antihypertensive,2025-07-12,2025-07-14
M00000866,P00258,E0001418,Atorvastatin,Lipid lowering,2025-07-12,
M00000867,P00259,E0001423,Lisinopril,Antihypertensive,2025-07-11,2025-07-14
M00000868,P00259,E0001423,Albuterol,Bronchodilator,2025-07-11,2025-07-14
M00000869,P00260,E0001429,Insulin glargine,Antihyperglycemic,2025-02-08,2025-02-11
M00000870,P00260,E0001429,Atorvastatin,Lipid lowering,2025-02-08,2025-02-11
M00000871,P00260,E0001429,Albuterol,Bronchodilator,2025-02-07,
M00000872,P00260,E0001429,Amlodipine,Antihypertensive,2025-02-07,
M00000873,P00260,E0001430,Atorvastatin,Lipid lowering,2025-04-27,2025-04-29
M00000874,P00260,E0001430,Albuterol,Bronchodilator,2025-04-28,2025-04-29
M00000875,P00260,E0001430,Apixaban,Anticoagulant,2025-04-27,2025-04-29
M00000876,P00260,E0001430,Metformin,Antihyperglycemic,2025-04-27,2025-04-29
M00000877,P00260,E0001430,Amlodipine,Antihypertensive,2025-04-27,
M00000878,P00260,E0001430,Insulin glargine,Antihyperglycemic,2025-04-27,2025-04-29
M00000879,P00261,E0001436,Atorvastatin,Lipid lowering,2025-10-19,2025-10-23
M00000880,P00261,E0001436,Apixaban,Anticoagulant,2025-10-19,2025-10-23
M00000881,P00261,E0001436,Insulin glargine,Antihyperglycemic,2025-10-19,2025-10-23
M00000882,P00261,E0001437,Albuterol,Bronchodilator,2026-03-21,2026-03-24
M00000883,P00261,E0001437,Metformin,Antihyperglycemic,2026-03-21,2026-03-24
M00000884,P00262,E0001443,Apixaban,Anticoagulant,2025-11-09,2025-11-13
M00000885,P00262,E0001443,Metformin,Antihyperglycemic,2025-11-10,2025-11-13
M00000886,P00262,E0001443,Albuterol,Bronchodilator,2025-11-09,2025-11-13
M00000887,P00262,E0001443,Lisinopril,Antihypertensive,2025-11-10,2025-11-13
M00000888,P00262,E0001443,Atorvastatin,Lipid lowering,2025-11-10,
M00000889,P00263,E0001446,Insulin glargine,Antihyperglycemic,2025-08-15,
M00000890,P00263,E0001446,Furosemide,Diuretic,2025-08-15,
M00000891,P00263,E0001447,Atorvastatin,Lipid lowering,2025-08-30,
M00000892,P00264,E0001450,Amlodipine,Antihypertensive,2025-04-01,2025-04-01
M00000893,P00265,E0001453,Albuterol,Bronchodilator,2025-08-20,
M00000894,P00265,E0001453,Amlodipine,Antihypertensive,2025-08-20,
M00000895,P00265,E0001454,Atorvastatin,Lipid lowering,2025-12-13,
M00000896,P00266,E0001461,Metformin,Antihyperglycemic,2025-03-09,
M00000897,P00266,E0001461,Lisinopril,Antihypertensive,2025-03-09,
M00000898,P00266,E0001461,Insulin glargine,Antihyperglycemic,2025-03-09,2025-03-12
M00000899,P00267,E0001463,Atorvastatin,Lipid lowering,2025-05-01,
M00000900,P00268,E0001468,Amlodipine,Antihypertensive,2025-10-03,
M00000901,P00268,E0001468,Furosemide,Diuretic,2025-10-02,
M00000902,P00268,E0001468,Atorvastatin,Lipid lowering,2025-10-03,
M00000903,P00270,E0001476,Apixaban,Anticoagulant,2025-06-10,
M00000904,P00270,E0001476,Amlodipine,Antihypertensive,2025-06-10,2025-06-11
M00000905,P00270,E0001476,Furosemide,Diuretic,2025-06-09,2025-06-11
M00000906,P00270,E0001476,Metformin,Antihyperglycemic,2025-06-09,
M00000907,P00271,E0001479,Atorvastatin,Lipid lowering,2025-03-30,2025-03-30
M00000908,P00272,E0001486,Metformin,Antihyperglycemic,2025-06-28,
M00000909,P00273,E0001493,Insulin glargine,Antihyperglycemic,2025-07-09,
M00000910,P00273,E0001493,Apixaban,Anticoagulant,2025-07-09,
M00000911,P00273,E0001494,Furosemide,Diuretic,2025-11-28,2025-11-29
M00000912,P00273,E0001494,Lisinopril,Antihypertensive,2025-11-28,
M00000913,P00273,E0001494,Atorvastatin,Lipid lowering,2025-11-28,
M00000914,P00274,E0001497,Albuterol,Bronchodilator,2025-08-22,2025-08-27
M00000915,P00274,E0001497,Atorvastatin,Lipid lowering,2025-08-21,2025-08-27
M00000916,P00274,E0001497,Metformin,Antihyperglycemic,2025-08-22,2025-08-27
M00000917,P00274,E0001497,Furosemide,Diuretic,2025-08-22,
M00000918,P00274,E0001497,Insulin glargine,Antihyperglycemic,2025-08-22,
M00000919,P00274,E0001498,Apixaban,Anticoagulant,2025-09-10,2025-09-14
M00000920,P00274,E0001498,Atorvastatin,Lipid lowering,2025-09-09,
M00000921,P00274,E0001498,Insulin glargine,Antihyperglycemic,2025-09-10,2025-09-14
M00000922,P00274,E0001498,Albuterol,Bronchodilator,2025-09-10,
M00000923,P00274,E0001498,Furosemide,Diuretic,2025-09-09,
M00000924,P00274,E0001498,Metformin,Antihyperglycemic,2025-09-09,2025-09-14
M00000925,P00274,E0001499,Insulin glargine,Antihyperglycemic,2025-11-06,2025-11-12
M00000926,P00274,E0001499,Furosemide,Diuretic,2025-11-05,
M00000927,P00274,E0001499,Amlodipine,Antihypertensive,2025-11-05,
M00000928,P00275,E0001506,Atorvastatin,Lipid lowering,2025-06-07,2025-06-08
M00000929,P00275,E0001506,Lisinopril,Antihypertensive,2025-06-06,2025-06-08
M00000930,P00275,E0001506,Metformin,Antihyperglycemic,2025-06-06,
M00000931,P00276,E0001510,Amlodipine,Antihypertensive,2025-01-19,
M00000932,P00277,E0001516,Lisinopril,Antihypertensive,2025-10-29,2025-10-30
M00000933,P00277,E0001516,Insulin glargine,Antihyperglycemic,2025-10-29,
M00000934,P00278,E0001521,Insulin glargine,Antihyperglycemic,2025-04-07,
M00000935,P00278,E0001521,Furosemide,Diuretic,2025-04-07,
M00000936,P00278,E0001522,Apixaban,Anticoagulant,2025-07-16,2025-07-18
M00000937,P00278,E0001522,Insulin glargine,Antihyperglycemic,2025-07-16,2025-07-18
M00000938,P00279,E0001530,Insulin glargine,Antihyperglycemic,2025-12-05,2025-12-08
M00000939,P00279,E0001530,Albuterol,Bronchodilator,2025-12-04,2025-12-08
M00000940,P00279,E0001530,Apixaban,Anticoagulant,2025-12-05,
M00000941,P00279,E0001531,Albuterol,Bronchodilator,2026-01-30,
M00000942,P00279,E0001531,Furosemide,Diuretic,2026-01-30,
M00000943,P00279,E0001531,Lisinopril,Antihypertensive,2026-01-29,
M00000944,P00279,E0001531,Metformin,Antihyperglycemic,2026-01-29,
M00000945,P00279,E0001531,Apixaban,Anticoagulant,2026-01-29,
M00000946,P00280,E0001538,Albuterol,Bronchodilator,2025-07-12,
M00000947,P00280,E0001538,Atorvastatin,Lipid lowering,2025-07-13,
M00000948,P00280,E0001538,Lisinopril,Antihypertensive,2025-07-13,
M00000949,P00280,E0001539,Albuterol,Bronchodilator,2025-10-06,
M00000950,P00281,E0001543,Atorvastatin,Lipid lowering,2025-07-18,2025-07-21
M00000951,P00281,E0001543,Amlodipine,Antihypertensive,2025-07-18,
M00000952,P00281,E0001543,Furosemide,Diuretic,2025-07-19,
M00000953,P00281,E0001543,Albuterol,Bronchodilator,2025-07-19,2025-07-21
M00000954,P00282,E0001550,Metformin,Antihyperglycemic,2025-02-13,
M00000955,P00282,E0001550,Insulin glargine,Antihyperglycemic,2025-02-14,
M00000956,P00283,E0001554,Atorvastatin,Lipid lowering,2025-02-18,
M00000957,P00283,E0001554,Albuterol,Bronchodilator,2025-02-18,
M00000958,P00283,E0001554,Lisinopril,Antihypertensive,2025-02-19,2025-02-20
M00000959,P00284,E0001557,Furosemide,Diuretic,2025-10-19,
M00000960,P00285,E0001563,Metformin,Antihyperglycemic,2025-08-18,
M00000961,P00285,E0001563,Furosemide,Diuretic,2025-08-19,2025-08-21
M00000962,P00285,E0001563,Amlodipine,Antihypertensive,2025-08-18,2025-08-21
M00000963,P00286,E0001569,Amlodipine,Antihypertensive,2025-04-12,
M00000964,P00287,E0001572,Apixaban,Anticoagulant,2025-09-20,2025-09-24
M00000965,P00287,E0001572,Lisinopril,Antihypertensive,2025-09-21,2025-09-24
M00000966,P00287,E0001572,Albuterol,Bronchodilator,2025-09-21,2025-09-24
M00000967,P00287,E0001572,Insulin glargine,Antihyperglycemic,2025-09-21,
M00000968,P00288,E0001580,Insulin glargine,Antihyperglycemic,2025-03-08,
M00000969,P00288,E0001580,Furosemide,Diuretic,2025-03-09,2025-03-11
M00000970,P00288,E0001580,Lisinopril,Antihypertensive,2025-03-08,2025-03-11
M00000971,P00288,E0001580,Atorvastatin,Lipid lowering,2025-03-09,
M00000972,P00289,E0001584,Furosemide,Diuretic,2025-01-28,
M00000973,P00290,E0001587,Atorvastatin,Lipid lowering,2025-07-31,
M00000974,P00290,E0001587,Insulin glargine,Antihyperglycemic,2025-08-01,2025-08-02
M00000975,P00290,E0001587,Apixaban,Anticoagulant,2025-07-31,2025-08-02
M00000976,P00290,E0001587,Lisinopril,Antihypertensive,2025-07-31,2025-08-02
M00000977,P00290,E0001587,Furosemide,Diuretic,2025-07-31,2025-08-02
M00000978,P00290,E0001587,Metformin,Antihyperglycemic,2025-07-31,
M00000979,P00290,E0001588,Albuterol,Bronchodilator,2025-10-27,2025-11-01
M00000980,P00290,E0001588,Amlodipine,Antihypertensive,2025-10-28,
M00000981,P00290,E0001588,Insulin glargine,Antihyperglycemic,2025-10-28,2025-11-01
M00000982,P00290,E0001588,Lisinopril,Antihypertensive,2025-10-27,2025-11-01
M00000983,P00290,E0001588,Apixaban,Anticoagulant,2025-10-28,
M00000984,P00293,E0001606,Albuterol,Bronchodilator,2025-05-08,2025-05-11
M00000985,P00293,E0001606,Lisinopril,Antihypertensive,2025-05-08,
M00000986,P00293,E0001606,Furosemide,Diuretic,2025-05-07,2025-05-11
M00000987,P00293,E0001606,Amlodipine,Antihypertensive,2025-05-07,
M00000988,P00293,E0001607,Insulin glargine,Antihyperglycemic,2025-10-03,
M00000989,P00293,E0001608,Amlodipine,Antihypertensive,2025-11-27,2025-11-29
M00000990,P00293,E0001608,Apixaban,Anticoagulant,2025-11-27,2025-11-29
M00000991,P00293,E0001608,Albuterol,Bronchodilator,2025-11-27,
M00000992,P00294,E0001614,Atorvastatin,Lipid lowering,2025-06-07,
M00000993,P00294,E0001614,Furosemide,Diuretic,2025-06-07,2025-06-10
M00000994,P00294,E0001614,Metformin,Antihyperglycemic,2025-06-07,
M00000995,P00295,E0001621,Lisinopril,Antihypertensive,2025-06-08,2025-06-09
M00000996,P00296,E0001627,Apixaban,Anticoagulant,2025-02-15,2025-02-18
M00000997,P00296,E0001627,Insulin glargine,Antihyperglycemic,2025-02-15,
M00000998,P00297,E0001632,Amlodipine,Antihypertensive,2025-04-11,
M00000999,P00298,E0001637,Apixaban,Anticoagulant,2025-10-09,
M00001000,P00298,E0001637,Albuterol,Bronchodilator,2025-10-09,
M00001001,P00300,E0001645,Albuterol,Bronchodilator,2025-05-19,2025-05-22
M00001002,P00300,E0001645,Amlodipine,Antihypertensive,2025-05-19,
M00001003,P00300,E0001645,Insulin glargine,Antihyperglycemic,2025-05-19,2025-05-22
M00001004,P00300,E0001645,Metformin,Antihyperglycemic,2025-05-18,
M00001005,P00300,E0001646,Insulin glargine,Antihyperglycemic,2025-06-03,2025-06-07
M00001006,P00300,E0001646,Albuterol,Bronchodilator,2025-06-04,
M00001007,P00300,E0001646,Atorvastatin,Lipid lowering,2025-06-04,
M00001008,P00301,E0001650,Apixaban,Anticoagulant,2025-03-04,
M00001009,P00301,E0001650,Lisinopril,Antihypertensive,2025-03-05,2025-03-08
M00001010,P00301,E0001651,Furosemide,Diuretic,2025-03-26,2025-03-29
M00001011,P00301,E0001651,Insulin glargine,Antihyperglycemic,2025-03-26,2025-03-29
M00001012,P00302,E0001656,Furosemide,Diuretic,2025-10-04,2025-10-08
M00001013,P00302,E0001656,Insulin glargine,Antihyperglycemic,2025-10-05,
M00001014,P00302,E0001657,Atorvastatin,Lipid lowering,2026-02-10,
M00001015,P00302,E0001657,Albuterol,Bronchodilator,2026-02-10,
M00001016,P00302,E0001657,Insulin glargine,Antihyperglycemic,2026-02-09,2026-02-15
M00001017,P00302,E0001657,Lisinopril,Antihypertensive,2026-02-10,2026-02-15
M00001018,P00302,E0001658,Apixaban,Anticoagulant,2026-06-23,
M00001019,P00302,E0001658,Metformin,Antihyperglycemic,2026-06-23,
M00001020,P00302,E0001658,Insulin glargine,Antihyperglycemic,2026-06-24,2026-06-26
M00001021,P00302,E0001658,Albuterol,Bronchodilator,2026-06-23,2026-06-26
M00001022,P00303,E0001662,Metformin,Antihyperglycemic,2025-09-03,2025-09-03
M00001023,P00303,E0001662,Albuterol,Bronchodilator,2025-09-02,2025-09-03
M00001024,P00303,E0001662,Amlodipine,Antihypertensive,2025-09-03,
M00001025,P00303,E0001663,Furosemide,Diuretic,2025-10-24,2025-10-26
M00001026,P00303,E0001663,Metformin,Antihyperglycemic,2025-10-24,2025-10-26
M00001027,P00304,E0001671,Amlodipine,Antihypertensive,2025-04-06,
M00001028,P00304,E0001672,Apixaban,Anticoagulant,2025-08-30,2025-09-02
M00001029,P00304,E0001672,Metformin,Antihyperglycemic,2025-08-29,
M00001030,P00304,E0001673,Insulin glargine,Antihyperglycemic,2025-09-19,2025-09-22
M00001031,P00304,E0001673,Apixaban,Anticoagulant,2025-09-19,2025-09-22
M00001032,P00304,E0001673,Furosemide,Diuretic,2025-09-20,2025-09-22
M00001033,P00305,E0001677,Lisinopril,Antihypertensive,2025-10-03,
M00001034,P00306,E0001681,Insulin glargine,Antihyperglycemic,2025-06-16,2025-06-20
M00001035,P00306,E0001681,Apixaban,Anticoagulant,2025-06-16,
M00001036,P00306,E0001681,Atorvastatin,Lipid lowering,2025-06-17,
M00001037,P00306,E0001681,Albuterol,Bronchodilator,2025-06-17,
M00001038,P00307,E0001686,Metformin,Antihyperglycemic,2025-09-25,2025-09-27
M00001039,P00308,E0001691,Metformin,Antihyperglycemic,2025-02-19,2025-02-21
M00001040,P00308,E0001692,Amlodipine,Antihypertensive,2025-06-17,2025-06-22
M00001041,P00308,E0001692,Insulin glargine,Antihyperglycemic,2025-06-17,2025-06-22
M00001042,P00308,E0001692,Lisinopril,Antihypertensive,2025-06-18,
M00001043,P00308,E0001692,Furosemide,Diuretic,2025-06-17,
M00001044,P00308,E0001692,Metformin,Antihyperglycemic,2025-06-17,
M00001045,P00309,E0001701,Amlodipine,Antihypertensive,2025-05-01,2025-05-04
M00001046,P00310,E0001704,Apixaban,Anticoagulant,2025-11-05,
M00001047,P00310,E0001704,Metformin,Antihyperglycemic,2025-11-06,
M00001048,P00311,E0001710,Albuterol,Bronchodilator,2025-02-25,2025-02-27
M00001049,P00312,E0001717,Insulin glargine,Antihyperglycemic,2025-08-07,
M00001050,P00312,E0001717,Amlodipine,Antihypertensive,2025-08-06,
M00001051,P00312,E0001717,Furosemide,Diuretic,2025-08-06,2025-08-09
M00001052,P00313,E0001721,Furosemide,Diuretic,2025-06-20,
M00001053,P00313,E0001721,Metformin,Antihyperglycemic,2025-06-19,
M00001054,P00313,E0001722,Metformin,Antihyperglycemic,2025-09-29,2025-10-04
M00001055,P00313,E0001722,Amlodipine,Antihypertensive,2025-09-30,2025-10-04
M00001056,P00313,E0001722,Albuterol,Bronchodilator,2025-09-30,
M00001057,P00313,E0001722,Lisinopril,Antihypertensive,2025-09-30,2025-10-04
M00001058,P00313,E0001723,Atorvastatin,Lipid lowering,2025-12-04,
M00001059,P00314,E0001728,Atorvastatin,Lipid lowering,2025-03-17,
M00001060,P00315,E0001734,Apixaban,Anticoagulant,2025-06-19,
M00001061,P00315,E0001734,Furosemide,Diuretic,2025-06-19,
M00001062,P00315,E0001734,Albuterol,Bronchodilator,2025-06-18,
M00001063,P00315,E0001734,Atorvastatin,Lipid lowering,2025-06-19,
M00001064,P00315,E0001734,Metformin,Antihyperglycemic,2025-06-18,
M00001065,P00315,E0001734,Lisinopril,Antihypertensive,2025-06-19,
M00001066,P00317,E0001746,Insulin glargine,Antihyperglycemic,2025-04-10,
M00001067,P00317,E0001746,Furosemide,Diuretic,2025-04-09,2025-04-11
M00001068,P00317,E0001746,Metformin,Antihyperglycemic,2025-04-09,
M00001069,P00317,E0001746,Lisinopril,Antihypertensive,2025-04-09,
M00001070,P00318,E0001751,Metformin,Antihyperglycemic,2025-09-03,2025-09-04
M00001071,P00318,E0001751,Lisinopril,Antihypertensive,2025-09-03,
M00001072,P00318,E0001751,Albuterol,Bronchodilator,2025-09-03,
M00001073,P00318,E0001751,Amlodipine,Antihypertensive,2025-09-03,
M00001074,P00318,E0001752,Atorvastatin,Lipid lowering,2025-09-26,
M00001075,P00319,E0001757,Apixaban,Anticoagulant,2025-02-10,2025-02-13
M00001076,P00319,E0001757,Albuterol,Bronchodilator,2025-02-09,2025-02-13
M00001077,P00319,E0001757,Lisinopril,Antihypertensive,2025-02-09,2025-02-13
M00001078,P00319,E0001757,Atorvastatin,Lipid lowering,2025-02-09,2025-02-13
M00001079,P00319,E0001757,Amlodipine,Antihypertensive,2025-02-09,
M00001080,P00319,E0001758,Albuterol,Bronchodilator,2025-05-30,
M00001081,P00320,E0001764,Metformin,Antihyperglycemic,2025-07-09,
M00001082,P00320,E0001765,Atorvastatin,Lipid lowering,2025-08-07,2025-08-08
M00001083,P00321,E0001773,Lisinopril,Antihypertensive,2025-04-28,2025-04-29
M00001084,P00321,E0001773,Atorvastatin,Lipid lowering,2025-04-27,2025-04-29
M00001085,P00321,E0001773,Metformin,Antihyperglycemic,2025-04-28,2025-04-29
M00001086,P00321,E0001774,Albuterol,Bronchodilator,2025-08-20,
M00001087,P00321,E0001774,Apixaban,Anticoagulant,2025-08-21,2025-08-25
M00001088,P00321,E0001774,Insulin glargine,Antihyperglycemic,2025-08-20,
M00001089,P00321,E0001774,Furosemide,Diuretic,2025-08-21,2025-08-25
M00001090,P00322,E0001781,Amlodipine,Antihypertensive,2025-02-18,2025-02-20
M00001091,P00322,E0001781,Atorvastatin,Lipid lowering,2025-02-18,2025-02-20
M00001092,P00322,E0001782,Insulin glargine,Antihyperglycemic,2025-06-16,
M00001093,P00322,E0001782,Atorvastatin,Lipid lowering,2025-06-15,2025-06-19
M00001094,P00322,E0001782,Amlodipine,Antihypertensive,2025-06-15,
M00001095,P00324,E0001789,Apixaban,Anticoagulant,2025-08-25,
M00001096,P00324,E0001789,Albuterol,Bronchodilator,2025-08-25,
M00001097,P00324,E0001789,Insulin glargine,Antihyperglycemic,2025-08-25,2025-08-27
M00001098,P00324,E0001789,Lisinopril,Antihypertensive,2025-08-26,
M00001099,P00324,E0001789,Metformin,Antihyperglycemic,2025-08-25,
M00001100,P00324,E0001790,Insulin glargine,Antihyperglycemic,2026-01-15,2026-01-17
M00001101,P00325,E0001795,Atorvastatin,Lipid lowering,2025-08-29,2025-08-31
M00001102,P00325,E0001796,Metformin,Antihyperglycemic,2026-01-09,2026-01-12
M00001103,P00325,E0001796,Albuterol,Bronchodilator,2026-01-10,
M00001104,P00325,E0001796,Apixaban,Anticoagulant,2026-01-10,
M00001105,P00326,E0001803,Albuterol,Bronchodilator,2025-06-21,2025-06-24
M00001106,P00326,E0001803,Insulin glargine,Antihyperglycemic,2025-06-21,
M00001107,P00327,E0001809,Metformin,Antihyperglycemic,2025-09-30,2025-10-02
M00001108,P00327,E0001809,Apixaban,Anticoagulant,2025-10-01,
M00001109,P00327,E0001810,Metformin,Antihyperglycemic,2026-01-15,
M00001110,P00328,E0001813,Lisinopril,Antihypertensive,2025-03-30,
M00001111,P00328,E0001813,Metformin,Antihyperglycemic,2025-03-29,
M00001112,P00328,E0001813,Atorvastatin,Lipid lowering,2025-03-30,2025-04-01
M00001113,P00329,E0001819,Metformin,Antihyperglycemic,2025-04-25,2025-04-26
M00001114,P00329,E0001819,Lisinopril,Antihypertensive,2025-04-24,2025-04-26
M00001115,P00330,E0001822,Insulin glargine,Antihyperglycemic,2025-03-31,
M00001116,P00330,E0001822,Apixaban,Anticoagulant,2025-03-30,
M00001117,P00331,E0001828,Amlodipine,Antihypertensive,2025-09-27,
M00001118,P00332,E0001838,Albuterol,Bronchodilator,2025-11-15,2025-11-16
M00001119,P00332,E0001838,Amlodipine,Antihypertensive,2025-11-16,2025-11-16
M00001120,P00332,E0001838,Apixaban,Anticoagulant,2025-11-16,2025-11-16
M00001121,P00332,E0001838,Furosemide,Diuretic,2025-11-15,
M00001122,P00332,E0001838,Lisinopril,Antihypertensive,2025-11-15,
M00001123,P00333,E0001845,Apixaban,Anticoagulant,2025-02-08,
M00001124,P00333,E0001846,Amlodipine,Antihypertensive,2025-05-05,2025-05-06
M00001125,P00333,E0001846,Lisinopril,Antihypertensive,2025-05-06,
M00001126,P00333,E0001846,Metformin,Antihyperglycemic,2025-05-06,
M00001127,P00333,E0001846,Insulin glargine,Antihyperglycemic,2025-05-06,2025-05-06
M00001128,P00333,E0001847,Metformin,Antihyperglycemic,2025-07-28,2025-07-29
M00001129,P00333,E0001847,Apixaban,Anticoagulant,2025-07-27,
M00001130,P00334,E0001849,Apixaban,Anticoagulant,2025-04-19,
M00001131,P00334,E0001849,Insulin glargine,Antihyperglycemic,2025-04-20,2025-04-23
M00001132,P00334,E0001849,Metformin,Antihyperglycemic,2025-04-19,
M00001133,P00334,E0001849,Furosemide,Diuretic,2025-04-20,
M00001134,P00335,E0001854,Amlodipine,Antihypertensive,2025-02-22,2025-02-23
M00001135,P00335,E0001854,Apixaban,Anticoagulant,2025-02-22,2025-02-23
M00001136,P00335,E0001854,Albuterol,Bronchodilator,2025-02-22,2025-02-23
M00001137,P00335,E0001855,Furosemide,Diuretic,2025-06-27,2025-06-29
M00001138,P00336,E0001857,Albuterol,Bronchodilator,2025-06-20,2025-06-20
M00001139,P00336,E0001857,Furosemide,Diuretic,2025-06-19,
M00001140,P00336,E0001857,Metformin,Antihyperglycemic,2025-06-20,
M00001141,P00336,E0001858,Amlodipine,Antihypertensive,2025-09-20,2025-09-22
M00001142,P00336,E0001858,Insulin glargine,Antihyperglycemic,2025-09-21,
M00001143,P00337,E0001860,Insulin glargine,Antihyperglycemic,2025-06-04,
M00001144,P00337,E0001860,Apixaban,Anticoagulant,2025-06-04,
M00001145,P00337,E0001860,Atorvastatin,Lipid lowering,2025-06-04,
M00001146,P00337,E0001860,Lisinopril,Antihypertensive,2025-06-04,
M00001147,P00337,E0001860,Albuterol,Bronchodilator,2025-06-04,2025-06-08
M00001148,P00337,E0001860,Metformin,Antihyperglycemic,2025-06-04,
M00001149,P00338,E0001864,Furosemide,Diuretic,2025-06-03,
M00001150,P00338,E0001865,Furosemide,Diuretic,2025-10-21,2025-10-23
M00001151,P00339,E0001872,Amlodipine,Antihypertensive,2025-10-08,
M00001152,P00339,E0001872,Insulin glargine,Antihyperglycemic,2025-10-09,
M00001153,P00339,E0001872,Furosemide,Diuretic,2025-10-08,
M00001154,P00339,E0001872,Lisinopril,Antihypertensive,2025-10-08,
M00001155,P00339,E0001873,Metformin,Antihyperglycemic,2026-02-09,
M00001156,P00339,E0001873,Insulin glargine,Antihyperglycemic,2026-02-09,
M00001157,P00339,E0001873,Albuterol,Bronchodilator,2026-02-09,
M00001158,P00340,E0001877,Insulin glargine,Antihyperglycemic,2025-05-27,
M00001159,P00343,E0001883,Atorvastatin,Lipid lowering,2025-10-31,
M00001160,P00344,E0001889,Insulin glargine,Antihyperglycemic,2025-04-26,2025-04-27
M00001161,P00344,E0001889,Furosemide,Diuretic,2025-04-26,
M00001162,P00345,E0001896,Furosemide,Diuretic,2025-03-12,2025-03-13
M00001163,P00345,E0001896,Amlodipine,Antihypertensive,2025-03-12,
M00001164,P00345,E0001896,Apixaban,Anticoagulant,2025-03-11,2025-03-13
M00001165,P00346,E0001902,Amlodipine,Antihypertensive,2025-10-10,2025-10-13
M00001166,P00347,E0001905,Furosemide,Diuretic,2025-07-09,
M00001167,P00347,E0001906,Apixaban,Anticoagulant,2025-09-11,2025-09-11
M00001168,P00347,E0001906,Metformin,Antihyperglycemic,2025-09-11,
M00001169,P00347,E0001906,Albuterol,Bronchodilator,2025-09-10,
M00001170,P00347,E0001906,Lisinopril,Antihypertensive,2025-09-10,
M00001171,P00347,E0001907,Apixaban,Anticoagulant,2025-10-27,2025-10-29
M00001172,P00347,E0001907,Insulin glargine,Antihyperglycemic,2025-10-28,2025-10-29
M00001173,P00347,E0001907,Albuterol,Bronchodilator,2025-10-27,2025-10-29
M00001174,P00348,E0001912,Amlodipine,Antihypertensive,2025-04-17,2025-04-17
M00001175,P00348,E0001912,Atorvastatin,Lipid lowering,2025-04-17,2025-04-17
M00001176,P00348,E0001912,Lisinopril,Antihypertensive,2025-04-16,
M00001177,P00349,E0001918,Furosemide,Diuretic,2025-09-18,2025-09-19
M00001178,P00351,E0001923,Lisinopril,Antihypertensive,2025-08-19,2025-08-21
M00001179,P00351,E0001923,Amlodipine,Antihypertensive,2025-08-20,2025-08-21
M00001180,P00351,E0001923,Furosemide,Diuretic,2025-08-20,
M00001181,P00352,E0001927,Furosemide,Diuretic,2025-11-02,
M00001182,P00352,E0001927,Albuterol,Bronchodilator,2025-11-03,
M00001183,P00353,E0001933,Furosemide,Diuretic,2025-02-14,2025-02-14
M00001184,P00355,E0001944,Amlodipine,Antihypertensive,2025-10-02,
M00001185,P00355,E0001944,Apixaban,Anticoagulant,2025-10-02,2025-10-04
M00001186,P00355,E0001945,Apixaban,Anticoagulant,2026-01-17,
M00001187,P00356,E0001950,Furosemide,Diuretic,2025-10-27,
M00001188,P00356,E0001951,Furosemide,Diuretic,2025-11-17,
M00001189,P00356,E0001951,Apixaban,Anticoagulant,2025-11-18,
M00001190,P00356,E0001951,Albuterol,Bronchodilator,2025-11-17,2025-11-18
M00001191,P00356,E0001951,Lisinopril,Antihypertensive,2025-11-17,
M00001192,P00356,E0001952,Insulin glargine,Antihyperglycemic,2026-02-01,2026-02-02
M00001193,P00356,E0001952,Albuterol,Bronchodilator,2026-02-01,2026-02-02
M00001194,P00356,E0001952,Amlodipine,Antihypertensive,2026-01-31,2026-02-02
M00001195,P00356,E0001952,Metformin,Antihyperglycemic,2026-02-01,2026-02-02
M00001196,P00356,E0001952,Furosemide,Diuretic,2026-02-01,2026-02-02
M00001197,P00358,E0001963,Apixaban,Anticoagulant,2025-10-03,2025-10-08
M00001198,P00360,E0001971,Furosemide,Diuretic,2025-10-25,
M00001199,P00360,E0001971,Insulin glargine,Antihyperglycemic,2025-10-25,2025-10-28
M00001200,P00360,E0001971,Atorvastatin,Lipid lowering,2025-10-25,2025-10-28
M00001201,P00361,E0001976,Insulin glargine,Antihyperglycemic,2025-08-15,
M00001202,P00362,E0001980,Lisinopril,Antihypertensive,2025-10-13,2025-10-15
M00001203,P00362,E0001980,Furosemide,Diuretic,2025-10-12,2025-10-15
M00001204,P00362,E0001980,Atorvastatin,Lipid lowering,2025-10-12,
M00001205,P00362,E0001980,Apixaban,Anticoagulant,2025-10-12,
M00001206,P00362,E0001980,Amlodipine,Antihypertensive,2025-10-13,2025-10-15
M00001207,P00362,E0001980,Insulin glargine,Antihyperglycemic,2025-10-12,
M00001208,P00362,E0001980,Metformin,Antihyperglycemic,2025-10-12,2025-10-15
M00001209,P00362,E0001980,Albuterol,Bronchodilator,2025-10-13,
M00001210,P00363,E0001982,Atorvastatin,Lipid lowering,2025-03-27,2025-03-29
M00001211,P00363,E0001982,Albuterol,Bronchodilator,2025-03-26,
M00001212,P00363,E0001982,Amlodipine,Antihypertensive,2025-03-27,
M00001213,P00363,E0001982,Metformin,Antihyperglycemic,2025-03-26,2025-03-29
M00001214,P00363,E0001982,Apixaban,Anticoagulant,2025-03-26,
M00001215,P00363,E0001983,Metformin,Antihyperglycemic,2025-04-04,
M00001216,P00363,E0001983,Albuterol,Bronchodilator,2025-04-03,
M00001217,P00363,E0001983,Apixaban,Anticoagulant,2025-04-03,2025-04-07
M00001218,P00363,E0001983,Amlodipine,Antihypertensive,2025-04-03,
M00001219,P00363,E0001983,Furosemide,Diuretic,2025-04-04,
M00001220,P00363,E0001984,Amlodipine,Antihypertensive,2025-08-06,
M00001221,P00363,E0001984,Albuterol,Bronchodilator,2025-08-07,
M00001222,P00365,E0001992,Metformin,Antihyperglycemic,2025-10-28,2025-10-29
M00001223,P00365,E0001992,Amlodipine,Antihypertensive,2025-10-29,
M00001224,P00365,E0001993,Metformin,Antihyperglycemic,2025-11-19,2025-11-23
M00001225,P00365,E0001993,Furosemide,Diuretic,2025-11-19,
M00001226,P00367,E0002003,Atorvastatin,Lipid lowering,2025-07-16,
M00001227,P00367,E0002003,Insulin glargine,Antihyperglycemic,2025-07-17,2025-07-17
M00001228,P00367,E0002003,Apixaban,Anticoagulant,2025-07-16,
M00001229,P00367,E0002003,Metformin,Antihyperglycemic,2025-07-17,2025-07-17
M00001230,P00368,E0002007,Furosemide,Diuretic,2025-11-06,
M00001231,P00368,E0002007,Apixaban,Anticoagulant,2025-11-06,
M00001232,P00368,E0002007,Atorvastatin,Lipid lowering,2025-11-07,
M00001233,P00368,E0002007,Lisinopril,Antihypertensive,2025-11-07,
M00001234,P00369,E0002011,Apixaban,Anticoagulant,2025-10-09,
M00001235,P00370,E0002019,Atorvastatin,Lipid lowering,2025-03-10,2025-03-13
M00001236,P00370,E0002019,Albuterol,Bronchodilator,2025-03-10,2025-03-13
M00001237,P00370,E0002019,Insulin glargine,Antihyperglycemic,2025-03-10,2025-03-13
M00001238,P00371,E0002023,Metformin,Antihyperglycemic,2025-05-28,
M00001239,P00371,E0002023,Atorvastatin,Lipid lowering,2025-05-28,
M00001240,P00371,E0002023,Lisinopril,Antihypertensive,2025-05-28,
M00001241,P00371,E0002024,Apixaban,Anticoagulant,2025-06-08,
M00001242,P00371,E0002024,Insulin glargine,Antihyperglycemic,2025-06-07,2025-06-10
M00001243,P00371,E0002025,Insulin glargine,Antihyperglycemic,2025-10-29,2025-10-30
M00001244,P00371,E0002025,Atorvastatin,Lipid lowering,2025-10-30,
M00001245,P00372,E0002029,Lisinopril,Antihypertensive,2025-06-21,2025-06-25
M00001246,P00372,E0002029,Albuterol,Bronchodilator,2025-06-21,2025-06-25
M00001247,P00372,E0002029,Furosemide,Diuretic,2025-06-20,
M00001248,P00372,E0002029,Apixaban,Anticoagulant,2025-06-21,
M00001249,P00372,E0002029,Atorvastatin,Lipid lowering,2025-06-21,
M00001250,P00372,E0002029,Metformin,Antihyperglycemic,2025-06-21,
M00001251,P00373,E0002034,Furosemide,Diuretic,2025-02-20,2025-02-20
M00001252,P00373,E0002034,Albuterol,Bronchodilator,2025-02-19,
M00001253,P00373,E0002034,Atorvastatin,Lipid lowering,2025-02-20,
M00001254,P00373,E0002034,Apixaban,Anticoagulant,2025-02-19,2025-02-20
M00001255,P00373,E0002034,Amlodipine,Antihypertensive,2025-02-20,
M00001256,P00373,E0002035,Amlodipine,Antihypertensive,2025-05-05,
M00001257,P00373,E0002035,Albuterol,Bronchodilator,2025-05-06,
M00001258,P00373,E0002035,Metformin,Antihyperglycemic,2025-05-05,2025-05-08
M00001259,P00373,E0002035,Furosemide,Diuretic,2025-05-06,
M00001260,P00375,E0002045,Lisinopril,Antihypertensive,2025-03-01,
M00001261,P00375,E0002045,Amlodipine,Antihypertensive,2025-03-02,2025-03-03
M00001262,P00375,E0002045,Metformin,Antihyperglycemic,2025-03-02,
M00001263,P00377,E0002051,Amlodipine,Antihypertensive,2025-06-11,
M00001264,P00377,E0002051,Metformin,Antihyperglycemic,2025-06-12,
M00001265,P00377,E0002051,Furosemide,Diuretic,2025-06-12,2025-06-13
M00001266,P00377,E0002052,Albuterol,Bronchodilator,2025-10-23,
M00001267,P00377,E0002052,Amlodipine,Antihypertensive,2025-10-23,
M00001268,P00378,E0002059,Furosemide,Diuretic,2025-02-01,2025-02-07
M00001269,P00378,E0002059,Atorvastatin,Lipid lowering,2025-02-02,2025-02-07
M00001270,P00378,E0002059,Lisinopril,Antihypertensive,2025-02-01,
M00001271,P00378,E0002059,Insulin glargine,Antihyperglycemic,2025-02-02,2025-02-07
M00001272,P00378,E0002059,Apixaban,Anticoagulant,2025-02-01,2025-02-07
M00001273,P00379,E0002065,Lisinopril,Antihypertensive,2025-08-20,2025-08-21
M00001274,P00379,E0002065,Amlodipine,Antihypertensive,2025-08-20,
M00001275,P00379,E0002066,Amlodipine,Antihypertensive,2025-11-08,2025-11-10
M00001276,P00379,E0002066,Lisinopril,Antihypertensive,2025-11-08,2025-11-10
M00001277,P00380,E0002071,Lisinopril,Antihypertensive,2025-10-10,2025-10-12
M00001278,P00381,E0002076,Atorvastatin,Lipid lowering,2025-11-05,
M00001279,P00381,E0002077,Insulin glargine,Antihyperglycemic,2026-04-04,
M00001280,P00381,E0002077,Furosemide,Diuretic,2026-04-05,
M00001281,P00381,E0002078,Furosemide,Diuretic,2026-08-21,2026-08-24
M00001282,P00382,E0002083,Amlodipine,Antihypertensive,2025-09-24,2025-09-28
M00001283,P00383,E0002090,Insulin glargine,Antihyperglycemic,2025-10-26,
M00001284,P00383,E0002090,Atorvastatin,Lipid lowering,2025-10-27,2025-10-27
M00001285,P00383,E0002091,Atorvastatin,Lipid lowering,2026-03-18,2026-03-21
M00001286,P00383,E0002092,Lisinopril,Antihypertensive,2026-06-18,2026-06-22
M00001287,P00384,E0002098,Atorvastatin,Lipid lowering,2025-09-24,
M00001288,P00384,E0002099,Amlodipine,Antihypertensive,2026-02-11,2026-02-17
M00001289,P00384,E0002099,Albuterol,Bronchodilator,2026-02-12,
M00001290,P00384,E0002099,Furosemide,Diuretic,2026-02-12,
M00001291,P00386,E0002115,Lisinopril,Antihypertensive,2025-04-06,
M00001292,P00386,E0002115,Atorvastatin,Lipid lowering,2025-04-05,
M00001293,P00386,E0002116,Albuterol,Bronchodilator,2025-07-21,2025-07-22
M00001294,P00386,E0002116,Lisinopril,Antihypertensive,2025-07-21,
M00001295,P00386,E0002116,Furosemide,Diuretic,2025-07-21,
M00001296,P00387,E0002118,Atorvastatin,Lipid lowering,2025-08-14,2025-08-20
M00001297,P00387,E0002118,Albuterol,Bronchodilator,2025-08-14,2025-08-20
M00001298,P00388,E0002122,Furosemide,Diuretic,2025-04-29,2025-05-01
M00001299,P00389,E0002129,Albuterol,Bronchodilator,2025-08-17,2025-08-18
M00001300,P00389,E0002129,Atorvastatin,Lipid lowering,2025-08-16,2025-08-18
M00001301,P00389,E0002130,Lisinopril,Antihypertensive,2025-10-17,
M00001302,P00389,E0002130,Furosemide,Diuretic,2025-10-18,
M00001303,P00389,E0002130,Insulin glargine,Antihyperglycemic,2025-10-17,
M00001304,P00390,E0002134,Metformin,Antihyperglycemic,2025-08-09,
M00001305,P00391,E0002142,Lisinopril,Antihypertensive,2025-06-28,2025-06-30
M00001306,P00391,E0002142,Atorvastatin,Lipid lowering,2025-06-28,
M00001307,P00391,E0002142,Insulin glargine,Antihyperglycemic,2025-06-28,
M00001308,P00391,E0002143,Amlodipine,Antihypertensive,2025-09-27,
M00001309,P00392,E0002152,Amlodipine,Antihypertensive,2025-07-03,2025-07-07
M00001310,P00392,E0002152,Atorvastatin,Lipid lowering,2025-07-03,
M00001311,P00392,E0002152,Metformin,Antihyperglycemic,2025-07-03,
M00001312,P00392,E0002152,Albuterol,Bronchodilator,2025-07-04,2025-07-07
M00001313,P00392,E0002153,Apixaban,Anticoagulant,2025-08-29,
M00001314,P00392,E0002153,Albuterol,Bronchodilator,2025-08-29,2025-09-01
M00001315,P00393,E0002161,Amlodipine,Antihypertensive,2025-08-14,
M00001316,P00393,E0002162,Atorvastatin,Lipid lowering,2025-11-01,2025-11-05
M00001317,P00393,E0002162,Apixaban,Anticoagulant,2025-11-01,2025-11-05
M00001318,P00394,E0002169,Lisinopril,Antihypertensive,2025-03-31,2025-04-02
M00001319,P00394,E0002169,Metformin,Antihyperglycemic,2025-03-31,
M00001320,P00394,E0002169,Insulin glargine,Antihyperglycemic,2025-04-01,
M00001321,P00395,E0002177,Atorvastatin,Lipid lowering,2025-08-15,
M00001322,P00395,E0002177,Furosemide,Diuretic,2025-08-16,
M00001323,P00395,E0002177,Lisinopril,Antihypertensive,2025-08-15,
M00001324,P00395,E0002177,Metformin,Antihyperglycemic,2025-08-16,
M00001325,P00395,E0002177,Albuterol,Bronchodilator,2025-08-15,
M00001326,P00396,E0002183,Apixaban,Anticoagulant,2025-05-19,2025-05-21
M00001327,P00396,E0002183,Amlodipine,Antihypertensive,2025-05-19,
M00001328,P00396,E0002183,Metformin,Antihyperglycemic,2025-05-19,
M00001329,P00396,E0002183,Atorvastatin,Lipid lowering,2025-05-20,
M00001330,P00396,E0002184,Insulin glargine,Antihyperglycemic,2025-09-09,2025-09-13
M00001331,P00396,E0002185,Furosemide,Diuretic,2026-01-18,2026-01-21
M00001332,P00397,E0002190,Apixaban,Anticoagulant,2025-05-30,
M00001333,P00397,E0002190,Furosemide,Diuretic,2025-05-30,
M00001334,P00397,E0002190,Metformin,Antihyperglycemic,2025-05-30,2025-06-02
M00001335,P00397,E0002190,Lisinopril,Antihypertensive,2025-05-29,2025-06-02
M00001336,P00397,E0002191,Albuterol,Bronchodilator,2025-07-21,2025-07-22
M00001337,P00397,E0002191,Apixaban,Anticoagulant,2025-07-20,
M00001338,P00397,E0002191,Lisinopril,Antihypertensive,2025-07-20,2025-07-22
M00001339,P00397,E0002192,Metformin,Antihyperglycemic,2025-10-01,2025-10-06
M00001340,P00397,E0002192,Furosemide,Diuretic,2025-10-01,
M00001341,P00397,E0002192,Atorvastatin,Lipid lowering,2025-10-01,2025-10-06
M00001342,P00397,E0002192,Insulin glargine,Antihyperglycemic,2025-10-01,2025-10-06
M00001343,P00398,E0002198,Amlodipine,Antihypertensive,2025-08-19,2025-08-21
M00001344,P00398,E0002198,Albuterol,Bronchodilator,2025-08-20,
M00001345,P00398,E0002198,Apixaban,Anticoagulant,2025-08-20,2025-08-21
M00001346,P00398,E0002199,Apixaban,Anticoagulant,2025-12-06,
M00001347,P00398,E0002199,Amlodipine,Antihypertensive,2025-12-06,
M00001348,P00399,E0002206,Albuterol,Bronchodilator,2025-10-26,
M00001349,P00399,E0002206,Amlodipine,Antihypertensive,2025-10-26,2025-11-02
M00001350,P00399,E0002206,Furosemide,Diuretic,2025-10-27,2025-11-02
M00001351,P00399,E0002207,Furosemide,Diuretic,2026-01-26,
M00001352,P00399,E0002207,Atorvastatin,Lipid lowering,2026-01-26,2026-01-31
M00001353,P00399,E0002207,Insulin glargine,Antihyperglycemic,2026-01-26,
M00001354,P00399,E0002207,Albuterol,Bronchodilator,2026-01-26,
M00001355,P00400,E0002210,Furosemide,Diuretic,2025-04-05,
M00001356,P00400,E0002211,Atorvastatin,Lipid lowering,2025-05-25,2025-05-31
M00001357,P00400,E0002211,Amlodipine,Antihypertensive,2025-05-26,
M00001358,P00400,E0002211,Lisinopril,Antihypertensive,2025-05-26,
M00001359,P00401,E0002216,Lisinopril,Antihypertensive,2025-06-21,2025-06-24
M00001360,P00401,E0002216,Furosemide,Diuretic,2025-06-20,2025-06-24
M00001361,P00401,E0002216,Albuterol,Bronchodilator,2025-06-21,
M00001362,P00401,E0002216,Atorvastatin,Lipid lowering,2025-06-21,
M00001363,P00401,E0002216,Metformin,Antihyperglycemic,2025-06-21,2025-06-24
M00001364,P00403,E0002225,Albuterol,Bronchodilator,2025-08-25,
M00001365,P00403,E0002225,Amlodipine,Antihypertensive,2025-08-25,
M00001366,P00403,E0002226,Insulin glargine,Antihyperglycemic,2026-01-12,
M00001367,P00403,E0002226,Lisinopril,Antihypertensive,2026-01-12,
M00001368,P00404,E0002234,Insulin glargine,Antihyperglycemic,2025-08-31,
M00001369,P00404,E0002234,Albuterol,Bronchodilator,2025-08-31,2025-09-05
M00001370,P00404,E0002234,Amlodipine,Antihypertensive,2025-08-31,2025-09-05
M00001371,P00405,E0002237,Metformin,Antihyperglycemic,2025-08-04,
M00001372,P00405,E0002237,Amlodipine,Antihypertensive,2025-08-04,
M00001373,P00405,E0002237,Lisinopril,Antihypertensive,2025-08-03,
M00001374,P00405,E0002237,Atorvastatin,Lipid lowering,2025-08-03,
M00001375,P00405,E0002237,Insulin glargine,Antihyperglycemic,2025-08-03,2025-08-07
M00001376,P00405,E0002237,Albuterol,Bronchodilator,2025-08-04,
M00001377,P00406,E0002241,Lisinopril,Antihypertensive,2025-06-28,2025-06-29
M00001378,P00406,E0002241,Amlodipine,Antihypertensive,2025-06-29,2025-06-29
M00001379,P00407,E0002247,Insulin glargine,Antihyperglycemic,2025-02-04,2025-02-07
M00001380,P00407,E0002247,Metformin,Antihyperglycemic,2025-02-04,
M00001381,P00409,E0002257,Furosemide,Diuretic,2025-05-10,2025-05-10
M00001382,P00410,E0002262,Furosemide,Diuretic,2025-03-25,2025-03-27
M00001383,P00410,E0002262,Albuterol,Bronchodilator,2025-03-25,
M00001384,P00410,E0002262,Atorvastatin,Lipid lowering,2025-03-24,
M00001385,P00410,E0002263,Albuterol,Bronchodilator,2025-07-21,
M00001386,P00410,E0002263,Atorvastatin,Lipid lowering,2025-07-22,
M00001387,P00410,E0002263,Amlodipine,Antihypertensive,2025-07-22,2025-07-24
M00001388,P00411,E0002268,Apixaban,Anticoagulant,2025-08-05,
M00001389,P00411,E0002268,Atorvastatin,Lipid lowering,2025-08-05,
M00001390,P00411,E0002268,Albuterol,Bronchodilator,2025-08-06,
M00001391,P00411,E0002268,Metformin,Antihyperglycemic,2025-08-06,2025-08-06
M00001392,P00411,E0002268,Lisinopril,Antihypertensive,2025-08-06,2025-08-06
M00001393,P00412,E0002275,Apixaban,Anticoagulant,2025-09-10,
M00001394,P00412,E0002275,Amlodipine,Antihypertensive,2025-09-10,2025-09-13
M00001395,P00412,E0002275,Albuterol,Bronchodilator,2025-09-11,2025-09-13
M00001396,P00412,E0002275,Insulin glargine,Antihyperglycemic,2025-09-11,2025-09-13
M00001397,P00412,E0002275,Lisinopril,Antihypertensive,2025-09-11,2025-09-13
M00001398,P00413,E0002279,Atorvastatin,Lipid lowering,2025-04-21,2025-04-21
M00001399,P00414,E0002283,Insulin glargine,Antihyperglycemic,2025-05-15,
M00001400,P00414,E0002283,Amlodipine,Antihypertensive,2025-05-15,2025-05-16
M00001401,P00414,E0002283,Furosemide,Diuretic,2025-05-14,
M00001402,P00414,E0002283,Metformin,Antihyperglycemic,2025-05-14,
M00001403,P00415,E0002287,Lisinopril,Antihypertensive,2025-03-10,2025-03-13
M00001404,P00415,E0002287,Apixaban,Anticoagulant,2025-03-09,2025-03-13
M00001405,P00415,E0002287,Furosemide,Diuretic,2025-03-09,2025-03-13
M00001406,P00415,E0002287,Amlodipine,Antihypertensive,2025-03-10,
M00001407,P00415,E0002287,Albuterol,Bronchodilator,2025-03-10,
M00001408,P00415,E0002288,Insulin glargine,Antihyperglycemic,2025-03-27,
M00001409,P00415,E0002288,Amlodipine,Antihypertensive,2025-03-26,2025-03-30
M00001410,P00415,E0002288,Metformin,Antihyperglycemic,2025-03-27,2025-03-30
M00001411,P00416,E0002291,Insulin glargine,Antihyperglycemic,2025-10-07,2025-10-11
M00001412,P00416,E0002291,Amlodipine,Antihypertensive,2025-10-07,
M00001413,P00416,E0002291,Apixaban,Anticoagulant,2025-10-08,2025-10-11
M00001414,P00417,E0002297,Metformin,Antihyperglycemic,2025-03-09,
M00001415,P00417,E0002298,Furosemide,Diuretic,2025-06-19,2025-06-21
M00001416,P00417,E0002299,Atorvastatin,Lipid lowering,2025-06-26,2025-06-28
M00001417,P00418,E0002305,Insulin glargine,Antihyperglycemic,2025-06-14,2025-06-14
M00001418,P00418,E0002305,Apixaban,Anticoagulant,2025-06-13,2025-06-14
M00001419,P00418,E0002305,Metformin,Antihyperglycemic,2025-06-13,2025-06-14
M00001420,P00418,E0002306,Atorvastatin,Lipid lowering,2025-10-08,
M00001421,P00419,E0002311,Metformin,Antihyperglycemic,2025-10-07,2025-10-10
M00001422,P00419,E0002311,Furosemide,Diuretic,2025-10-07,2025-10-10
M00001423,P00420,E0002317,Amlodipine,Antihypertensive,2025-10-11,2025-10-13
M00001424,P00421,E0002324,Lisinopril,Antihypertensive,2025-10-20,2025-10-24
M00001425,P00421,E0002324,Amlodipine,Antihypertensive,2025-10-21,2025-10-24
M00001426,P00421,E0002324,Furosemide,Diuretic,2025-10-20,
M00001427,P00421,E0002324,Atorvastatin,Lipid lowering,2025-10-21,2025-10-24
M00001428,P00422,E0002332,Metformin,Antihyperglycemic,2025-05-07,
M00001429,P00422,E0002332,Albuterol,Bronchodilator,2025-05-08,2025-05-10
M00001430,P00422,E0002332,Apixaban,Anticoagulant,2025-05-08,
M00001431,P00422,E0002332,Lisinopril,Antihypertensive,2025-05-08,2025-05-10
M00001432,P00422,E0002332,Amlodipine,Antihypertensive,2025-05-07,
M00001433,P00423,E0002336,Apixaban,Anticoagulant,2025-04-23,
M00001434,P00423,E0002336,Lisinopril,Antihypertensive,2025-04-23,
M00001435,P00423,E0002337,Apixaban,Anticoagulant,2025-06-25,
M00001436,P00423,E0002337,Furosemide,Diuretic,2025-06-25,
M00001437,P00423,E0002337,Metformin,Antihyperglycemic,2025-06-25,2025-06-29
M00001438,P00424,E0002343,Apixaban,Anticoagulant,2025-10-06,
M00001439,P00425,E0002345,Furosemide,Diuretic,2025-10-28,2025-10-31
M00001440,P00426,E0002354,Furosemide,Diuretic,2025-05-18,2025-05-23
M00001441,P00426,E0002354,Lisinopril,Antihypertensive,2025-05-17,2025-05-23
M00001442,P00426,E0002354,Albuterol,Bronchodilator,2025-05-18,
M00001443,P00426,E0002354,Apixaban,Anticoagulant,2025-05-18,2025-05-23
M00001444,P00426,E0002354,Metformin,Antihyperglycemic,2025-05-18,2025-05-23
M00001445,P00426,E0002355,Apixaban,Anticoagulant,2025-06-13,2025-06-20
M00001446,P00426,E0002355,Amlodipine,Antihypertensive,2025-06-14,
M00001447,P00426,E0002355,Furosemide,Diuretic,2025-06-14,
M00001448,P00426,E0002355,Insulin glargine,Antihyperglycemic,2025-06-13,2025-06-20
M00001449,P00427,E0002360,Amlodipine,Antihypertensive,2025-09-16,2025-09-20
M00001450,P00427,E0002360,Atorvastatin,Lipid lowering,2025-09-17,2025-09-20
M00001451,P00427,E0002360,Insulin glargine,Antihyperglycemic,2025-09-17,2025-09-20
M00001452,P00427,E0002361,Insulin glargine,Antihyperglycemic,2026-01-19,
M00001453,P00427,E0002361,Amlodipine,Antihypertensive,2026-01-18,
M00001454,P00428,E0002368,Apixaban,Anticoagulant,2025-05-06,2025-05-07
M00001455,P00428,E0002368,Atorvastatin,Lipid lowering,2025-05-07,
M00001456,P00428,E0002368,Metformin,Antihyperglycemic,2025-05-07,
M00001457,P00428,E0002368,Albuterol,Bronchodilator,2025-05-06,
M00001458,P00428,E0002368,Lisinopril,Antihypertensive,2025-05-06,2025-05-07
M00001459,P00428,E0002369,Amlodipine,Antihypertensive,2025-09-29,2025-10-01
M00001460,P00430,E0002381,Atorvastatin,Lipid lowering,2025-03-15,
M00001461,P00430,E0002381,Insulin glargine,Antihyperglycemic,2025-03-15,
M00001462,P00430,E0002381,Amlodipine,Antihypertensive,2025-03-15,2025-03-18
M00001463,P00430,E0002381,Lisinopril,Antihypertensive,2025-03-15,
M00001464,P00431,E0002387,Albuterol,Bronchodilator,2025-06-03,2025-06-08
M00001465,P00432,E0002394,Metformin,Antihyperglycemic,2025-11-30,2025-12-01
M00001466,P00432,E0002394,Furosemide,Diuretic,2025-11-29,2025-12-01
M00001467,P00432,E0002394,Lisinopril,Antihypertensive,2025-11-29,
M00001468,P00432,E0002394,Apixaban,Anticoagulant,2025-11-30,2025-12-01
M00001469,P00433,E0002400,Insulin glargine,Antihyperglycemic,2025-03-22,
M00001470,P00434,E0002407,Albuterol,Bronchodilator,2025-04-26,2025-05-01
M00001471,P00434,E0002407,Lisinopril,Antihypertensive,2025-04-27,
M00001472,P00434,E0002407,Amlodipine,Antihypertensive,2025-04-26,
M00001473,P00434,E0002407,Insulin glargine,Antihyperglycemic,2025-04-27,2025-05-01
M00001474,P00434,E0002407,Atorvastatin,Lipid lowering,2025-04-26,2025-05-01
M00001475,P00434,E0002407,Apixaban,Anticoagulant,2025-04-26,2025-05-01
M00001476,P00434,E0002407,Metformin,Antihyperglycemic,2025-04-27,
M00001477,P00437,E0002429,Furosemide,Diuretic,2025-07-08,
M00001478,P00437,E0002429,Amlodipine,Antihypertensive,2025-07-08,
M00001479,P00437,E0002429,Metformin,Antihyperglycemic,2025-07-07,
M00001480,P00438,E0002431,Lisinopril,Antihypertensive,2025-09-13,2025-09-17
M00001481,P00439,E0002438,Albuterol,Bronchodilator,2025-10-26,2025-10-27
M00001482,P00439,E0002438,Atorvastatin,Lipid lowering,2025-10-25,
M00001483,P00439,E0002438,Metformin,Antihyperglycemic,2025-10-25,
M00001484,P00439,E0002438,Apixaban,Anticoagulant,2025-10-25,
M00001485,P00439,E0002438,Lisinopril,Antihypertensive,2025-10-26,2025-10-27
M00001486,P00439,E0002439,Lisinopril,Antihypertensive,2025-11-04,2025-11-07
M00001487,P00439,E0002439,Atorvastatin,Lipid lowering,2025-11-04,2025-11-07
M00001488,P00439,E0002439,Furosemide,Diuretic,2025-11-05,
M00001489,P00439,E0002439,Albuterol,Bronchodilator,2025-11-04,2025-11-07
M00001490,P00440,E0002447,Atorvastatin,Lipid lowering,2025-09-18,
M00001491,P00440,E0002448,Albuterol,Bronchodilator,2026-01-11,
M00001492,P00440,E0002448,Insulin glargine,Antihyperglycemic,2026-01-12,
M00001493,P00440,E0002449,Insulin glargine,Antihyperglycemic,2026-04-04,
M00001494,P00441,E0002453,Lisinopril,Antihypertensive,2025-10-03,
M00001495,P00441,E0002453,Amlodipine,Antihypertensive,2025-10-02,2025-10-03
M00001496,P00442,E0002457,Furosemide,Diuretic,2025-11-06,2025-11-06
M00001497,P00443,E0002461,Albuterol,Bronchodilator,2025-02-11,
M00001498,P00444,E0002472,Amlodipine,Antihypertensive,2025-03-22,2025-03-27
M00001499,P00444,E0002472,Apixaban,Anticoagulant,2025-03-22,
M00001500,P00444,E0002472,Atorvastatin,Lipid lowering,2025-03-22,2025-03-27
M00001501,P00444,E0002472,Insulin glargine,Antihyperglycemic,2025-03-23,2025-03-27
M00001502,P00444,E0002473,Insulin glargine,Antihyperglycemic,2025-03-31,
M00001503,P00444,E0002473,Albuterol,Bronchodilator,2025-04-01,
M00001504,P00444,E0002474,Albuterol,Bronchodilator,2025-04-27,
M00001505,P00444,E0002474,Amlodipine,Antihypertensive,2025-04-26,
M00001506,P00444,E0002474,Metformin,Antihyperglycemic,2025-04-26,
M00001507,P00444,E0002474,Apixaban,Anticoagulant,2025-04-26,
M00001508,P00444,E0002474,Furosemide,Diuretic,2025-04-27,2025-05-02
M00001509,P00445,E0002481,Atorvastatin,Lipid lowering,2025-08-04,
M00001510,P00445,E0002481,Furosemide,Diuretic,2025-08-04,
M00001511,P00445,E0002481,Albuterol,Bronchodilator,2025-08-05,2025-08-06
M00001512,P00445,E0002481,Insulin glargine,Antihyperglycemic,2025-08-05,
M00001513,P00445,E0002481,Amlodipine,Antihypertensive,2025-08-05,
M00001514,P00445,E0002481,Apixaban,Anticoagulant,2025-08-05,
M00001515,P00445,E0002482,Albuterol,Bronchodilator,2025-11-15,2025-11-18
M00001516,P00446,E0002484,Metformin,Antihyperglycemic,2025-07-28,
M00001517,P00446,E0002484,Insulin glargine,Antihyperglycemic,2025-07-28,
M00001518,P00447,E0002491,Amlodipine,Antihypertensive,2025-05-04,2025-05-04
M00001519,P00447,E0002491,Metformin,Antihyperglycemic,2025-05-03,
M00001520,P00447,E0002491,Albuterol,Bronchodilator,2025-05-03,
M00001521,P00447,E0002491,Insulin glargine,Antihyperglycemic,2025-05-04,
M00001522,P00447,E0002491,Lisinopril,Antihypertensive,2025-05-03,2025-05-04
M00001523,P00447,E0002492,Metformin,Antihyperglycemic,2025-09-04,2025-09-05
M00001524,P00447,E0002492,Amlodipine,Antihypertensive,2025-09-04,
M00001525,P00447,E0002492,Furosemide,Diuretic,2025-09-04,2025-09-05
M00001526,P00447,E0002492,Apixaban,Anticoagulant,2025-09-03,2025-09-05
M00001527,P00448,E0002498,Apixaban,Anticoagulant,2025-03-10,
M00001528,P00448,E0002498,Lisinopril,Antihypertensive,2025-03-10,
M00001529,P00449,E0002504,Atorvastatin,Lipid lowering,2025-05-13,2025-05-16
M00001530,P00449,E0002504,Insulin glargine,Antihyperglycemic,2025-05-13,2025-05-16
M00001531,P00449,E0002504,Amlodipine,Antihypertensive,2025-05-13,2025-05-16
M00001532,P00449,E0002504,Lisinopril,Antihypertensive,2025-05-12,2025-05-16
M00001533,P00449,E0002504,Apixaban,Anticoagulant,2025-05-12,
M00001534,P00449,E0002505,Insulin glargine,Antihyperglycemic,2025-09-25,2025-09-28
M00001535,P00449,E0002505,Metformin,Antihyperglycemic,2025-09-25,
M00001536,P00451,E0002513,Insulin glargine,Antihyperglycemic,2025-05-28,2025-06-01
M00001537,P00451,E0002513,Albuterol,Bronchodilator,2025-05-29,
M00001538,P00452,E0002517,Lisinopril,Antihypertensive,2025-03-02,
M00001539,P00452,E0002518,Albuterol,Bronchodilator,2025-04-18,
M00001540,P00452,E0002519,Amlodipine,Antihypertensive,2025-07-12,
M00001541,P00453,E0002525,Lisinopril,Antihypertensive,2025-10-14,2025-10-20
M00001542,P00453,E0002525,Furosemide,Diuretic,2025-10-15,
M00001543,P00453,E0002526,Amlodipine,Antihypertensive,2025-10-27,
M00001544,P00453,E0002526,Albuterol,Bronchodilator,2025-10-28,
M00001545,P00453,E0002526,Lisinopril,Antihypertensive,2025-10-27,
M00001546,P00454,E0002529,Metformin,Antihyperglycemic,2025-06-20,
M00001547,P00454,E0002529,Atorvastatin,Lipid lowering,2025-06-20,
M00001548,P00454,E0002529,Insulin glargine,Antihyperglycemic,2025-06-20,2025-06-22
M00001549,P00455,E0002538,Insulin glargine,Antihyperglycemic,2025-11-22,
M00001550,P00456,E0002543,Lisinopril,Antihypertensive,2025-10-07,2025-10-10
M00001551,P00457,E0002548,Albuterol,Bronchodilator,2025-04-25,2025-04-26
M00001552,P00457,E0002548,Atorvastatin,Lipid lowering,2025-04-26,
M00001553,P00457,E0002549,Insulin glargine,Antihyperglycemic,2025-05-04,2025-05-07
M00001554,P00457,E0002549,Atorvastatin,Lipid lowering,2025-05-03,
M00001555,P00458,E0002553,Furosemide,Diuretic,2025-03-05,
M00001556,P00458,E0002554,Apixaban,Anticoagulant,2025-07-29,2025-07-31
M00001557,P00458,E0002554,Atorvastatin,Lipid lowering,2025-07-30,2025-07-31
M00001558,P00459,E0002559,Metformin,Antihyperglycemic,2025-03-02,2025-03-07
M00001559,P00460,E0002565,Amlodipine,Antihypertensive,2025-06-27,2025-06-28
M00001560,P00460,E0002565,Albuterol,Bronchodilator,2025-06-27,
M00001561,P00460,E0002565,Atorvastatin,Lipid lowering,2025-06-27,2025-06-28
M00001562,P00461,E0002572,Albuterol,Bronchodilator,2025-03-14,
M00001563,P00461,E0002572,Insulin glargine,Antihyperglycemic,2025-03-15,
M00001564,P00461,E0002573,Furosemide,Diuretic,2025-07-17,
M00001565,P00462,E0002575,Apixaban,Anticoagulant,2025-06-08,
M00001566,P00463,E0002580,Metformin,Antihyperglycemic,2025-11-10,
M00001567,P00463,E0002580,Apixaban,Anticoagulant,2025-11-10,
M00001568,P00463,E0002580,Furosemide,Diuretic,2025-11-11,
M00001569,P00463,E0002580,Amlodipine,Antihypertensive,2025-11-10,2025-11-14
M00001570,P00463,E0002580,Albuterol,Bronchodilator,2025-11-11,2025-11-14
M00001571,P00463,E0002581,Atorvastatin,Lipid lowering,2026-04-07,2026-04-11
M00001572,P00463,E0002581,Albuterol,Bronchodilator,2026-04-06,
M00001573,P00463,E0002581,Apixaban,Anticoagulant,2026-04-07,
M00001574,P00464,E0002584,Amlodipine,Antihypertensive,2025-08-01,2025-08-04
M00001575,P00464,E0002584,Furosemide,Diuretic,2025-08-01,2025-08-04
M00001576,P00464,E0002584,Albuterol,Bronchodilator,2025-08-01,
M00001577,P00464,E0002584,Metformin,Antihyperglycemic,2025-08-01,2025-08-04
M00001578,P00465,E0002589,Amlodipine,Antihypertensive,2025-07-14,
M00001579,P00465,E0002589,Insulin glargine,Antihyperglycemic,2025-07-15,
M00001580,P00465,E0002589,Atorvastatin,Lipid lowering,2025-07-15,
M00001581,P00465,E0002590,Apixaban,Anticoagulant,2025-11-19,2025-11-23
M00001582,P00466,E0002594,Apixaban,Anticoagulant,2025-08-18,2025-08-21
M00001583,P00466,E0002595,Furosemide,Diuretic,2025-11-04,2025-11-05
M00001584,P00467,E0002598,Apixaban,Anticoagulant,2025-03-10,
M00001585,P00467,E0002598,Amlodipine,Antihypertensive,2025-03-09,
M00001586,P00467,E0002598,Lisinopril,Antihypertensive,2025-03-10,2025-03-10
M00001587,P00467,E0002598,Insulin glargine,Antihyperglycemic,2025-03-09,2025-03-10
M00001588,P00467,E0002598,Albuterol,Bronchodilator,2025-03-09,2025-03-10
M00001589,P00467,E0002599,Metformin,Antihyperglycemic,2025-03-21,
M00001590,P00468,E0002606,Apixaban,Anticoagulant,2025-10-29,2025-11-03
M00001591,P00468,E0002606,Metformin,Antihyperglycemic,2025-10-28,
M00001592,P00468,E0002606,Amlodipine,Antihypertensive,2025-10-29,2025-11-03
M00001593,P00468,E0002606,Insulin glargine,Antihyperglycemic,2025-10-29,2025-11-03
M00001594,P00468,E0002606,Atorvastatin,Lipid lowering,2025-10-29,2025-11-03
M00001595,P00468,E0002606,Albuterol,Bronchodilator,2025-10-28,
M00001596,P00468,E0002606,Lisinopril,Antihypertensive,2025-10-29,
M00001597,P00468,E0002606,Furosemide,Diuretic,2025-10-29,2025-11-03
M00001598,P00468,E0002607,Amlodipine,Antihypertensive,2026-03-28,
M00001599,P00468,E0002607,Albuterol,Bronchodilator,2026-03-27,
M00001600,P00468,E0002607,Lisinopril,Antihypertensive,2026-03-27,2026-03-29
M00001601,P00468,E0002607,Insulin glargine,Antihyperglycemic,2026-03-28,2026-03-29
M00001602,P00469,E0002615,Apixaban,Anticoagulant,2025-08-25,
M00001603,P00469,E0002615,Metformin,Antihyperglycemic,2025-08-25,
M00001604,P00469,E0002615,Atorvastatin,Lipid lowering,2025-08-26,2025-08-28
M00001605,P00469,E0002615,Furosemide,Diuretic,2025-08-25,2025-08-28
M00001606,P00469,E0002615,Lisinopril,Antihypertensive,2025-08-25,
M00001607,P00469,E0002616,Furosemide,Diuretic,2025-11-30,2025-12-03
M00001608,P00469,E0002616,Apixaban,Anticoagulant,2025-11-29,
M00001609,P00469,E0002616,Atorvastatin,Lipid lowering,2025-11-30,
M00001610,P00471,E0002625,Insulin glargine,Antihyperglycemic,2025-05-13,
M00001611,P00471,E0002625,Amlodipine,Antihypertensive,2025-05-13,2025-05-17
M00001612,P00472,E0002627,Apixaban,Anticoagulant,2025-04-04,2025-04-08
M00001613,P00472,E0002628,Amlodipine,Antihypertensive,2025-07-14,
M00001614,P00473,E0002633,Lisinopril,Antihypertensive,2025-06-13,
M00001615,P00473,E0002633,Albuterol,Bronchodilator,2025-06-13,
M00001616,P00473,E0002633,Atorvastatin,Lipid lowering,2025-06-14,2025-06-19
M00001617,P00473,E0002633,Metformin,Antihyperglycemic,2025-06-14,
M00001618,P00473,E0002633,Apixaban,Anticoagulant,2025-06-14,2025-06-19
M00001619,P00473,E0002633,Insulin glargine,Antihyperglycemic,2025-06-14,2025-06-19
M00001620,P00474,E0002635,Metformin,Antihyperglycemic,2025-11-07,2025-11-10
M00001621,P00474,E0002635,Insulin glargine,Antihyperglycemic,2025-11-07,
M00001622,P00476,E0002643,Apixaban,Anticoagulant,2025-07-26,2025-07-27
M00001623,P00476,E0002643,Insulin glargine,Antihyperglycemic,2025-07-27,
M00001624,P00476,E0002643,Atorvastatin,Lipid lowering,2025-07-27,
M00001625,P00477,E0002649,Lisinopril,Antihypertensive,2025-08-07,
M00001626,P00478,E0002653,Amlodipine,Antihypertensive,2025-06-12,
M00001627,P00478,E0002653,Lisinopril,Antihypertensive,2025-06-11,
M00001628,P00478,E0002653,Apixaban,Anticoagulant,2025-06-11,2025-06-13
M00001629,P00478,E0002653,Furosemide,Diuretic,2025-06-12,2025-06-13
M00001630,P00478,E0002653,Insulin glargine,Antihyperglycemic,2025-06-12,2025-06-13
M00001631,P00478,E0002653,Albuterol,Bronchodilator,2025-06-11,
M00001632,P00478,E0002653,Metformin,Antihyperglycemic,2025-06-11,2025-06-13
M00001633,P00480,E0002660,Lisinopril,Antihypertensive,2025-03-12,
M00001634,P00482,E0002673,Insulin glargine,Antihyperglycemic,2025-03-29,
M00001635,P00482,E0002673,Albuterol,Bronchodilator,2025-03-29,
M00001636,P00482,E0002673,Lisinopril,Antihypertensive,2025-03-29,2025-04-01
M00001637,P00482,E0002673,Apixaban,Anticoagulant,2025-03-30,2025-04-01
M00001638,P00482,E0002674,Atorvastatin,Lipid lowering,2025-04-28,
M00001639,P00482,E0002674,Albuterol,Bronchodilator,2025-04-29,2025-05-04
M00001640,P00482,E0002674,Apixaban,Anticoagulant,2025-04-29,
M00001641,P00483,E0002681,Metformin,Antihyperglycemic,2025-01-11,2025-01-12
M00001642,P00483,E0002681,Albuterol,Bronchodilator,2025-01-11,
M00001643,P00483,E0002681,Amlodipine,Antihypertensive,2025-01-10,
M00001644,P00483,E0002681,Lisinopril,Antihypertensive,2025-01-10,2025-01-12
M00001645,P00483,E0002682,Lisinopril,Antihypertensive,2025-05-26,2025-05-29
M00001646,P00483,E0002682,Furosemide,Diuretic,2025-05-25,2025-05-29
M00001647,P00483,E0002682,Albuterol,Bronchodilator,2025-05-25,
M00001648,P00483,E0002683,Lisinopril,Antihypertensive,2025-06-16,
M00001649,P00483,E0002683,Furosemide,Diuretic,2025-06-15,2025-06-20
M00001650,P00483,E0002683,Albuterol,Bronchodilator,2025-06-15,
M00001651,P00484,E0002688,Metformin,Antihyperglycemic,2025-09-24,
M00001652,P00484,E0002688,Apixaban,Anticoagulant,2025-09-25,2025-09-27
M00001653,P00484,E0002688,Albuterol,Bronchodilator,2025-09-24,
M00001654,P00484,E0002688,Furosemide,Diuretic,2025-09-24,
M00001655,P00484,E0002689,Atorvastatin,Lipid lowering,2025-10-04,
M00001656,P00486,E0002701,Albuterol,Bronchodilator,2025-07-26,
M00001657,P00486,E0002702,Metformin,Antihyperglycemic,2025-12-06,2025-12-08
M00001658,P00486,E0002702,Amlodipine,Antihypertensive,2025-12-06,2025-12-08
M00001659,P00486,E0002703,Insulin glargine,Antihyperglycemic,2026-03-14,
M00001660,P00486,E0002703,Metformin,Antihyperglycemic,2026-03-14,
M00001661,P00487,E0002709,Metformin,Antihyperglycemic,2025-12-10,2025-12-13
M00001662,P00488,E0002716,Albuterol,Bronchodilator,2025-02-17,
M00001663,P00488,E0002716,Lisinopril,Antihypertensive,2025-02-18,2025-02-20
M00001664,P00488,E0002716,Furosemide,Diuretic,2025-02-18,2025-02-20
M00001665,P00488,E0002716,Insulin glargine,Antihyperglycemic,2025-02-17,2025-02-20
M00001666,P00488,E0002716,Atorvastatin,Lipid lowering,2025-02-17,2025-02-20
M00001667,P00488,E0002716,Apixaban,Anticoagulant,2025-02-18,
M00001668,P00489,E0002722,Lisinopril,Antihypertensive,2025-04-24,
M00001669,P00490,E0002731,Amlodipine,Antihypertensive,2025-03-17,2025-03-21
M00001670,P00490,E0002731,Lisinopril,Antihypertensive,2025-03-17,
M00001671,P00490,E0002731,Albuterol,Bronchodilator,2025-03-18,
M00001672,P00490,E0002731,Insulin glargine,Antihyperglycemic,2025-03-17,
M00001673,P00491,E0002737,Amlodipine,Antihypertensive,2025-10-12,2025-10-15
M00001674,P00491,E0002737,Apixaban,Anticoagulant,2025-10-13,
M00001675,P00491,E0002737,Insulin glargine,Antihyperglycemic,2025-10-12,2025-10-15
M00001676,P00493,E0002747,Lisinopril,Antihypertensive,2025-06-29,
M00001677,P00493,E0002747,Atorvastatin,Lipid lowering,2025-06-29,
M00001678,P00493,E0002747,Insulin glargine,Antihyperglycemic,2025-06-29,2025-07-03
M00001679,P00493,E0002747,Amlodipine,Antihypertensive,2025-06-29,
M00001680,P00493,E0002748,Insulin glargine,Antihyperglycemic,2025-09-19,2025-09-22
M00001681,P00493,E0002748,Albuterol,Bronchodilator,2025-09-19,
M00001682,P00494,E0002753,Lisinopril,Antihypertensive,2025-10-15,2025-10-16
M00001683,P00494,E0002753,Albuterol,Bronchodilator,2025-10-15,2025-10-16
M00001684,P00494,E0002753,Apixaban,Anticoagulant,2025-10-15,2025-10-16
M00001685,P00494,E0002754,Atorvastatin,Lipid lowering,2025-11-02,2025-11-07
M00001686,P00494,E0002754,Albuterol,Bronchodilator,2025-11-01,
M00001687,P00496,E0002760,Albuterol,Bronchodilator,2025-07-02,2025-07-04
M00001688,P00497,E0002767,Furosemide,Diuretic,2025-06-20,
M00001689,P00497,E0002768,Apixaban,Anticoagulant,2025-08-13,
M00001690,P00499,E0002777,Furosemide,Diuretic,2025-11-09,
M00001691,P00499,E0002777,Atorvastatin,Lipid lowering,2025-11-08,
M00001692,P00499,E0002777,Lisinopril,Antihypertensive,2025-11-08,2025-11-13
M00001693,P00500,E0002782,Lisinopril,Antihypertensive,2025-08-15,
M00001694,P00500,E0002782,Atorvastatin,Lipid lowering,2025-08-14,
M00001695,P00500,E0002782,Albuterol,Bronchodilator,2025-08-15,2025-08-16
M00001696,P00501,E0002788,Metformin,Antihyperglycemic,2025-08-09,
M00001697,P00502,E0002794,Atorvastatin,Lipid lowering,2025-11-18,
M00001698,P00502,E0002794,Lisinopril,Antihypertensive,2025-11-17,
M00001699,P00502,E0002794,Albuterol,Bronchodilator,2025-11-18,
M00001700,P00502,E0002795,Amlodipine,Antihypertensive,2026-03-14,
M00001701,P00502,E0002795,Furosemide,Diuretic,2026-03-15,
M00001702,P00503,E0002801,Lisinopril,Antihypertensive,2025-07-13,2025-07-18
M00001703,P00503,E0002801,Albuterol,Bronchodilator,2025-07-13,2025-07-18
M00001704,P00503,E0002801,Metformin,Antihyperglycemic,2025-07-13,2025-07-18
M00001705,P00503,E0002801,Insulin glargine,Antihyperglycemic,2025-07-13,2025-07-18
M00001706,P00503,E0002801,Apixaban,Anticoagulant,2025-07-12,2025-07-18
M00001707,P00506,E0002817,Albuterol,Bronchodilator,2025-08-27,
M00001708,P00506,E0002817,Amlodipine,Antihypertensive,2025-08-26,2025-08-29
M00001709,P00506,E0002817,Metformin,Antihyperglycemic,2025-08-27,2025-08-29
M00001710,P00506,E0002818,Lisinopril,Antihypertensive,2025-12-07,2025-12-11
M00001711,P00506,E0002818,Metformin,Antihyperglycemic,2025-12-08,
M00001712,P00506,E0002818,Apixaban,Anticoagulant,2025-12-07,
M00001713,P00507,E0002823,Lisinopril,Antihypertensive,2025-10-25,2025-10-26
M00001714,P00507,E0002823,Insulin glargine,Antihyperglycemic,2025-10-24,
M00001715,P00508,E0002828,Lisinopril,Antihypertensive,2025-08-10,
M00001716,P00508,E0002828,Furosemide,Diuretic,2025-08-10,2025-08-12
M00001717,P00508,E0002828,Albuterol,Bronchodilator,2025-08-09,
M00001718,P00509,E0002830,Furosemide,Diuretic,2025-01-17,2025-01-18
M00001719,P00509,E0002830,Lisinopril,Antihypertensive,2025-01-17,2025-01-18
M00001720,P00510,E0002837,Apixaban,Anticoagulant,2025-09-24,
M00001721,P00510,E0002837,Atorvastatin,Lipid lowering,2025-09-25,
M00001722,P00510,E0002837,Lisinopril,Antihypertensive,2025-09-25,
M00001723,P00513,E0002847,Atorvastatin,Lipid lowering,2025-08-13,2025-08-14
M00001724,P00513,E0002848,Metformin,Antihyperglycemic,2025-10-15,2025-10-17
M00001725,P00515,E0002861,Atorvastatin,Lipid lowering,2025-08-01,2025-08-06
M00001726,P00515,E0002861,Lisinopril,Antihypertensive,2025-08-01,
M00001727,P00515,E0002861,Furosemide,Diuretic,2025-08-01,2025-08-06
M00001728,P00516,E0002867,Furosemide,Diuretic,2025-06-04,
M00001729,P00516,E0002868,Lisinopril,Antihypertensive,2025-06-23,
M00001730,P00517,E0002875,Albuterol,Bronchodilator,2025-06-27,
M00001731,P00517,E0002875,Lisinopril,Antihypertensive,2025-06-26,2025-06-29
M00001732,P00518,E0002879,Apixaban,Anticoagulant,2025-08-22,2025-08-23
M00001733,P00518,E0002880,Amlodipine,Antihypertensive,2025-09-10,
M00001734,P00518,E0002880,Atorvastatin,Lipid lowering,2025-09-10,
M00001735,P00518,E0002880,Insulin glargine,Antihyperglycemic,2025-09-11,2025-09-12
M00001736,P00518,E0002881,Amlodipine,Antihypertensive,2025-12-04,2025-12-07
M00001737,P00519,E0002885,Apixaban,Anticoagulant,2025-05-25,
M00001738,P00519,E0002885,Albuterol,Bronchodilator,2025-05-26,
M00001739,P00519,E0002886,Apixaban,Anticoagulant,2025-07-20,
M00001740,P00521,E0002893,Albuterol,Bronchodilator,2025-10-16,
M00001741,P00521,E0002893,Atorvastatin,Lipid lowering,2025-10-16,2025-10-18
M00001742,P00521,E0002893,Amlodipine,Antihypertensive,2025-10-16,
M00001743,P00521,E0002894,Furosemide,Diuretic,2026-03-06,2026-03-09
M00001744,P00521,E0002894,Atorvastatin,Lipid lowering,2026-03-06,
M00001745,P00521,E0002894,Metformin,Antihyperglycemic,2026-03-05,
M00001746,P00521,E0002894,Lisinopril,Antihypertensive,2026-03-06,
M00001747,P00523,E0002904,Atorvastatin,Lipid lowering,2025-08-29,
M00001748,P00523,E0002904,Albuterol,Bronchodilator,2025-08-29,
M00001749,P00523,E0002904,Apixaban,Anticoagulant,2025-08-29,2025-08-31
M00001750,P00523,E0002904,Furosemide,Diuretic,2025-08-28,2025-08-31
M00001751,P00523,E0002905,Atorvastatin,Lipid lowering,2025-09-12,
M00001752,P00523,E0002905,Insulin glargine,Antihyperglycemic,2025-09-12,2025-09-17
M00001753,P00524,E0002911,Albuterol,Bronchodilator,2025-09-06,2025-09-09
M00001754,P00525,E0002917,Metformin,Antihyperglycemic,2025-11-04,2025-11-05
M00001755,P00525,E0002917,Atorvastatin,Lipid lowering,2025-11-04,
M00001756,P00525,E0002918,Furosemide,Diuretic,2026-04-04,2026-04-08
M00001757,P00526,E0002925,Metformin,Antihyperglycemic,2025-10-08,
M00001758,P00526,E0002925,Insulin glargine,Antihyperglycemic,2025-10-08,
M00001759,P00526,E0002925,Apixaban,Anticoagulant,2025-10-08,
M00001760,P00527,E0002933,Lisinopril,Antihypertensive,2025-08-02,2025-08-05
M00001761,P00528,E0002938,Amlodipine,Antihypertensive,2025-02-15,
M00001762,P00528,E0002938,Apixaban,Anticoagulant,2025-02-15,2025-02-17
M00001763,P00528,E0002939,Atorvastatin,Lipid lowering,2025-06-23,
M00001764,P00528,E0002939,Amlodipine,Antihypertensive,2025-06-23,
M00001765,P00528,E0002939,Metformin,Antihyperglycemic,2025-06-23,
M00001766,P00529,E0002943,Amlodipine,Antihypertensive,2025-07-27,
M00001767,P00531,E0002951,Atorvastatin,Lipid lowering,2025-08-16,
M00001768,P00531,E0002951,Metformin,Antihyperglycemic,2025-08-15,2025-08-20
M00001769,P00531,E0002951,Insulin glargine,Antihyperglycemic,2025-08-15,2025-08-20
M00001770,P00531,E0002951,Furosemide,Diuretic,2025-08-16,2025-08-20
M00001771,P00531,E0002952,Metformin,Antihyperglycemic,2025-10-13,2025-10-17
M00001772,P00531,E0002952,Lisinopril,Antihypertensive,2025-10-13,
M00001773,P00531,E0002952,Amlodipine,Antihypertensive,2025-10-13,2025-10-17
M00001774,P00532,E0002957,Furosemide,Diuretic,2025-09-18,
M00001775,P00532,E0002957,Metformin,Antihyperglycemic,2025-09-17,2025-09-23
M00001776,P00532,E0002957,Insulin glargine,Antihyperglycemic,2025-09-18,2025-09-23
M00001777,P00532,E0002957,Lisinopril,Antihypertensive,2025-09-17,2025-09-23
M00001778,P00534,E0002967,Apixaban,Anticoagulant,2025-04-11,
M00001779,P00534,E0002967,Albuterol,Bronchodilator,2025-04-10,2025-04-11
M00001780,P00534,E0002967,Metformin,Antihyperglycemic,2025-04-11,2025-04-11
M00001781,P00535,E0002972,Metformin,Antihyperglycemic,2025-09-20,
M00001782,P00535,E0002972,Atorvastatin,Lipid lowering,2025-09-21,2025-09-23
M00001783,P00535,E0002972,Amlodipine,Antihypertensive,2025-09-21,2025-09-23
M00001784,P00536,E0002975,Apixaban,Anticoagulant,2025-06-01,2025-06-05
M00001785,P00536,E0002975,Furosemide,Diuretic,2025-06-02,2025-06-05
M00001786,P00536,E0002975,Metformin,Antihyperglycemic,2025-06-01,2025-06-05
M00001787,P00536,E0002976,Apixaban,Anticoagulant,2025-09-09,
M00001788,P00537,E0002980,Apixaban,Anticoagulant,2025-04-01,
M00001789,P00537,E0002980,Insulin glargine,Antihyperglycemic,2025-03-31,
M00001790,P00538,E0002987,Furosemide,Diuretic,2025-04-04,
M00001791,P00538,E0002987,Albuterol,Bronchodilator,2025-04-05,2025-04-05
M00001792,P00540,E0002997,Metformin,Antihyperglycemic,2025-11-01,2025-11-02
M00001793,P00540,E0002997,Amlodipine,Antihypertensive,2025-10-31,
M00001794,P00540,E0002997,Apixaban,Anticoagulant,2025-10-31,
M00001795,P00540,E0002998,Apixaban,Anticoagulant,2025-11-23,2025-11-26
M00001796,P00540,E0002998,Insulin glargine,Antihyperglycemic,2025-11-23,
M00001797,P00541,E0003001,Albuterol,Bronchodilator,2025-01-28,
M00001798,P00542,E0003004,Albuterol,Bronchodilator,2025-04-07,2025-04-07
M00001799,P00543,E0003011,Albuterol,Bronchodilator,2025-09-22,2025-09-23
M00001800,P00543,E0003011,Atorvastatin,Lipid lowering,2025-09-22,2025-09-23
M00001801,P00543,E0003011,Metformin,Antihyperglycemic,2025-09-22,
M00001802,P00544,E0003017,Apixaban,Anticoagulant,2025-10-14,
M00001803,P00544,E0003017,Lisinopril,Antihypertensive,2025-10-14,2025-10-14
M00001804,P00544,E0003017,Atorvastatin,Lipid lowering,2025-10-14,
M00001805,P00544,E0003018,Furosemide,Diuretic,2025-11-10,2025-11-11
M00001806,P00544,E0003019,Insulin glargine,Antihyperglycemic,2026-01-22,
M00001807,P00544,E0003019,Atorvastatin,Lipid lowering,2026-01-22,2026-01-26
M00001808,P00544,E0003019,Albuterol,Bronchodilator,2026-01-22,2026-01-26
M00001809,P00547,E0003036,Metformin,Antihyperglycemic,2025-07-19,2025-07-24
M00001810,P00547,E0003036,Lisinopril,Antihypertensive,2025-07-20,2025-07-24
M00001811,P00547,E0003036,Apixaban,Anticoagulant,2025-07-19,
M00001812,P00547,E0003037,Furosemide,Diuretic,2025-11-06,
M00001813,P00547,E0003037,Atorvastatin,Lipid lowering,2025-11-06,2025-11-10
M00001814,P00547,E0003037,Apixaban,Anticoagulant,2025-11-06,
M00001815,P00547,E0003037,Lisinopril,Antihypertensive,2025-11-06,2025-11-10
M00001816,P00547,E0003037,Metformin,Antihyperglycemic,2025-11-05,
M00001817,P00547,E0003037,Albuterol,Bronchodilator,2025-11-06,
M00001818,P00547,E0003037,Amlodipine,Antihypertensive,2025-11-06,2025-11-10
M00001819,P00548,E0003043,Albuterol,Bronchodilator,2025-07-22,2025-07-25
M00001820,P00549,E0003047,Furosemide,Diuretic,2025-04-30,
M00001821,P00549,E0003047,Metformin,Antihyperglycemic,2025-05-01,
M00001822,P00549,E0003047,Amlodipine,Antihypertensive,2025-04-30,
M00001823,P00549,E0003047,Lisinopril,Antihypertensive,2025-04-30,
M00001824,P00549,E0003047,Atorvastatin,Lipid lowering,2025-04-30,
M00001825,P00550,E0003052,Metformin,Antihyperglycemic,2025-06-23,2025-06-25
M00001826,P00551,E0003057,Atorvastatin,Lipid lowering,2025-04-18,2025-04-20
M00001827,P00551,E0003058,Apixaban,Anticoagulant,2025-07-25,2025-07-29
M00001828,P00552,E0003062,Furosemide,Diuretic,2025-01-24,
M00001829,P00553,E0003069,Furosemide,Diuretic,2025-07-07,
M00001830,P00553,E0003069,Apixaban,Anticoagulant,2025-07-07,
M00001831,P00553,E0003069,Lisinopril,Antihypertensive,2025-07-07,
M00001832,P00554,E0003073,Lisinopril,Antihypertensive,2025-05-03,
M00001833,P00555,E0003078,Amlodipine,Antihypertensive,2025-04-07,
M00001834,P00555,E0003079,Albuterol,Bronchodilator,2025-04-27,
M00001835,P00557,E0003091,Atorvastatin,Lipid lowering,2025-03-31,2025-04-04
M00001836,P00557,E0003091,Furosemide,Diuretic,2025-04-01,2025-04-04
M00001837,P00558,E0003096,Lisinopril,Antihypertensive,2025-04-03,2025-04-03
M00001838,P00558,E0003097,Apixaban,Anticoagulant,2025-09-02,2025-09-03
M00001839,P00558,E0003097,Lisinopril,Antihypertensive,2025-09-01,2025-09-03
M00001840,P00558,E0003097,Metformin,Antihyperglycemic,2025-09-02,2025-09-03
M00001841,P00558,E0003097,Albuterol,Bronchodilator,2025-09-01,2025-09-03
M00001842,P00558,E0003097,Amlodipine,Antihypertensive,2025-09-02,2025-09-03
M00001843,P00559,E0003100,Furosemide,Diuretic,2025-08-17,
M00001844,P00559,E0003100,Albuterol,Bronchodilator,2025-08-18,
M00001845,P00559,E0003100,Insulin glargine,Antihyperglycemic,2025-08-17,
M00001846,P00559,E0003101,Furosemide,Diuretic,2025-09-16,
M00001847,P00559,E0003101,Lisinopril,Antihypertensive,2025-09-15,2025-09-18
M00001848,P00559,E0003101,Albuterol,Bronchodilator,2025-09-15,
M00001849,P00559,E0003101,Insulin glargine,Antihyperglycemic,2025-09-16,2025-09-18
M00001850,P00559,E0003101,Metformin,Antihyperglycemic,2025-09-15,
M00001851,P00559,E0003101,Atorvastatin,Lipid lowering,2025-09-15,
M00001852,P00559,E0003101,Amlodipine,Antihypertensive,2025-09-16,
M00001853,P00560,E0003104,Apixaban,Anticoagulant,2025-07-03,
M00001854,P00561,E0003111,Apixaban,Anticoagulant,2025-07-04,2025-07-08
M00001855,P00561,E0003111,Albuterol,Bronchodilator,2025-07-04,
M00001856,P00561,E0003111,Furosemide,Diuretic,2025-07-04,
M00001857,P00561,E0003112,Amlodipine,Antihypertensive,2025-11-22,2025-11-24
M00001858,P00561,E0003112,Albuterol,Bronchodilator,2025-11-21,2025-11-24
M00001859,P00561,E0003112,Lisinopril,Antihypertensive,2025-11-22,2025-11-24
M00001860,P00562,E0003120,Lisinopril,Antihypertensive,2025-10-27,
M00001861,P00562,E0003121,Amlodipine,Antihypertensive,2026-02-12,2026-02-18
M00001862,P00562,E0003121,Apixaban,Anticoagulant,2026-02-13,
M00001863,P00562,E0003121,Insulin glargine,Antihyperglycemic,2026-02-12,
M00001864,P00564,E0003134,Insulin glargine,Antihyperglycemic,2025-08-12,
M00001865,P00564,E0003134,Albuterol,Bronchodilator,2025-08-13,2025-08-15
M00001866,P00564,E0003135,Apixaban,Anticoagulant,2025-11-28,
M00001867,P00564,E0003135,Albuterol,Bronchodilator,2025-11-28,
M00001868,P00564,E0003135,Insulin glargine,Antihyperglycemic,2025-11-29,
M00001869,P00564,E0003135,Lisinopril,Antihypertensive,2025-11-28,
M00001870,P00565,E0003138,Amlodipine,Antihypertensive,2025-03-28,
M00001871,P00566,E0003145,Furosemide,Diuretic,2025-04-04,
M00001872,P00566,E0003145,Apixaban,Anticoagulant,2025-04-04,
M00001873,P00566,E0003145,Metformin,Antihyperglycemic,2025-04-05,2025-04-06
M00001874,P00566,E0003145,Atorvastatin,Lipid lowering,2025-04-05,2025-04-06
M00001875,P00566,E0003146,Amlodipine,Antihypertensive,2025-04-13,
M00001876,P00566,E0003147,Atorvastatin,Lipid lowering,2025-08-28,
M00001877,P00566,E0003147,Furosemide,Diuretic,2025-08-28,
M00001878,P00567,E0003151,Amlodipine,Antihypertensive,2025-09-15,
M00001879,P00567,E0003151,Insulin glargine,Antihyperglycemic,2025-09-14,
M00001880,P00567,E0003152,Amlodipine,Antihypertensive,2026-01-11,
M00001881,P00567,E0003152,Lisinopril,Antihypertensive,2026-01-10,
M00001882,P00568,E0003155,Atorvastatin,Lipid lowering,2025-08-10,2025-08-11
M00001883,P00568,E0003156,Insulin glargine,Antihyperglycemic,2025-09-29,2025-10-01
M00001884,P00569,E0003159,Furosemide,Diuretic,2025-10-17,2025-10-17
M00001885,P00569,E0003159,Albuterol,Bronchodilator,2025-10-17,2025-10-17
M00001886,P00570,E0003164,Lisinopril,Antihypertensive,2025-04-25,2025-04-27
M00001887,P00570,E0003164,Furosemide,Diuretic,2025-04-25,
M00001888,P00570,E0003164,Albuterol,Bronchodilator,2025-04-24,
M00001889,P00570,E0003164,Atorvastatin,Lipid lowering,2025-04-25,2025-04-27
M00001890,P00571,E0003168,Metformin,Antihyperglycemic,2025-07-09,2025-07-14
M00001891,P00572,E0003171,Albuterol,Bronchodilator,2025-06-17,
M00001892,P00572,E0003171,Metformin,Antihyperglycemic,2025-06-18,
M00001893,P00572,E0003171,Lisinopril,Antihypertensive,2025-06-18,
M00001894,P00572,E0003172,Metformin,Antihyperglycemic,2025-07-18,
M00001895,P00572,E0003172,Furosemide,Diuretic,2025-07-18,
M00001896,P00575,E0003186,Atorvastatin,Lipid lowering,2025-09-24,
M00001897,P00575,E0003186,Insulin glargine,Antihyperglycemic,2025-09-24,
M00001898,P00575,E0003186,Furosemide,Diuretic,2025-09-24,2025-09-26
M00001899,P00575,E0003186,Lisinopril,Antihypertensive,2025-09-24,
M00001900,P00575,E0003186,Apixaban,Anticoagulant,2025-09-23,
M00001901,P00575,E0003186,Metformin,Antihyperglycemic,2025-09-23,
M00001902,P00576,E0003193,Lisinopril,Antihypertensive,2025-03-14,
M00001903,P00576,E0003194,Amlodipine,Antihypertensive,2025-07-12,2025-07-13
M00001904,P00578,E0003204,Amlodipine,Antihypertensive,2025-05-16,
M00001905,P00579,E0003210,Furosemide,Diuretic,2025-06-05,
M00001906,P00580,E0003214,Albuterol,Bronchodilator,2025-02-19,2025-02-20
M00001907,P00580,E0003214,Furosemide,Diuretic,2025-02-19,
M00001908,P00581,E0003220,Albuterol,Bronchodilator,2025-03-11,2025-03-14
M00001909,P00581,E0003220,Lisinopril,Antihypertensive,2025-03-10,2025-03-14
M00001910,P00582,E0003226,Lisinopril,Antihypertensive,2025-05-27,
M00001911,P00582,E0003226,Albuterol,Bronchodilator,2025-05-26,
M00001912,P00582,E0003227,Furosemide,Diuretic,2025-09-16,
M00001913,P00583,E0003231,Amlodipine,Antihypertensive,2025-11-10,
M00001914,P00583,E0003231,Atorvastatin,Lipid lowering,2025-11-10,
M00001915,P00583,E0003231,Albuterol,Bronchodilator,2025-11-10,
M00001916,P00583,E0003231,Lisinopril,Antihypertensive,2025-11-10,2025-11-14
M00001917,P00583,E0003231,Furosemide,Diuretic,2025-11-09,2025-11-14
M00001918,P00583,E0003232,Amlodipine,Antihypertensive,2026-03-06,2026-03-08
M00001919,P00583,E0003232,Lisinopril,Antihypertensive,2026-03-05,2026-03-08
M00001920,P00583,E0003232,Atorvastatin,Lipid lowering,2026-03-06,2026-03-08
M00001921,P00583,E0003232,Metformin,Antihyperglycemic,2026-03-06,2026-03-08
M00001922,P00584,E0003235,Amlodipine,Antihypertensive,2025-08-28,
M00001923,P00584,E0003235,Metformin,Antihyperglycemic,2025-08-29,2025-08-31
M00001924,P00584,E0003236,Insulin glargine,Antihyperglycemic,2025-10-25,2025-10-29
M00001925,P00584,E0003236,Lisinopril,Antihypertensive,2025-10-25,
M00001926,P00584,E0003236,Furosemide,Diuretic,2025-10-25,
M00001927,P00585,E0003242,Atorvastatin,Lipid lowering,2025-09-01,
M00001928,P00585,E0003242,Apixaban,Anticoagulant,2025-09-01,
M00001929,P00585,E0003242,Metformin,Antihyperglycemic,2025-09-02,
M00001930,P00585,E0003242,Amlodipine,Antihypertensive,2025-09-01,
M00001931,P00585,E0003242,Lisinopril,Antihypertensive,2025-09-02,2025-09-04
M00001932,P00585,E0003243,Insulin glargine,Antihyperglycemic,2025-11-23,
M00001933,P00585,E0003243,Apixaban,Anticoagulant,2025-11-23,
M00001934,P00585,E0003243,Lisinopril,Antihypertensive,2025-11-22,
M00001935,P00585,E0003243,Metformin,Antihyperglycemic,2025-11-23,
M00001936,P00586,E0003251,Insulin glargine,Antihyperglycemic,2025-09-11,2025-09-11
M00001937,P00586,E0003251,Lisinopril,Antihypertensive,2025-09-10,
M00001938,P00586,E0003251,Amlodipine,Antihypertensive,2025-09-11,2025-09-11
M00001939,P00586,E0003251,Albuterol,Bronchodilator,2025-09-10,
M00001940,P00586,E0003251,Metformin,Antihyperglycemic,2025-09-10,
M00001941,P00587,E0003254,Insulin glargine,Antihyperglycemic,2025-06-09,
M00001942,P00587,E0003254,Amlodipine,Antihypertensive,2025-06-10,2025-06-12
M00001943,P00587,E0003254,Lisinopril,Antihypertensive,2025-06-09,
M00001944,P00587,E0003254,Albuterol,Bronchodilator,2025-06-09,2025-06-12
M00001945,P00587,E0003255,Metformin,Antihyperglycemic,2025-10-24,
M00001946,P00588,E0003260,Albuterol,Bronchodilator,2025-03-14,2025-03-16
M00001947,P00588,E0003260,Atorvastatin,Lipid lowering,2025-03-14,2025-03-16
M00001948,P00588,E0003261,Metformin,Antihyperglycemic,2025-05-05,
M00001949,P00588,E0003261,Lisinopril,Antihypertensive,2025-05-04,
M00001950,P00588,E0003261,Apixaban,Anticoagulant,2025-05-04,
M00001951,P00588,E0003261,Insulin glargine,Antihyperglycemic,2025-05-04,2025-05-06
M00001952,P00590,E0003269,Apixaban,Anticoagulant,2025-07-01,
M00001953,P00590,E0003270,Apixaban,Anticoagulant,2025-09-06,
M00001954,P00591,E0003276,Apixaban,Anticoagulant,2025-09-15,
M00001955,P00591,E0003276,Atorvastatin,Lipid lowering,2025-09-15,
M00001956,P00592,E0003283,Furosemide,Diuretic,2025-10-11,
M00001957,P00593,E0003292,Amlodipine,Antihypertensive,2025-07-18,2025-07-24
M00001958,P00593,E0003292,Insulin glargine,Antihyperglycemic,2025-07-19,2025-07-24
M00001959,P00593,E0003293,Metformin,Antihyperglycemic,2025-12-09,
M00001960,P00593,E0003293,Lisinopril,Antihypertensive,2025-12-10,2025-12-14
M00001961,P00594,E0003297,Atorvastatin,Lipid lowering,2025-09-25,2025-09-27
M00001962,P00594,E0003297,Furosemide,Diuretic,2025-09-25,2025-09-27
M00001963,P00594,E0003298,Furosemide,Diuretic,2026-01-13,
M00001964,P00594,E0003298,Atorvastatin,Lipid lowering,2026-01-14,
M00001965,P00595,E0003304,Amlodipine,Antihypertensive,2025-05-09,2025-05-10
M00001966,P00595,E0003304,Albuterol,Bronchodilator,2025-05-09,2025-05-10
M00001967,P00597,E0003315,Insulin glargine,Antihyperglycemic,2025-04-21,2025-04-22
M00001968,P00598,E0003321,Albuterol,Bronchodilator,2025-08-29,
M00001969,P00598,E0003321,Metformin,Antihyperglycemic,2025-08-30,
M00001970,P00598,E0003321,Insulin glargine,Antihyperglycemic,2025-08-29,
M00001971,P00598,E0003321,Apixaban,Anticoagulant,2025-08-30,
M00001972,P00598,E0003322,Lisinopril,Antihypertensive,2025-10-18,
M00001973,P00598,E0003322,Furosemide,Diuretic,2025-10-19,
M00001974,P00598,E0003322,Insulin glargine,Antihyperglycemic,2025-10-18,
M00001975,P00598,E0003323,Albuterol,Bronchodilator,2026-01-17,2026-01-23
M00001976,P00598,E0003323,Amlodipine,Antihypertensive,2026-01-17,2026-01-23
M00001977,P00598,E0003323,Furosemide,Diuretic,2026-01-17,2026-01-23
M00001978,P00598,E0003323,Insulin glargine,Antihyperglycemic,2026-01-18,2026-01-23
M00001979,P00598,E0003323,Apixaban,Anticoagulant,2026-01-18,
M00001980,P00599,E0003330,Apixaban,Anticoagulant,2025-09-15,
M00001981,P00599,E0003330,Lisinopril,Antihypertensive,2025-09-14,2025-09-18
M00001982,P00599,E0003330,Furosemide,Diuretic,2025-09-15,2025-09-18
M00001983,P00599,E0003331,Albuterol,Bronchodilator,2025-10-09,2025-10-10
M00001984,P00600,E0003336,Metformin,Antihyperglycemic,2025-03-09,
M00001985,P00601,E0003340,Insulin glargine,Antihyperglycemic,2025-09-09,2025-09-12
M00001986,P00601,E0003340,Apixaban,Anticoagulant,2025-09-09,
M00001987,P00601,E0003340,Furosemide,Diuretic,2025-09-09,2025-09-12
M00001988,P00601,E0003341,Atorvastatin,Lipid lowering,2025-09-24,
M00001989,P00601,E0003341,Albuterol,Bronchodilator,2025-09-24,2025-09-27
M00001990,P00602,E0003343,Insulin glargine,Antihyperglycemic,2025-07-26,2025-07-27
M00001991,P00603,E0003347,Metformin,Antihyperglycemic,2025-09-27,
M00001992,P00603,E0003347,Insulin glargine,Antihyperglycemic,2025-09-26,2025-09-27
M00001993,P00603,E0003347,Apixaban,Anticoagulant,2025-09-27,
M00001994,P00604,E0003352,Metformin,Antihyperglycemic,2025-10-13,
M00001995,P00605,E0003355,Albuterol,Bronchodilator,2025-09-20,
M00001996,P00606,E0003358,Metformin,Antihyperglycemic,2025-08-25,2025-08-28
M00001997,P00607,E0003361,Lisinopril,Antihypertensive,2025-08-13,
M00001998,P00608,E0003366,Amlodipine,Antihypertensive,2025-09-19,
M00001999,P00608,E0003366,Metformin,Antihyperglycemic,2025-09-19,2025-09-23
M00002000,P00608,E0003366,Furosemide,Diuretic,2025-09-20,
M00002001,P00608,E0003366,Lisinopril,Antihypertensive,2025-09-20,
M00002002,P00608,E0003367,Metformin,Antihyperglycemic,2026-01-14,
M00002003,P00608,E0003367,Amlodipine,Antihypertensive,2026-01-13,
M00002004,P00608,E0003367,Apixaban,Anticoagulant,2026-01-14,2026-01-16
M00002005,P00608,E0003367,Atorvastatin,Lipid lowering,2026-01-13,2026-01-16
M00002006,P00609,E0003373,Albuterol,Bronchodilator,2025-09-09,
M00002007,P00609,E0003374,Albuterol,Bronchodilator,2025-09-21,
M00002008,P00609,E0003374,Lisinopril,Antihypertensive,2025-09-21,
M00002009,P00609,E0003374,Insulin glargine,Antihyperglycemic,2025-09-21,2025-09-25
M00002010,P00610,E0003380,Apixaban,Anticoagulant,2025-02-18,
M00002011,P00610,E0003380,Amlodipine,Antihypertensive,2025-02-17,
M00002012,P00610,E0003380,Metformin,Antihyperglycemic,2025-02-18,2025-02-24
M00002013,P00610,E0003380,Insulin glargine,Antihyperglycemic,2025-02-18,
M00002014,P00610,E0003380,Furosemide,Diuretic,2025-02-18,2025-02-24
M00002015,P00610,E0003381,Albuterol,Bronchodilator,2025-06-19,
M00002016,P00610,E0003381,Insulin glargine,Antihyperglycemic,2025-06-18,
M00002017,P00610,E0003381,Furosemide,Diuretic,2025-06-19,2025-06-22
M00002018,P00610,E0003381,Metformin,Antihyperglycemic,2025-06-18,2025-06-22
M00002019,P00611,E0003385,Atorvastatin,Lipid lowering,2025-07-02,2025-07-05
M00002020,P00611,E0003385,Metformin,Antihyperglycemic,2025-07-01,2025-07-05
M00002021,P00611,E0003385,Furosemide,Diuretic,2025-07-02,2025-07-05
M00002022,P00611,E0003385,Insulin glargine,Antihyperglycemic,2025-07-01,2025-07-05
M00002023,P00611,E0003385,Amlodipine,Antihypertensive,2025-07-02,
M00002024,P00612,E0003390,Furosemide,Diuretic,2025-03-02,
M00002025,P00612,E0003390,Atorvastatin,Lipid lowering,2025-03-02,2025-03-06
M00002026,P00612,E0003390,Albuterol,Bronchodilator,2025-03-03,
M00002027,P00612,E0003391,Insulin glargine,Antihyperglycemic,2025-07-05,
M00002028,P00612,E0003391,Atorvastatin,Lipid lowering,2025-07-05,
M00002029,P00612,E0003392,Insulin glargine,Antihyperglycemic,2025-09-30,
M00002030,P00612,E0003392,Amlodipine,Antihypertensive,2025-09-30,2025-10-05
M00002031,P00613,E0003398,Lisinopril,Antihypertensive,2025-02-11,
M00002032,P00613,E0003399,Lisinopril,Antihypertensive,2025-04-11,
M00002033,P00613,E0003399,Apixaban,Anticoagulant,2025-04-11,2025-04-12
M00002034,P00613,E0003399,Metformin,Antihyperglycemic,2025-04-11,2025-04-12
M00002035,P00613,E0003400,Insulin glargine,Antihyperglycemic,2025-05-10,2025-05-10
M00002036,P00613,E0003400,Furosemide,Diuretic,2025-05-10,
M00002037,P00613,E0003400,Amlodipine,Antihypertensive,2025-05-09,2025-05-10
M00002038,P00614,E0003406,Albuterol,Bronchodilator,2025-10-27,
M00002039,P00614,E0003406,Lisinopril,Antihypertensive,2025-10-27,2025-10-31
M00002040,P00615,E0003410,Albuterol,Bronchodilator,2025-04-20,2025-04-22
M00002041,P00615,E0003410,Furosemide,Diuretic,2025-04-20,
M00002042,P00616,E0003416,Metformin,Antihyperglycemic,2025-08-19,
M00002043,P00616,E0003416,Furosemide,Diuretic,2025-08-19,
M00002044,P00617,E0003420,Atorvastatin,Lipid lowering,2025-07-12,2025-07-12
M00002045,P00617,E0003420,Metformin,Antihyperglycemic,2025-07-11,
M00002046,P00617,E0003420,Albuterol,Bronchodilator,2025-07-12,
M00002047,P00618,E0003428,Apixaban,Anticoagulant,2025-10-20,2025-10-24
M00002048,P00618,E0003428,Atorvastatin,Lipid lowering,2025-10-21,2025-10-24
M00002049,P00618,E0003428,Amlodipine,Antihypertensive,2025-10-20,2025-10-24
M00002050,P00618,E0003428,Furosemide,Diuretic,2025-10-21,2025-10-24
M00002051,P00618,E0003428,Metformin,Antihyperglycemic,2025-10-20,
M00002052,P00618,E0003429,Amlodipine,Antihypertensive,2026-02-11,2026-02-14
M00002053,P00618,E0003429,Lisinopril,Antihypertensive,2026-02-11,2026-02-14
M00002054,P00618,E0003429,Atorvastatin,Lipid lowering,2026-02-11,2026-02-14
M00002055,P00618,E0003429,Apixaban,Anticoagulant,2026-02-10,
M00002056,P00618,E0003430,Albuterol,Bronchodilator,2026-03-12,
M00002057,P00618,E0003430,Furosemide,Diuretic,2026-03-13,2026-03-18
M00002058,P00618,E0003430,Metformin,Antihyperglycemic,2026-03-12,
M00002059,P00618,E0003430,Amlodipine,Antihypertensive,2026-03-13,2026-03-18
M00002060,P00618,E0003430,Lisinopril,Antihypertensive,2026-03-13,2026-03-18
M00002061,P00619,E0003435,Apixaban,Anticoagulant,2025-08-24,2025-08-27
M00002062,P00619,E0003435,Insulin glargine,Antihyperglycemic,2025-08-24,
M00002063,P00619,E0003436,Amlodipine,Antihypertensive,2025-12-26,2025-12-27
M00002064,P00622,E0003446,Lisinopril,Antihypertensive,2025-03-24,2025-03-27
M00002065,P00622,E0003446,Albuterol,Bronchodilator,2025-03-24,2025-03-27
M00002066,P00622,E0003446,Metformin,Antihyperglycemic,2025-03-23,2025-03-27
M00002067,P00623,E0003450,Albuterol,Bronchodilator,2025-09-23,
M00002068,P00623,E0003450,Metformin,Antihyperglycemic,2025-09-23,
M00002069,P00624,E0003453,Lisinopril,Antihypertensive,2025-02-25,2025-02-28
M00002070,P00624,E0003453,Amlodipine,Antihypertensive,2025-02-25,
M00002071,P00624,E0003453,Apixaban,Anticoagulant,2025-02-25,
M00002072,P00624,E0003453,Albuterol,Bronchodilator,2025-02-25,
M00002073,P00624,E0003454,Atorvastatin,Lipid lowering,2025-06-03,
M00002074,P00624,E0003455,Atorvastatin,Lipid lowering,2025-06-28,2025-07-01
M00002075,P00624,E0003455,Albuterol,Bronchodilator,2025-06-28,2025-07-01
M00002076,P00624,E0003455,Furosemide,Diuretic,2025-06-29,2025-07-01
M00002077,P00625,E0003460,Furosemide,Diuretic,2025-07-03,2025-07-06
M00002078,P00626,E0003466,Albuterol,Bronchodilator,2025-01-31,
M00002079,P00626,E0003466,Furosemide,Diuretic,2025-01-30,
M00002080,P00626,E0003466,Amlodipine,Antihypertensive,2025-01-30,
M00002081,P00626,E0003466,Lisinopril,Antihypertensive,2025-01-30,
M00002082,P00626,E0003467,Furosemide,Diuretic,2025-06-15,
M00002083,P00626,E0003467,Insulin glargine,Antihyperglycemic,2025-06-16,
M00002084,P00626,E0003467,Metformin,Antihyperglycemic,2025-06-15,
M00002085,P00626,E0003467,Albuterol,Bronchodilator,2025-06-16,
M00002086,P00626,E0003467,Atorvastatin,Lipid lowering,2025-06-16,
M00002087,P00627,E0003471,Furosemide,Diuretic,2025-05-13,
M00002088,P00628,E0003474,Insulin glargine,Antihyperglycemic,2025-09-18,
M00002089,P00628,E0003474,Atorvastatin,Lipid lowering,2025-09-18,2025-09-20
M00002090,P00628,E0003474,Lisinopril,Antihypertensive,2025-09-18,
M00002091,P00628,E0003474,Amlodipine,Antihypertensive,2025-09-19,2025-09-20
M00002092,P00628,E0003474,Furosemide,Diuretic,2025-09-18,2025-09-20
M00002093,P00629,E0003478,Metformin,Antihyperglycemic,2025-07-22,2025-07-25
M00002094,P00629,E0003478,Albuterol,Bronchodilator,2025-07-21,2025-07-25
M00002095,P00629,E0003478,Apixaban,Anticoagulant,2025-07-21,2025-07-25
M00002096,P00629,E0003479,Amlodipine,Antihypertensive,2025-10-25,
M00002097,P00632,E0003496,Amlodipine,Antihypertensive,2025-07-28,2025-08-01
M00002098,P00632,E0003497,Atorvastatin,Lipid lowering,2025-10-24,
M00002099,P00632,E0003497,Apixaban,Anticoagulant,2025-10-23,2025-10-25
M00002100,P00633,E0003499,Lisinopril,Antihypertensive,2025-06-17,2025-06-18
M00002101,P00633,E0003499,Insulin glargine,Antihyperglycemic,2025-06-16,
M00002102,P00633,E0003500,Furosemide,Diuretic,2025-11-15,2025-11-18
M00002103,P00633,E0003500,Lisinopril,Antihypertensive,2025-11-15,2025-11-18
M00002104,P00633,E0003500,Insulin glargine,Antihyperglycemic,2025-11-16,
M00002105,P00634,E0003503,Metformin,Antihyperglycemic,2025-07-09,
M00002106,P00634,E0003504,Atorvastatin,Lipid lowering,2025-08-01,
M00002107,P00634,E0003504,Insulin glargine,Antihyperglycemic,2025-07-31,
M00002108,P00634,E0003504,Furosemide,Diuretic,2025-08-01,
M00002109,P00634,E0003504,Apixaban,Anticoagulant,2025-08-01,
M00002110,P00635,E0003507,Apixaban,Anticoagulant,2025-07-21,
M00002111,P00635,E0003507,Furosemide,Diuretic,2025-07-22,2025-07-23
M00002112,P00635,E0003508,Insulin glargine,Antihyperglycemic,2025-10-19,
M00002113,P00635,E0003508,Amlodipine,Antihypertensive,2025-10-18,
M00002114,P00636,E0003514,Metformin,Antihyperglycemic,2025-03-06,
M00002115,P00636,E0003514,Albuterol,Bronchodilator,2025-03-06,
M00002116,P00636,E0003514,Atorvastatin,Lipid lowering,2025-03-05,
M00002117,P00636,E0003515,Metformin,Antihyperglycemic,2025-03-24,
M00002118,P00636,E0003515,Insulin glargine,Antihyperglycemic,2025-03-24,
M00002119,P00636,E0003515,Amlodipine,Antihypertensive,2025-03-23,2025-03-24
M00002120,P00637,E0003522,Lisinopril,Antihypertensive,2025-06-06,
M00002121,P00637,E0003522,Amlodipine,Antihypertensive,2025-06-06,
M00002122,P00637,E0003522,Albuterol,Bronchodilator,2025-06-06,
M00002123,P00637,E0003522,Insulin glargine,Antihyperglycemic,2025-06-06,
M00002124,P00637,E0003522,Atorvastatin,Lipid lowering,2025-06-05,2025-06-08
M00002125,P00637,E0003522,Metformin,Antihyperglycemic,2025-06-05,2025-06-08
M00002126,P00637,E0003522,Furosemide,Diuretic,2025-06-05,2025-06-08
M00002127,P00637,E0003523,Lisinopril,Antihypertensive,2025-07-30,
M00002128,P00637,E0003523,Apixaban,Anticoagulant,2025-07-30,
M00002129,P00637,E0003523,Atorvastatin,Lipid lowering,2025-07-31,
M00002130,P00637,E0003523,Furosemide,Diuretic,2025-07-30,
M00002131,P00637,E0003524,Metformin,Antihyperglycemic,2025-11-28,
M00002132,P00637,E0003524,Furosemide,Diuretic,2025-11-28,2025-12-04
M00002133,P00637,E0003524,Insulin glargine,Antihyperglycemic,2025-11-28,
M00002134,P00638,E0003528,Amlodipine,Antihypertensive,2025-09-08,2025-09-12
M00002135,P00640,E0003537,Metformin,Antihyperglycemic,2025-08-04,2025-08-05
M00002136,P00640,E0003537,Furosemide,Diuretic,2025-08-03,2025-08-05
M00002137,P00642,E0003547,Apixaban,Anticoagulant,2025-09-05,
M00002138,P00642,E0003548,Insulin glargine,Antihyperglycemic,2026-01-21,
M00002139,P00642,E0003548,Metformin,Antihyperglycemic,2026-01-20,
M00002140,P00643,E0003552,Furosemide,Diuretic,2025-10-01,2025-10-05
M00002141,P00643,E0003552,Amlodipine,Antihypertensive,2025-10-01,2025-10-05
M00002142,P00644,E0003555,Metformin,Antihyperglycemic,2025-02-25,
M00002143,P00644,E0003555,Insulin glargine,Antihyperglycemic,2025-02-25,
M00002144,P00644,E0003555,Albuterol,Bronchodilator,2025-02-25,2025-02-27
M00002145,P00645,E0003561,Amlodipine,Antihypertensive,2025-06-27,
M00002146,P00645,E0003561,Apixaban,Anticoagulant,2025-06-27,2025-06-30
M00002147,P00645,E0003562,Amlodipine,Antihypertensive,2025-10-06,
M00002148,P00646,E0003567,Albuterol,Bronchodilator,2025-02-11,2025-02-12
M00002149,P00646,E0003567,Atorvastatin,Lipid lowering,2025-02-12,
M00002150,P00646,E0003568,Albuterol,Bronchodilator,2025-02-26,2025-03-01
M00002151,P00646,E0003568,Lisinopril,Antihypertensive,2025-02-26,2025-03-01
M00002152,P00646,E0003568,Amlodipine,Antihypertensive,2025-02-25,2025-03-01
M00002153,P00646,E0003568,Furosemide,Diuretic,2025-02-26,
M00002154,P00647,E0003573,Amlodipine,Antihypertensive,2025-10-17,2025-10-20
M00002155,P00648,E0003577,Albuterol,Bronchodilator,2025-11-01,
M00002156,P00648,E0003577,Insulin glargine,Antihyperglycemic,2025-11-01,2025-11-04
M00002157,P00648,E0003577,Furosemide,Diuretic,2025-11-01,2025-11-04
M00002158,P00648,E0003577,Lisinopril,Antihypertensive,2025-11-01,2025-11-04
M00002159,P00648,E0003577,Amlodipine,Antihypertensive,2025-10-31,
M00002160,P00648,E0003577,Atorvastatin,Lipid lowering,2025-10-31,
M00002161,P00649,E0003583,Apixaban,Anticoagulant,2025-04-03,2025-04-07
M00002162,P00649,E0003583,Lisinopril,Antihypertensive,2025-04-03,
M00002163,P00649,E0003583,Albuterol,Bronchodilator,2025-04-04,2025-04-07
M00002164,P00649,E0003583,Metformin,Antihyperglycemic,2025-04-04,
M00002165,P00649,E0003584,Insulin glargine,Antihyperglycemic,2025-08-30,
M00002166,P00649,E0003584,Apixaban,Anticoagulant,2025-08-30,2025-09-02
M00002167,P00649,E0003584,Amlodipine,Antihypertensive,2025-08-29,2025-09-02
M00002168,P00650,E0003594,Insulin glargine,Antihyperglycemic,2025-11-27,
M00002169,P00651,E0003602,Furosemide,Diuretic,2025-10-18,
M00002170,P00651,E0003602,Amlodipine,Antihypertensive,2025-10-19,
M00002171,P00651,E0003603,Metformin,Antihyperglycemic,2026-03-02,
M00002172,P00651,E0003603,Apixaban,Anticoagulant,2026-03-02,2026-03-03
M00002173,P00651,E0003603,Atorvastatin,Lipid lowering,2026-03-03,2026-03-03
M00002174,P00651,E0003604,Metformin,Antihyperglycemic,2026-04-19,2026-04-22
M00002175,P00652,E0003609,Lisinopril,Antihypertensive,2025-11-04,2025-11-05
M00002176,P00652,E0003610,Lisinopril,Antihypertensive,2026-02-11,
M00002177,P00652,E0003611,Metformin,Antihyperglycemic,2026-04-19,
M00002178,P00652,E0003611,Albuterol,Bronchodilator,2026-04-19,
M00002179,P00653,E0003615,Amlodipine,Antihypertensive,2025-03-10,
M00002180,P00653,E0003615,Apixaban,Anticoagulant,2025-03-10,2025-03-12
M00002181,P00653,E0003615,Furosemide,Diuretic,2025-03-10,2025-03-12
M00002182,P00653,E0003615,Atorvastatin,Lipid lowering,2025-03-10,
M00002183,P00654,E0003618,Metformin,Antihyperglycemic,2025-10-18,2025-10-22
M00002184,P00654,E0003618,Amlodipine,Antihypertensive,2025-10-18,2025-10-22
M00002185,P00654,E0003618,Furosemide,Diuretic,2025-10-18,
M00002186,P00655,E0003626,Albuterol,Bronchodilator,2025-04-15,2025-04-16
M00002187,P00655,E0003626,Atorvastatin,Lipid lowering,2025-04-15,2025-04-16
M00002188,P00655,E0003626,Metformin,Antihyperglycemic,2025-04-15,
M00002189,P00655,E0003627,Apixaban,Anticoagulant,2025-07-16,
M00002190,P00655,E0003627,Lisinopril,Antihypertensive,2025-07-16,2025-07-19
M00002191,P00655,E0003627,Metformin,Antihyperglycemic,2025-07-16,2025-07-19
M00002192,P00655,E0003627,Amlodipine,Antihypertensive,2025-07-16,2025-07-19
M00002193,P00655,E0003628,Furosemide,Diuretic,2025-11-24,
M00002194,P00655,E0003628,Insulin glargine,Antihyperglycemic,2025-11-23,
M00002195,P00655,E0003628,Lisinopril,Antihypertensive,2025-11-23,2025-11-25
M00002196,P00656,E0003633,Atorvastatin,Lipid lowering,2025-05-03,
M00002197,P00658,E0003641,Atorvastatin,Lipid lowering,2025-12-01,2025-12-02
M00002198,P00658,E0003641,Insulin glargine,Antihyperglycemic,2025-11-30,2025-12-02
M00002199,P00659,E0003647,Lisinopril,Antihypertensive,2025-06-12,2025-06-16
M00002200,P00659,E0003647,Furosemide,Diuretic,2025-06-13,2025-06-16
M00002201,P00659,E0003647,Apixaban,Anticoagulant,2025-06-13,2025-06-16
M00002202,P00659,E0003647,Albuterol,Bronchodilator,2025-06-12,
M00002203,P00659,E0003648,Insulin glargine,Antihyperglycemic,2025-08-27,
M00002204,P00659,E0003648,Albuterol,Bronchodilator,2025-08-28,
M00002205,P00659,E0003648,Lisinopril,Antihypertensive,2025-08-28,2025-09-03
M00002206,P00660,E0003656,Insulin glargine,Antihyperglycemic,2025-04-24,2025-04-25
M00002207,P00661,E0003660,Furosemide,Diuretic,2025-02-14,
M00002208,P00661,E0003660,Metformin,Antihyperglycemic,2025-02-15,
M00002209,P00661,E0003660,Atorvastatin,Lipid lowering,2025-02-14,
M00002210,P00662,E0003666,Amlodipine,Antihypertensive,2025-09-20,2025-09-25
M00002211,P00662,E0003666,Metformin,Antihyperglycemic,2025-09-20,2025-09-25
M00002212,P00662,E0003666,Insulin glargine,Antihyperglycemic,2025-09-20,2025-09-25
M00002213,P00662,E0003666,Lisinopril,Antihypertensive,2025-09-20,2025-09-25
M00002214,P00662,E0003667,Metformin,Antihyperglycemic,2026-01-19,2026-01-20
M00002215,P00662,E0003667,Atorvastatin,Lipid lowering,2026-01-20,2026-01-20
M00002216,P00662,E0003667,Lisinopril,Antihypertensive,2026-01-20,
M00002217,P00663,E0003677,Albuterol,Bronchodilator,2025-09-06,2025-09-12
M00002218,P00663,E0003677,Furosemide,Diuretic,2025-09-07,2025-09-12
M00002219,P00663,E0003677,Apixaban,Anticoagulant,2025-09-07,2025-09-12
M00002220,P00663,E0003677,Atorvastatin,Lipid lowering,2025-09-07,
M00002221,P00663,E0003677,Lisinopril,Antihypertensive,2025-09-06,2025-09-12
M00002222,P00664,E0003680,Metformin,Antihyperglycemic,2025-07-08,
M00002223,P00664,E0003681,Atorvastatin,Lipid lowering,2025-09-29,2025-10-02
M00002224,P00665,E0003688,Furosemide,Diuretic,2025-02-11,
M00002225,P00665,E0003689,Furosemide,Diuretic,2025-04-19,
M00002226,P00665,E0003689,Insulin glargine,Antihyperglycemic,2025-04-20,
M00002227,P00665,E0003689,Amlodipine,Antihypertensive,2025-04-20,2025-04-20
M00002228,P00665,E0003689,Lisinopril,Antihypertensive,2025-04-20,
M00002229,P00666,E0003693,Albuterol,Bronchodilator,2025-02-21,2025-02-23
M00002230,P00666,E0003693,Amlodipine,Antihypertensive,2025-02-22,
M00002231,P00666,E0003694,Lisinopril,Antihypertensive,2025-05-09,
M00002232,P00666,E0003694,Albuterol,Bronchodilator,2025-05-08,2025-05-15
M00002233,P00666,E0003694,Amlodipine,Antihypertensive,2025-05-08,
M00002234,P00666,E0003694,Insulin glargine,Antihyperglycemic,2025-05-08,
M00002235,P00667,E0003698,Furosemide,Diuretic,2025-01-18,
M00002236,P00667,E0003699,Furosemide,Diuretic,2025-04-06,2025-04-09
M00002237,P00667,E0003699,Lisinopril,Antihypertensive,2025-04-06,2025-04-09
M00002238,P00667,E0003699,Albuterol,Bronchodilator,2025-04-06,2025-04-09
M00002239,P00667,E0003700,Albuterol,Bronchodilator,2025-07-03,2025-07-04
M00002240,P00667,E0003700,Insulin glargine,Antihyperglycemic,2025-07-04,
M00002241,P00667,E0003700,Apixaban,Anticoagulant,2025-07-03,
M00002242,P00668,E0003706,Furosemide,Diuretic,2025-05-13,2025-05-15
M00002243,P00668,E0003706,Metformin,Antihyperglycemic,2025-05-12,
M00002244,P00668,E0003706,Insulin glargine,Antihyperglycemic,2025-05-12,
M00002245,P00668,E0003707,Insulin glargine,Antihyperglycemic,2025-08-23,2025-08-25
M00002246,P00668,E0003707,Apixaban,Anticoagulant,2025-08-24,2025-08-25
M00002247,P00668,E0003707,Albuterol,Bronchodilator,2025-08-24,
M00002248,P00668,E0003707,Lisinopril,Antihypertensive,2025-08-23,
M00002249,P00668,E0003708,Albuterol,Bronchodilator,2025-09-13,
M00002250,P00669,E0003711,Lisinopril,Antihypertensive,2025-09-27,
M00002251,P00669,E0003711,Apixaban,Anticoagulant,2025-09-28,2025-10-01
M00002252,P00669,E0003711,Albuterol,Bronchodilator,2025-09-28,
M00002253,P00670,E0003716,Metformin,Antihyperglycemic,2025-11-08,
M00002254,P00670,E0003716,Apixaban,Anticoagulant,2025-11-07,
M00002255,P00670,E0003716,Furosemide,Diuretic,2025-11-08,2025-11-09
M00002256,P00671,E0003720,Metformin,Antihyperglycemic,2025-10-23,
M00002257,P00671,E0003720,Insulin glargine,Antihyperglycemic,2025-10-23,
M00002258,P00672,E0003724,Lisinopril,Antihypertensive,2025-06-11,2025-06-12
M00002259,P00672,E0003724,Albuterol,Bronchodilator,2025-06-10,
M00002260,P00672,E0003724,Insulin glargine,Antihyperglycemic,2025-06-11,
M00002261,P00672,E0003724,Metformin,Antihyperglycemic,2025-06-11,2025-06-12
M00002262,P00672,E0003725,Apixaban,Anticoagulant,2025-06-30,
M00002263,P00672,E0003725,Albuterol,Bronchodilator,2025-06-30,
M00002264,P00672,E0003725,Furosemide,Diuretic,2025-07-01,
M00002265,P00672,E0003725,Insulin glargine,Antihyperglycemic,2025-07-01,
M00002266,P00673,E0003732,Albuterol,Bronchodilator,2025-10-18,2025-10-21
M00002267,P00673,E0003733,Lisinopril,Antihypertensive,2025-12-29,
M00002268,P00674,E0003739,Apixaban,Anticoagulant,2025-02-19,2025-02-23
M00002269,P00674,E0003740,Lisinopril,Antihypertensive,2025-07-18,2025-07-20
M00002270,P00674,E0003740,Amlodipine,Antihypertensive,2025-07-17,
M00002271,P00674,E0003741,Lisinopril,Antihypertensive,2025-07-25,
M00002272,P00675,E0003746,Apixaban,Anticoagulant,2025-09-29,
M00002273,P00676,E0003753,Atorvastatin,Lipid lowering,2025-08-06,
M00002274,P00676,E0003753,Metformin,Antihyperglycemic,2025-08-06,
M00002275,P00676,E0003753,Apixaban,Anticoagulant,2025-08-05,2025-08-10
M00002276,P00676,E0003753,Albuterol,Bronchodilator,2025-08-05,2025-08-10
M00002277,P00676,E0003754,Amlodipine,Antihypertensive,2025-11-14,2025-11-18
M00002278,P00676,E0003754,Albuterol,Bronchodilator,2025-11-15,
M00002279,P00676,E0003754,Lisinopril,Antihypertensive,2025-11-14,2025-11-18
M00002280,P00676,E0003754,Furosemide,Diuretic,2025-11-14,2025-11-18
M00002281,P00677,E0003760,Metformin,Antihyperglycemic,2025-08-14,
M00002282,P00677,E0003760,Apixaban,Anticoagulant,2025-08-15,
M00002283,P00677,E0003761,Albuterol,Bronchodilator,2025-11-01,
M00002284,P00677,E0003761,Amlodipine,Antihypertensive,2025-11-01,
M00002285,P00677,E0003761,Metformin,Antihyperglycemic,2025-11-02,2025-11-02
M00002286,P00677,E0003761,Lisinopril,Antihypertensive,2025-11-01,
M00002287,P00678,E0003767,Amlodipine,Antihypertensive,2025-10-07,
M00002288,P00678,E0003768,Insulin glargine,Antihyperglycemic,2026-02-27,2026-02-28
M00002289,P00678,E0003768,Apixaban,Anticoagulant,2026-02-28,2026-02-28
M00002290,P00679,E0003776,Lisinopril,Antihypertensive,2025-05-11,2025-05-13
M00002291,P00679,E0003776,Apixaban,Anticoagulant,2025-05-12,
M00002292,P00679,E0003776,Metformin,Antihyperglycemic,2025-05-11,2025-05-13
M00002293,P00679,E0003776,Atorvastatin,Lipid lowering,2025-05-11,2025-05-13
M00002294,P00679,E0003776,Albuterol,Bronchodilator,2025-05-12,
M00002295,P00679,E0003776,Amlodipine,Antihypertensive,2025-05-11,
M00002296,P00679,E0003777,Furosemide,Diuretic,2025-05-26,
M00002297,P00679,E0003777,Apixaban,Anticoagulant,2025-05-27,
M00002298,P00679,E0003777,Metformin,Antihyperglycemic,2025-05-26,2025-05-29
M00002299,P00679,E0003777,Lisinopril,Antihypertensive,2025-05-26,
M00002300,P00680,E0003780,Insulin glargine,Antihyperglycemic,2025-03-31,2025-03-31
M00002301,P00680,E0003780,Metformin,Antihyperglycemic,2025-03-30,
M00002302,P00681,E0003787,Albuterol,Bronchodilator,2025-03-27,2025-03-31
M00002303,P00681,E0003787,Lisinopril,Antihypertensive,2025-03-27,2025-03-31
M00002304,P00681,E0003788,Insulin glargine,Antihyperglycemic,2025-07-28,
M00002305,P00681,E0003788,Albuterol,Bronchodilator,2025-07-28,
M00002306,P00681,E0003788,Metformin,Antihyperglycemic,2025-07-28,
M00002307,P00684,E0003804,Metformin,Antihyperglycemic,2025-02-03,
M00002308,P00684,E0003804,Furosemide,Diuretic,2025-02-02,2025-02-05
M00002309,P00684,E0003804,Amlodipine,Antihypertensive,2025-02-03,
M00002310,P00685,E0003810,Albuterol,Bronchodilator,2025-05-24,
M00002311,P00685,E0003810,Furosemide,Diuretic,2025-05-25,
M00002312,P00685,E0003810,Apixaban,Anticoagulant,2025-05-25,
M00002313,P00687,E0003820,Furosemide,Diuretic,2025-06-01,
M00002314,P00687,E0003820,Lisinopril,Antihypertensive,2025-06-01,2025-06-04
M00002315,P00687,E0003820,Metformin,Antihyperglycemic,2025-06-02,
M00002316,P00687,E0003821,Atorvastatin,Lipid lowering,2025-06-10,
M00002317,P00687,E0003821,Albuterol,Bronchodilator,2025-06-10,2025-06-11
M00002318,P00688,E0003826,Furosemide,Diuretic,2025-04-10,2025-04-12
M00002319,P00688,E0003827,Albuterol,Bronchodilator,2025-05-07,2025-05-08
M00002320,P00689,E0003829,Insulin glargine,Antihyperglycemic,2025-07-25,2025-07-30
M00002321,P00689,E0003829,Atorvastatin,Lipid lowering,2025-07-25,
M00002322,P00689,E0003829,Furosemide,Diuretic,2025-07-25,
M00002323,P00689,E0003829,Lisinopril,Antihypertensive,2025-07-25,
M00002324,P00689,E0003830,Lisinopril,Antihypertensive,2025-09-20,2025-09-26
M00002325,P00689,E0003830,Albuterol,Bronchodilator,2025-09-20,
M00002326,P00689,E0003830,Amlodipine,Antihypertensive,2025-09-20,
M00002327,P00689,E0003830,Furosemide,Diuretic,2025-09-20,
M00002328,P00689,E0003831,Amlodipine,Antihypertensive,2025-10-21,2025-10-27
M00002329,P00689,E0003831,Albuterol,Bronchodilator,2025-10-22,2025-10-27
M00002330,P00689,E0003831,Lisinopril,Antihypertensive,2025-10-22,
M00002331,P00689,E0003831,Furosemide,Diuretic,2025-10-22,
M00002332,P00689,E0003831,Atorvastatin,Lipid lowering,2025-10-21,2025-10-27
M00002333,P00689,E0003831,Insulin glargine,Antihyperglycemic,2025-10-21,2025-10-27
M00002334,P00689,E0003831,Metformin,Antihyperglycemic,2025-10-22,2025-10-27
M00002335,P00690,E0003839,Lisinopril,Antihypertensive,2025-08-06,2025-08-07
M00002336,P00691,E0003846,Albuterol,Bronchodilator,2025-09-03,
M00002337,P00692,E0003852,Insulin glargine,Antihyperglycemic,2025-10-15,
M00002338,P00693,E0003860,Apixaban,Anticoagulant,2025-01-20,
M00002339,P00693,E0003860,Atorvastatin,Lipid lowering,2025-01-19,2025-01-21
M00002340,P00693,E0003860,Amlodipine,Antihypertensive,2025-01-20,2025-01-21
M00002341,P00693,E0003860,Furosemide,Diuretic,2025-01-19,
M00002342,P00693,E0003860,Metformin,Antihyperglycemic,2025-01-20,
M00002343,P00694,E0003863,Furosemide,Diuretic,2025-09-12,2025-09-15
M00002344,P00694,E0003863,Metformin,Antihyperglycemic,2025-09-12,2025-09-15
M00002345,P00694,E0003864,Apixaban,Anticoagulant,2026-01-05,
M00002346,P00694,E0003864,Amlodipine,Antihypertensive,2026-01-04,2026-01-05
M00002347,P00694,E0003865,Furosemide,Diuretic,2026-01-21,
M00002348,P00694,E0003865,Metformin,Antihyperglycemic,2026-01-21,
M00002349,P00694,E0003865,Amlodipine,Antihypertensive,2026-01-21,
M00002350,P00694,E0003865,Albuterol,Bronchodilator,2026-01-21,2026-01-25
M00002351,P00694,E0003865,Apixaban,Anticoagulant,2026-01-21,
M00002352,P00695,E0003869,Furosemide,Diuretic,2025-03-09,
M00002353,P00695,E0003870,Albuterol,Bronchodilator,2025-03-25,2025-03-30
M00002354,P00695,E0003870,Furosemide,Diuretic,2025-03-25,
M00002355,P00695,E0003870,Insulin glargine,Antihyperglycemic,2025-03-26,2025-03-30
M00002356,P00695,E0003870,Apixaban,Anticoagulant,2025-03-25,
M00002357,P00695,E0003870,Amlodipine,Antihypertensive,2025-03-26,2025-03-30
M00002358,P00696,E0003876,Insulin glargine,Antihyperglycemic,2025-08-05,
M00002359,P00696,E0003876,Furosemide,Diuretic,2025-08-05,
M00002360,P00696,E0003876,Lisinopril,Antihypertensive,2025-08-05,
M00002361,P00697,E0003883,Albuterol,Bronchodilator,2025-04-07,
M00002362,P00698,E0003887,Amlodipine,Antihypertensive,2025-09-09,
M00002363,P00698,E0003887,Albuterol,Bronchodilator,2025-09-09,2025-09-14
M00002364,P00698,E0003888,Metformin,Antihyperglycemic,2025-11-20,
M00002365,P00698,E0003888,Insulin glargine,Antihyperglycemic,2025-11-21,
M00002366,P00698,E0003888,Furosemide,Diuretic,2025-11-20,
M00002367,P00698,E0003888,Apixaban,Anticoagulant,2025-11-20,
M00002368,P00699,E0003891,Atorvastatin,Lipid lowering,2025-04-06,
M00002369,P00699,E0003891,Metformin,Antihyperglycemic,2025-04-06,
M00002370,P00699,E0003891,Albuterol,Bronchodilator,2025-04-05,
M00002371,P00699,E0003891,Amlodipine,Antihypertensive,2025-04-05,
M00002372,P00699,E0003891,Lisinopril,Antihypertensive,2025-04-05,
M00002373,P00700,E0003900,Insulin glargine,Antihyperglycemic,2025-03-24,
M00002374,P00700,E0003900,Atorvastatin,Lipid lowering,2025-03-25,2025-03-31
M00002375,P00700,E0003900,Furosemide,Diuretic,2025-03-25,
M00002376,P00701,E0003906,Apixaban,Anticoagulant,2025-10-03,2025-10-05
M00002377,P00701,E0003906,Amlodipine,Antihypertensive,2025-10-02,
M00002378,P00701,E0003906,Lisinopril,Antihypertensive,2025-10-03,2025-10-05
M00002379,P00701,E0003906,Albuterol,Bronchodilator,2025-10-03,2025-10-05
M00002380,P00701,E0003907,Amlodipine,Antihypertensive,2025-12-14,2025-12-15
M00002381,P00702,E0003912,Albuterol,Bronchodilator,2025-11-29,2025-12-02
M00002382,P00702,E0003913,Atorvastatin,Lipid lowering,2026-03-31,
M00002383,P00704,E0003926,Furosemide,Diuretic,2025-09-25,
M00002384,P00704,E0003926,Amlodipine,Antihypertensive,2025-09-25,
M00002385,P00704,E0003926,Apixaban,Anticoagulant,2025-09-24,
M00002386,P00704,E0003927,Metformin,Antihyperglycemic,2026-02-11,
M00002387,P00705,E0003931,Apixaban,Anticoagulant,2025-09-03,2025-09-06
M00002388,P00705,E0003931,Furosemide,Diuretic,2025-09-03,2025-09-06
M00002389,P00706,E0003941,Metformin,Antihyperglycemic,2025-02-06,
M00002390,P00706,E0003941,Atorvastatin,Lipid lowering,2025-02-06,2025-02-10
M00002391,P00706,E0003942,Albuterol,Bronchodilator,2025-05-12,2025-05-13
M00002392,P00706,E0003942,Amlodipine,Antihypertensive,2025-05-12,
M00002393,P00706,E0003942,Insulin glargine,Antihyperglycemic,2025-05-12,2025-05-13
M00002394,P00706,E0003942,Apixaban,Anticoagulant,2025-05-13,
M00002395,P00708,E0003952,Furosemide,Diuretic,2025-10-24,2025-10-27
M00002396,P00709,E0003958,Atorvastatin,Lipid lowering,2025-10-07,
M00002397,P00709,E0003958,Furosemide,Diuretic,2025-10-07,2025-10-09
M00002398,P00709,E0003958,Insulin glargine,Antihyperglycemic,2025-10-06,
M00002399,P00710,E0003961,Furosemide,Diuretic,2025-07-08,
M00002400,P00710,E0003962,Albuterol,Bronchodilator,2025-07-20,
M00002401,P00711,E0003965,Furosemide,Diuretic,2025-08-26,
M00002402,P00711,E0003965,Apixaban,Anticoagulant,2025-08-25,2025-08-27
M00002403,P00711,E0003965,Insulin glargine,Antihyperglycemic,2025-08-26,2025-08-27
M00002404,P00711,E0003965,Lisinopril,Antihypertensive,2025-08-25,2025-08-27
M00002405,P00711,E0003966,Atorvastatin,Lipid lowering,2026-01-19,2026-01-25
M00002406,P00711,E0003966,Lisinopril,Antihypertensive,2026-01-20,2026-01-25
M00002407,P00711,E0003966,Metformin,Antihyperglycemic,2026-01-19,2026-01-25
M00002408,P00711,E0003966,Albuterol,Bronchodilator,2026-01-20,
M00002409,P00711,E0003966,Insulin glargine,Antihyperglycemic,2026-01-19,
M00002410,P00711,E0003967,Lisinopril,Antihypertensive,2026-03-14,
M00002411,P00711,E0003967,Metformin,Antihyperglycemic,2026-03-14,2026-03-16
M00002412,P00711,E0003967,Albuterol,Bronchodilator,2026-03-13,
M00002413,P00712,E0003971,Amlodipine,Antihypertensive,2025-12-02,2025-12-03
M00002414,P00712,E0003971,Furosemide,Diuretic,2025-12-02,
M00002415,P00712,E0003971,Albuterol,Bronchodilator,2025-12-02,
M00002416,P00712,E0003972,Albuterol,Bronchodilator,2025-12-19,
M00002417,P00712,E0003972,Furosemide,Diuretic,2025-12-18,2025-12-21
M00002418,P00712,E0003973,Atorvastatin,Lipid lowering,2026-01-04,
M00002419,P00713,E0003978,Amlodipine,Antihypertensive,2025-05-12,
M00002420,P00713,E0003978,Lisinopril,Antihypertensive,2025-05-12,2025-05-14
M00002421,P00714,E0003981,Lisinopril,Antihypertensive,2025-08-05,2025-08-10
M00002422,P00714,E0003981,Albuterol,Bronchodilator,2025-08-06,
M00002423,P00714,E0003981,Apixaban,Anticoagulant,2025-08-05,
M00002424,P00714,E0003982,Metformin,Antihyperglycemic,2025-10-27,2025-10-29
M00002425,P00714,E0003982,Lisinopril,Antihypertensive,2025-10-28,2025-10-29
M00002426,P00714,E0003983,Amlodipine,Antihypertensive,2025-12-19,
M00002427,P00715,E0003986,Albuterol,Bronchodilator,2025-02-01,
M00002428,P00715,E0003986,Metformin,Antihyperglycemic,2025-01-31,
M00002429,P00715,E0003987,Atorvastatin,Lipid lowering,2025-04-30,2025-05-01
M00002430,P00716,E0003996,Insulin glargine,Antihyperglycemic,2025-05-25,
M00002431,P00716,E0003996,Atorvastatin,Lipid lowering,2025-05-26,2025-05-28
M00002432,P00716,E0003996,Amlodipine,Antihypertensive,2025-05-25,
M00002433,P00716,E0003997,Lisinopril,Antihypertensive,2025-09-05,
M00002434,P00716,E0003997,Furosemide,Diuretic,2025-09-06,2025-09-09
M00002435,P00716,E0003997,Atorvastatin,Lipid lowering,2025-09-06,
M00002436,P00716,E0003997,Amlodipine,Antihypertensive,2025-09-05,
M00002437,P00716,E0003997,Metformin,Antihyperglycemic,2025-09-06,2025-09-09
M00002438,P00716,E0003997,Apixaban,Anticoagulant,2025-09-06,2025-09-09
M00002439,P00717,E0004003,Metformin,Antihyperglycemic,2025-04-12,2025-04-15
M00002440,P00718,E0004006,Furosemide,Diuretic,2025-01-20,
M00002441,P00718,E0004006,Apixaban,Anticoagulant,2025-01-19,
M00002442,P00719,E0004010,Furosemide,Diuretic,2025-03-11,2025-03-14
M00002443,P00719,E0004010,Apixaban,Anticoagulant,2025-03-12,
M00002444,P00719,E0004010,Insulin glargine,Antihyperglycemic,2025-03-12,2025-03-14
M00002445,P00719,E0004011,Furosemide,Diuretic,2025-05-18,
M00002446,P00719,E0004011,Metformin,Antihyperglycemic,2025-05-19,
M00002447,P00719,E0004011,Lisinopril,Antihypertensive,2025-05-19,
M00002448,P00719,E0004011,Atorvastatin,Lipid lowering,2025-05-18,2025-05-21
M00002449,P00719,E0004011,Albuterol,Bronchodilator,2025-05-18,
M00002450,P00719,E0004011,Amlodipine,Antihypertensive,2025-05-19,2025-05-21
M00002451,P00719,E0004011,Insulin glargine,Antihyperglycemic,2025-05-18,
M00002452,P00719,E0004012,Furosemide,Diuretic,2025-09-24,2025-09-27
M00002453,P00719,E0004012,Albuterol,Bronchodilator,2025-09-23,2025-09-27
M00002454,P00719,E0004012,Amlodipine,Antihypertensive,2025-09-24,
M00002455,P00719,E0004012,Lisinopril,Antihypertensive,2025-09-23,2025-09-27
M00002456,P00719,E0004012,Metformin,Antihyperglycemic,2025-09-24,2025-09-27
M00002457,P00719,E0004012,Insulin glargine,Antihyperglycemic,2025-09-24,2025-09-27
M00002458,P00720,E0004018,Apixaban,Anticoagulant,2025-09-01,
M00002459,P00720,E0004018,Furosemide,Diuretic,2025-09-01,
M00002460,P00720,E0004018,Lisinopril,Antihypertensive,2025-09-01,
M00002461,P00720,E0004018,Albuterol,Bronchodilator,2025-09-01,
M00002462,P00720,E0004019,Apixaban,Anticoagulant,2025-09-28,2025-10-01
M00002463,P00720,E0004019,Amlodipine,Antihypertensive,2025-09-29,
M00002464,P00720,E0004019,Albuterol,Bronchodilator,2025-09-29,
M00002465,P00720,E0004019,Atorvastatin,Lipid lowering,2025-09-29,2025-10-01
M00002466,P00722,E0004028,Apixaban,Anticoagulant,2025-04-30,
M00002467,P00722,E0004028,Metformin,Antihyperglycemic,2025-04-29,
M00002468,P00722,E0004028,Insulin glargine,Antihyperglycemic,2025-04-30,2025-04-30
M00002469,P00722,E0004028,Amlodipine,Antihypertensive,2025-04-30,2025-04-30
M00002470,P00722,E0004028,Furosemide,Diuretic,2025-04-29,
M00002471,P00722,E0004029,Furosemide,Diuretic,2025-06-29,2025-07-02
M00002472,P00722,E0004029,Amlodipine,Antihypertensive,2025-06-29,
M00002473,P00724,E0004037,Amlodipine,Antihypertensive,2025-02-18,2025-02-20
M00002474,P00725,E0004041,Albuterol,Bronchodilator,2025-06-22,2025-06-24
M00002475,P00725,E0004042,Insulin glargine,Antihyperglycemic,2025-11-02,2025-11-04
M00002476,P00725,E0004042,Atorvastatin,Lipid lowering,2025-11-02,
M00002477,P00726,E0004048,Albuterol,Bronchodilator,2025-06-09,2025-06-10
M00002478,P00726,E0004048,Furosemide,Diuretic,2025-06-10,
M00002479,P00726,E0004049,Furosemide,Diuretic,2025-10-05,2025-10-09
M00002480,P00726,E0004050,Metformin,Antihyperglycemic,2025-11-01,2025-11-04
M00002481,P00727,E0004054,Albuterol,Bronchodilator,2025-06-27,2025-07-01
M00002482,P00727,E0004054,Lisinopril,Antihypertensive,2025-06-26,2025-07-01
M00002483,P00727,E0004054,Apixaban,Anticoagulant,2025-06-26,
M00002484,P00727,E0004055,Atorvastatin,Lipid lowering,2025-07-24,2025-07-28
M00002485,P00727,E0004055,Albuterol,Bronchodilator,2025-07-23,
M00002486,P00727,E0004055,Furosemide,Diuretic,2025-07-23,2025-07-28
M00002487,P00728,E0004060,Amlodipine,Antihypertensive,2025-05-14,
M00002488,P00728,E0004060,Metformin,Antihyperglycemic,2025-05-14,
M00002489,P00728,E0004060,Furosemide,Diuretic,2025-05-13,
M00002490,P00728,E0004060,Lisinopril,Antihypertensive,2025-05-14,
M00002491,P00728,E0004060,Apixaban,Anticoagulant,2025-05-13,
M00002492,P00729,E0004070,Insulin glargine,Antihyperglycemic,2025-09-29,2025-10-02
M00002493,P00729,E0004070,Lisinopril,Antihypertensive,2025-09-28,2025-10-02
M00002494,P00729,E0004070,Albuterol,Bronchodilator,2025-09-29,
M00002495,P00731,E0004081,Insulin glargine,Antihyperglycemic,2025-02-05,
M00002496,P00731,E0004081,Lisinopril,Antihypertensive,2025-02-06,2025-02-08
M00002497,P00732,E0004088,Lisinopril,Antihypertensive,2025-03-09,2025-03-11
M00002498,P00732,E0004088,Furosemide,Diuretic,2025-03-09,2025-03-11
M00002499,P00733,E0004092,Apixaban,Anticoagulant,2025-04-04,2025-04-08
M00002500,P00733,E0004092,Furosemide,Diuretic,2025-04-05,
M00002501,P00733,E0004092,Amlodipine,Antihypertensive,2025-04-04,2025-04-08
M00002502,P00733,E0004092,Insulin glargine,Antihyperglycemic,2025-04-04,
M00002503,P00734,E0004097,Metformin,Antihyperglycemic,2025-08-05,2025-08-08
M00002504,P00734,E0004097,Insulin glargine,Antihyperglycemic,2025-08-05,2025-08-08
M00002505,P00734,E0004098,Apixaban,Anticoagulant,2026-01-03,2026-01-07
M00002506,P00735,E0004102,Amlodipine,Antihypertensive,2025-05-20,2025-05-24
M00002507,P00735,E0004102,Metformin,Antihyperglycemic,2025-05-21,
M00002508,P00735,E0004102,Furosemide,Diuretic,2025-05-20,2025-05-24
M00002509,P00735,E0004102,Insulin glargine,Antihyperglycemic,2025-05-20,
M00002510,P00735,E0004102,Lisinopril,Antihypertensive,2025-05-21,
M00002511,P00735,E0004102,Atorvastatin,Lipid lowering,2025-05-20,
M00002512,P00735,E0004103,Amlodipine,Antihypertensive,2025-06-12,
M00002513,P00736,E0004106,Metformin,Antihyperglycemic,2025-02-02,
M00002514,P00736,E0004106,Insulin glargine,Antihyperglycemic,2025-02-02,2025-02-05
M00002515,P00736,E0004106,Albuterol,Bronchodilator,2025-02-02,2025-02-05
M00002516,P00736,E0004106,Furosemide,Diuretic,2025-02-02,2025-02-05
M00002517,P00736,E0004106,Atorvastatin,Lipid lowering,2025-02-03,
M00002518,P00736,E0004106,Apixaban,Anticoagulant,2025-02-03,
M00002519,P00736,E0004107,Albuterol,Bronchodilator,2025-04-29,2025-05-02
M00002520,P00736,E0004107,Insulin glargine,Antihyperglycemic,2025-04-30,
M00002521,P00737,E0004110,Metformin,Antihyperglycemic,2025-10-18,
M00002522,P00737,E0004110,Apixaban,Anticoagulant,2025-10-18,
M00002523,P00737,E0004111,Lisinopril,Antihypertensive,2026-03-03,
M00002524,P00737,E0004112,Amlodipine,Antihypertensive,2026-03-24,2026-03-27
M00002525,P00737,E0004112,Metformin,Antihyperglycemic,2026-03-24,
M00002526,P00737,E0004112,Insulin glargine,Antihyperglycemic,2026-03-24,
M00002527,P00738,E0004114,Furosemide,Diuretic,2025-10-02,2025-10-07
M00002528,P00738,E0004114,Albuterol,Bronchodilator,2025-10-02,
M00002529,P00738,E0004114,Insulin glargine,Antihyperglycemic,2025-10-03,
M00002530,P00738,E0004114,Amlodipine,Antihypertensive,2025-10-02,2025-10-07
M00002531,P00739,E0004116,Lisinopril,Antihypertensive,2025-04-17,
M00002532,P00739,E0004116,Amlodipine,Antihypertensive,2025-04-16,2025-04-17
M00002533,P00739,E0004116,Atorvastatin,Lipid lowering,2025-04-16,
M00002534,P00739,E0004116,Apixaban,Anticoagulant,2025-04-17,2025-04-17
M00002535,P00739,E0004116,Metformin,Antihyperglycemic,2025-04-16,
M00002536,P00739,E0004117,Metformin,Antihyperglycemic,2025-08-05,
M00002537,P00739,E0004117,Furosemide,Diuretic,2025-08-04,
M00002538,P00739,E0004117,Lisinopril,Antihypertensive,2025-08-05,
M00002539,P00739,E0004117,Atorvastatin,Lipid lowering,2025-08-04,
M00002540,P00739,E0004118,Lisinopril,Antihypertensive,2025-10-01,2025-10-05
M00002541,P00739,E0004118,Albuterol,Bronchodilator,2025-10-02,
M00002542,P00739,E0004118,Apixaban,Anticoagulant,2025-10-02,
M00002543,P00740,E0004123,Apixaban,Anticoagulant,2025-11-16,
M00002544,P00740,E0004123,Furosemide,Diuretic,2025-11-16,2025-11-18
M00002545,P00740,E0004123,Atorvastatin,Lipid lowering,2025-11-16,2025-11-18
M00002546,P00742,E0004130,Albuterol,Bronchodilator,2025-08-17,2025-08-20
M00002547,P00742,E0004130,Metformin,Antihyperglycemic,2025-08-17,
M00002548,P00742,E0004130,Amlodipine,Antihypertensive,2025-08-18,
M00002549,P00742,E0004130,Insulin glargine,Antihyperglycemic,2025-08-17,
M00002550,P00742,E0004131,Metformin,Antihyperglycemic,2026-01-10,2026-01-14
M00002551,P00742,E0004131,Atorvastatin,Lipid lowering,2026-01-10,
M00002552,P00742,E0004131,Apixaban,Anticoagulant,2026-01-11,2026-01-14
M00002553,P00743,E0004137,Metformin,Antihyperglycemic,2025-06-21,2025-06-22
M00002554,P00743,E0004137,Atorvastatin,Lipid lowering,2025-06-21,2025-06-22
M00002555,P00744,E0004144,Amlodipine,Antihypertensive,2025-10-23,2025-10-24
M00002556,P00744,E0004144,Albuterol,Bronchodilator,2025-10-23,2025-10-24
M00002557,P00745,E0004151,Amlodipine,Antihypertensive,2025-10-29,2025-11-01
M00002558,P00747,E0004165,Furosemide,Diuretic,2025-09-09,
M00002559,P00749,E0004178,Furosemide,Diuretic,2025-10-22,
M00002560,P00749,E0004178,Atorvastatin,Lipid lowering,2025-10-22,2025-10-23
M00002561,P00749,E0004178,Insulin glargine,Antihyperglycemic,2025-10-21,
M00002562,P00749,E0004178,Amlodipine,Antihypertensive,2025-10-22,
M00002563,P00750,E0004181,Insulin glargine,Antihyperglycemic,2025-10-05,
M00002564,P00750,E0004182,Atorvastatin,Lipid lowering,2025-12-17,2025-12-18
M00002565,P00750,E0004182,Furosemide,Diuretic,2025-12-16,
M00002566,P00751,E0004188,Atorvastatin,Lipid lowering,2025-03-05,2025-03-07
M00002567,P00751,E0004188,Furosemide,Diuretic,2025-03-06,2025-03-07
M00002568,P00751,E0004188,Amlodipine,Antihypertensive,2025-03-05,2025-03-07
M00002569,P00752,E0004197,Furosemide,Diuretic,2025-02-11,
M00002570,P00752,E0004198,Apixaban,Anticoagulant,2025-05-13,2025-05-15
M00002571,P00752,E0004198,Amlodipine,Antihypertensive,2025-05-12,2025-05-15
M00002572,P00752,E0004198,Furosemide,Diuretic,2025-05-13,2025-05-15
M00002573,P00752,E0004198,Metformin,Antihyperglycemic,2025-05-13,
M00002574,P00753,E0004203,Atorvastatin,Lipid lowering,2025-12-10,
M00002575,P00753,E0004203,Apixaban,Anticoagulant,2025-12-10,
M00002576,P00753,E0004203,Furosemide,Diuretic,2025-12-10,2025-12-10
M00002577,P00753,E0004204,Furosemide,Diuretic,2026-04-02,
M00002578,P00753,E0004204,Insulin glargine,Antihyperglycemic,2026-04-02,
M00002579,P00756,E0004216,Lisinopril,Antihypertensive,2025-06-30,2025-07-02
M00002580,P00756,E0004216,Albuterol,Bronchodilator,2025-06-30,
M00002581,P00756,E0004216,Atorvastatin,Lipid lowering,2025-07-01,2025-07-02
M00002582,P00756,E0004217,Apixaban,Anticoagulant,2025-09-26,
M00002583,P00756,E0004217,Insulin glargine,Antihyperglycemic,2025-09-26,2025-09-27
M00002584,P00756,E0004217,Albuterol,Bronchodilator,2025-09-27,
M00002585,P00757,E0004220,Lisinopril,Antihypertensive,2025-09-17,2025-09-21
M00002586,P00757,E0004220,Apixaban,Anticoagulant,2025-09-18,2025-09-21
M00002587,P00757,E0004220,Furosemide,Diuretic,2025-09-17,
M00002588,P00757,E0004221,Atorvastatin,Lipid lowering,2025-12-08,
M00002589,P00757,E0004221,Lisinopril,Antihypertensive,2025-12-07,2025-12-08
M00002590,P00758,E0004227,Insulin glargine,Antihyperglycemic,2025-10-02,2025-10-03
M00002591,P00758,E0004227,Albuterol,Bronchodilator,2025-10-03,
M00002592,P00758,E0004227,Apixaban,Anticoagulant,2025-10-02,2025-10-03
M00002593,P00758,E0004227,Metformin,Antihyperglycemic,2025-10-02,
M00002594,P00758,E0004227,Atorvastatin,Lipid lowering,2025-10-03,
M00002595,P00758,E0004228,Metformin,Antihyperglycemic,2026-01-02,2026-01-03
M00002596,P00758,E0004228,Apixaban,Anticoagulant,2026-01-02,
M00002597,P00758,E0004228,Atorvastatin,Lipid lowering,2026-01-02,
M00002598,P00759,E0004234,Lisinopril,Antihypertensive,2025-04-10,
M00002599,P00759,E0004235,Metformin,Antihyperglycemic,2025-06-05,
M00002600,P00759,E0004235,Insulin glargine,Antihyperglycemic,2025-06-04,
M00002601,P00759,E0004235,Atorvastatin,Lipid lowering,2025-06-05,2025-06-06
M00002602,P00759,E0004236,Insulin glargine,Antihyperglycemic,2025-07-27,
M00002603,P00760,E0004241,Albuterol,Bronchodilator,2025-05-18,2025-05-20
M00002604,P00761,E0004249,Insulin glargine,Antihyperglycemic,2025-07-08,2025-07-12
M00002605,P00761,E0004249,Atorvastatin,Lipid lowering,2025-07-08,2025-07-12
M00002606,P00761,E0004250,Furosemide,Diuretic,2025-10-18,
M00002607,P00761,E0004251,Furosemide,Diuretic,2026-01-07,
M00002608,P00761,E0004251,Insulin glargine,Antihyperglycemic,2026-01-07,2026-01-09
M00002609,P00762,E0004256,Metformin,Antihyperglycemic,2025-06-29,2025-07-02
M00002610,P00762,E0004256,Amlodipine,Antihypertensive,2025-06-29,2025-07-02
M00002611,P00762,E0004256,Albuterol,Bronchodilator,2025-06-28,
M00002612,P00762,E0004256,Furosemide,Diuretic,2025-06-28,
M00002613,P00763,E0004262,Lisinopril,Antihypertensive,2025-07-27,
M00002614,P00764,E0004267,Albuterol,Bronchodilator,2025-08-18,2025-08-18
M00002615,P00765,E0004274,Albuterol,Bronchodilator,2025-07-28,2025-08-02
M00002616,P00765,E0004274,Insulin glargine,Antihyperglycemic,2025-07-28,
M00002617,P00765,E0004274,Atorvastatin,Lipid lowering,2025-07-27,2025-08-02
M00002618,P00765,E0004274,Apixaban,Anticoagulant,2025-07-28,
M00002619,P00765,E0004274,Lisinopril,Antihypertensive,2025-07-27,
M00002620,P00765,E0004275,Furosemide,Diuretic,2025-10-30,2025-11-01
M00002621,P00765,E0004275,Insulin glargine,Antihyperglycemic,2025-10-31,
M00002622,P00765,E0004275,Metformin,Antihyperglycemic,2025-10-30,2025-11-01
M00002623,P00765,E0004275,Atorvastatin,Lipid lowering,2025-10-31,
M00002624,P00766,E0004282,Metformin,Antihyperglycemic,2025-02-15,
M00002625,P00766,E0004282,Apixaban,Anticoagulant,2025-02-15,2025-02-16
M00002626,P00767,E0004287,Atorvastatin,Lipid lowering,2025-05-26,
M00002627,P00767,E0004287,Metformin,Antihyperglycemic,2025-05-26,
M00002628,P00767,E0004287,Lisinopril,Antihypertensive,2025-05-25,2025-05-31
M00002629,P00768,E0004291,Metformin,Antihyperglycemic,2025-09-22,
M00002630,P00768,E0004292,Amlodipine,Antihypertensive,2025-11-11,2025-11-14
M00002631,P00768,E0004292,Apixaban,Anticoagulant,2025-11-10,
M00002632,P00769,E0004299,Furosemide,Diuretic,2025-11-07,
M00002633,P00769,E0004299,Metformin,Antihyperglycemic,2025-11-07,
M00002634,P00770,E0004302,Furosemide,Diuretic,2025-10-05,2025-10-08
M00002635,P00771,E0004306,Insulin glargine,Antihyperglycemic,2025-10-04,
M00002636,P00771,E0004306,Atorvastatin,Lipid lowering,2025-10-04,
M00002637,P00772,E0004312,Furosemide,Diuretic,2025-03-30,
M00002638,P00772,E0004312,Apixaban,Anticoagulant,2025-03-30,2025-04-01
M00002639,P00772,E0004312,Insulin glargine,Antihyperglycemic,2025-03-30,
M00002640,P00772,E0004312,Atorvastatin,Lipid lowering,2025-03-30,2025-04-01
M00002641,P00772,E0004312,Lisinopril,Antihypertensive,2025-03-29,2025-04-01
M00002642,P00772,E0004312,Amlodipine,Antihypertensive,2025-03-30,
M00002643,P00772,E0004313,Albuterol,Bronchodilator,2025-06-21,2025-06-24
M00002644,P00772,E0004313,Atorvastatin,Lipid lowering,2025-06-22,
M00002645,P00772,E0004313,Insulin glargine,Antihyperglycemic,2025-06-21,
M00002646,P00772,E0004314,Lisinopril,Antihypertensive,2025-10-05,2025-10-07
M00002647,P00773,E0004317,Atorvastatin,Lipid lowering,2025-01-30,2025-02-03
M00002648,P00774,E0004321,Apixaban,Anticoagulant,2025-02-20,
M00002649,P00774,E0004321,Amlodipine,Antihypertensive,2025-02-20,2025-02-24
M00002650,P00774,E0004321,Lisinopril,Antihypertensive,2025-02-20,
M00002651,P00774,E0004321,Insulin glargine,Antihyperglycemic,2025-02-20,2025-02-24
M00002652,P00774,E0004321,Albuterol,Bronchodilator,2025-02-20,
M00002653,P00774,E0004322,Lisinopril,Antihypertensive,2025-07-16,2025-07-19
M00002654,P00774,E0004322,Apixaban,Anticoagulant,2025-07-16,2025-07-19
M00002655,P00774,E0004322,Atorvastatin,Lipid lowering,2025-07-16,
M00002656,P00777,E0004332,Metformin,Antihyperglycemic,2025-07-18,2025-07-18
M00002657,P00777,E0004332,Furosemide,Diuretic,2025-07-17,
M00002658,P00777,E0004333,Apixaban,Anticoagulant,2025-09-13,2025-09-16
M00002659,P00777,E0004333,Lisinopril,Antihypertensive,2025-09-13,2025-09-16
M00002660,P00778,E0004337,Apixaban,Anticoagulant,2025-06-26,
M00002661,P00778,E0004337,Furosemide,Diuretic,2025-06-27,
M00002662,P00778,E0004338,Apixaban,Anticoagulant,2025-11-19,
M00002663,P00779,E0004343,Furosemide,Diuretic,2025-04-11,
M00002664,P00779,E0004343,Metformin,Antihyperglycemic,2025-04-11,2025-04-12
M00002665,P00779,E0004344,Insulin glargine,Antihyperglycemic,2025-08-07,2025-08-09
M00002666,P00780,E0004350,Metformin,Antihyperglycemic,2025-04-09,2025-04-10
M00002667,P00780,E0004351,Metformin,Antihyperglycemic,2025-06-11,2025-06-12
M00002668,P00780,E0004351,Amlodipine,Antihypertensive,2025-06-10,
M00002669,P00781,E0004353,Atorvastatin,Lipid lowering,2025-11-06,2025-11-09
M00002670,P00781,E0004353,Furosemide,Diuretic,2025-11-07,
M00002671,P00781,E0004354,Furosemide,Diuretic,2026-03-17,2026-03-18
M00002672,P00781,E0004354,Albuterol,Bronchodilator,2026-03-17,
M00002673,P00781,E0004354,Amlodipine,Antihypertensive,2026-03-16,2026-03-18
M00002674,P00781,E0004354,Apixaban,Anticoagulant,2026-03-17,
M00002675,P00782,E0004361,Apixaban,Anticoagulant,2025-04-29,
M00002676,P00782,E0004361,Atorvastatin,Lipid lowering,2025-04-28,2025-04-30
M00002677,P00782,E0004361,Furosemide,Diuretic,2025-04-28,2025-04-30
M00002678,P00782,E0004362,Furosemide,Diuretic,2025-07-26,2025-07-31
M00002679,P00782,E0004362,Amlodipine,Antihypertensive,2025-07-27,2025-07-31
M00002680,P00782,E0004362,Metformin,Antihyperglycemic,2025-07-26,2025-07-31
M00002681,P00783,E0004367,Metformin,Antihyperglycemic,2025-05-01,2025-05-01
M00002682,P00783,E0004367,Furosemide,Diuretic,2025-05-01,2025-05-01
M00002683,P00783,E0004367,Amlodipine,Antihypertensive,2025-04-30,2025-05-01
M00002684,P00784,E0004369,Albuterol,Bronchodilator,2025-01-24,
M00002685,P00784,E0004370,Atorvastatin,Lipid lowering,2025-03-23,
M00002686,P00784,E0004371,Amlodipine,Antihypertensive,2025-05-11,
M00002687,P00784,E0004371,Metformin,Antihyperglycemic,2025-05-10,
M00002688,P00785,E0004377,Apixaban,Anticoagulant,2025-10-07,
M00002689,P00785,E0004378,Albuterol,Bronchodilator,2025-12-31,
M00002690,P00785,E0004379,Metformin,Antihyperglycemic,2026-03-30,
M00002691,P00786,E0004385,Furosemide,Diuretic,2025-04-09,
M00002692,P00786,E0004386,Metformin,Antihyperglycemic,2025-06-08,
M00002693,P00787,E0004392,Atorvastatin,Lipid lowering,2025-08-25,
M00002694,P00787,E0004392,Apixaban,Anticoagulant,2025-08-26,
M00002695,P00787,E0004392,Insulin glargine,Antihyperglycemic,2025-08-25,2025-08-29
M00002696,P00787,E0004392,Albuterol,Bronchodilator,2025-08-25,2025-08-29
M00002697,P00788,E0004397,Amlodipine,Antihypertensive,2025-08-25,2025-08-28
M00002698,P00788,E0004397,Insulin glargine,Antihyperglycemic,2025-08-26,2025-08-28
M00002699,P00788,E0004397,Metformin,Antihyperglycemic,2025-08-25,2025-08-28
M00002700,P00788,E0004397,Apixaban,Anticoagulant,2025-08-25,
M00002701,P00788,E0004397,Albuterol,Bronchodilator,2025-08-26,2025-08-28
M00002702,P00788,E0004398,Lisinopril,Antihypertensive,2026-01-08,2026-01-10
M00002703,P00788,E0004398,Atorvastatin,Lipid lowering,2026-01-08,
M00002704,P00789,E0004400,Metformin,Antihyperglycemic,2025-02-19,2025-02-26
M00002705,P00789,E0004400,Lisinopril,Antihypertensive,2025-02-18,
M00002706,P00789,E0004401,Furosemide,Diuretic,2025-05-14,
M00002707,P00789,E0004401,Metformin,Antihyperglycemic,2025-05-14,2025-05-18
M00002708,P00789,E0004401,Lisinopril,Antihypertensive,2025-05-15,
M00002709,P00789,E0004401,Apixaban,Anticoagulant,2025-05-15,2025-05-18
M00002710,P00789,E0004401,Amlodipine,Antihypertensive,2025-05-15,2025-05-18
M00002711,P00792,E0004417,Apixaban,Anticoagulant,2025-02-25,
M00002712,P00792,E0004417,Insulin glargine,Antihyperglycemic,2025-02-25,
M00002713,P00792,E0004417,Albuterol,Bronchodilator,2025-02-25,
M00002714,P00792,E0004418,Amlodipine,Antihypertensive,2025-03-10,
M00002715,P00792,E0004418,Insulin glargine,Antihyperglycemic,2025-03-10,
M00002716,P00792,E0004418,Lisinopril,Antihypertensive,2025-03-11,2025-03-11
M00002717,P00793,E0004426,Amlodipine,Antihypertensive,2025-06-26,
M00002718,P00793,E0004427,Metformin,Antihyperglycemic,2025-07-06,2025-07-09
M00002719,P00794,E0004433,Insulin glargine,Antihyperglycemic,2025-02-27,
M00002720,P00794,E0004433,Atorvastatin,Lipid lowering,2025-02-28,2025-02-28
M00002721,P00794,E0004433,Albuterol,Bronchodilator,2025-02-28,
M00002722,P00795,E0004436,Atorvastatin,Lipid lowering,2025-05-10,2025-05-13
M00002723,P00795,E0004436,Furosemide,Diuretic,2025-05-11,2025-05-13
M00002724,P00795,E0004436,Albuterol,Bronchodilator,2025-05-10,2025-05-13
M00002725,P00795,E0004436,Insulin glargine,Antihyperglycemic,2025-05-10,2025-05-13
M00002726,P00795,E0004436,Amlodipine,Antihypertensive,2025-05-11,2025-05-13
M00002727,P00795,E0004436,Metformin,Antihyperglycemic,2025-05-10,2025-05-13
M00002728,P00796,E0004442,Lisinopril,Antihypertensive,2025-07-07,
M00002729,P00797,E0004445,Lisinopril,Antihypertensive,2025-07-12,
M00002730,P00797,E0004445,Insulin glargine,Antihyperglycemic,2025-07-11,
M00002731,P00797,E0004445,Atorvastatin,Lipid lowering,2025-07-11,
M00002732,P00797,E0004445,Albuterol,Bronchodilator,2025-07-12,2025-07-14
M00002733,P00797,E0004446,Amlodipine,Antihypertensive,2025-10-09,
M00002734,P00797,E0004446,Albuterol,Bronchodilator,2025-10-10,2025-10-12
M00002735,P00797,E0004446,Lisinopril,Antihypertensive,2025-10-10,
M00002736,P00797,E0004446,Apixaban,Anticoagulant,2025-10-09,2025-10-12
M00002737,P00797,E0004446,Metformin,Antihyperglycemic,2025-10-09,
M00002738,P00797,E0004446,Insulin glargine,Antihyperglycemic,2025-10-09,
M00002739,P00798,E0004453,Atorvastatin,Lipid lowering,2025-04-12,2025-04-13
M00002740,P00798,E0004453,Apixaban,Anticoagulant,2025-04-12,2025-04-13
M00002741,P00798,E0004453,Insulin glargine,Antihyperglycemic,2025-04-12,2025-04-13
M00002742,P00798,E0004453,Lisinopril,Antihypertensive,2025-04-12,
M00002743,P00798,E0004454,Atorvastatin,Lipid lowering,2025-05-30,
M00002744,P00798,E0004454,Lisinopril,Antihypertensive,2025-05-29,
M00002745,P00799,E0004461,Apixaban,Anticoagulant,2025-06-23,
M00002746,P00799,E0004462,Lisinopril,Antihypertensive,2025-09-11,2025-09-17
M00002747,P00800,E0004466,Lisinopril,Antihypertensive,2025-08-11,2025-08-14
M00002748,P00800,E0004466,Insulin glargine,Antihyperglycemic,2025-08-11,2025-08-14
M00002749,P00800,E0004466,Metformin,Antihyperglycemic,2025-08-12,
M00002750,P00800,E0004466,Atorvastatin,Lipid lowering,2025-08-11,2025-08-14
M00002751,P00800,E0004467,Albuterol,Bronchodilator,2025-11-19,2025-11-24
M00002752,P00800,E0004467,Insulin glargine,Antihyperglycemic,2025-11-19,
M00002753,P00802,E0004479,Atorvastatin,Lipid lowering,2025-10-01,
M00002754,P00802,E0004479,Lisinopril,Antihypertensive,2025-10-01,2025-10-06
M00002755,P00803,E0004482,Atorvastatin,Lipid lowering,2025-08-12,
M00002756,P00804,E0004485,Metformin,Antihyperglycemic,2025-06-04,
M00002757,P00804,E0004486,Furosemide,Diuretic,2025-10-07,2025-10-11
M00002758,P00804,E0004486,Albuterol,Bronchodilator,2025-10-08,
M00002759,P00804,E0004486,Metformin,Antihyperglycemic,2025-10-08,2025-10-11
M00002760,P00804,E0004486,Atorvastatin,Lipid lowering,2025-10-07,
M00002761,P00805,E0004489,Apixaban,Anticoagulant,2025-09-23,
M00002762,P00805,E0004489,Albuterol,Bronchodilator,2025-09-24,2025-09-26
M00002763,P00805,E0004489,Amlodipine,Antihypertensive,2025-09-23,
M00002764,P00807,E0004498,Insulin glargine,Antihyperglycemic,2025-07-15,2025-07-18
M00002765,P00807,E0004498,Albuterol,Bronchodilator,2025-07-16,2025-07-18
M00002766,P00807,E0004498,Apixaban,Anticoagulant,2025-07-15,
M00002767,P00807,E0004499,Metformin,Antihyperglycemic,2025-12-14,2025-12-17
M00002768,P00807,E0004499,Amlodipine,Antihypertensive,2025-12-14,
M00002769,P00807,E0004499,Lisinopril,Antihypertensive,2025-12-14,2025-12-17
M00002770,P00807,E0004499,Insulin glargine,Antihyperglycemic,2025-12-14,
M00002771,P00807,E0004499,Apixaban,Anticoagulant,2025-12-15,
M00002772,P00807,E0004499,Furosemide,Diuretic,2025-12-15,
M00002773,P00809,E0004511,Furosemide,Diuretic,2025-06-09,2025-06-11
M00002774,P00809,E0004511,Amlodipine,Antihypertensive,2025-06-09,
M00002775,P00809,E0004511,Lisinopril,Antihypertensive,2025-06-08,
M00002776,P00809,E0004511,Albuterol,Bronchodilator,2025-06-08,
M00002777,P00809,E0004511,Metformin,Antihyperglycemic,2025-06-09,2025-06-11
M00002778,P00809,E0004511,Apixaban,Anticoagulant,2025-06-09,2025-06-11
M00002779,P00810,E0004517,Atorvastatin,Lipid lowering,2025-05-11,
M00002780,P00810,E0004517,Lisinopril,Antihypertensive,2025-05-11,2025-05-14
M00002781,P00810,E0004517,Insulin glargine,Antihyperglycemic,2025-05-10,2025-05-14
M00002782,P00810,E0004517,Albuterol,Bronchodilator,2025-05-11,2025-05-14
M00002783,P00810,E0004518,Furosemide,Diuretic,2025-07-25,
M00002784,P00810,E0004518,Apixaban,Anticoagulant,2025-07-24,2025-07-29
M00002785,P00810,E0004518,Amlodipine,Antihypertensive,2025-07-25,
M00002786,P00812,E0004534,Furosemide,Diuretic,2025-07-29,2025-07-29
M00002787,P00812,E0004534,Albuterol,Bronchodilator,2025-07-29,2025-07-29
M00002788,P00812,E0004534,Metformin,Antihyperglycemic,2025-07-29,
M00002789,P00812,E0004534,Amlodipine,Antihypertensive,2025-07-28,
M00002790,P00813,E0004538,Albuterol,Bronchodilator,2025-10-06,2025-10-08
M00002791,P00813,E0004539,Apixaban,Anticoagulant,2025-12-19,
M00002792,P00813,E0004539,Lisinopril,Antihypertensive,2025-12-19,2025-12-23
M00002793,P00813,E0004540,Apixaban,Anticoagulant,2026-05-20,
M00002794,P00813,E0004540,Lisinopril,Antihypertensive,2026-05-19,
M00002795,P00813,E0004540,Furosemide,Diuretic,2026-05-19,
M00002796,P00815,E0004548,Albuterol,Bronchodilator,2025-04-28,2025-04-29
M00002797,P00815,E0004548,Atorvastatin,Lipid lowering,2025-04-27,2025-04-29
M00002798,P00815,E0004549,Insulin glargine,Antihyperglycemic,2025-05-18,
M00002799,P00815,E0004549,Atorvastatin,Lipid lowering,2025-05-18,2025-05-22
M00002800,P00815,E0004549,Lisinopril,Antihypertensive,2025-05-18,2025-05-22
M00002801,P00816,E0004557,Metformin,Antihyperglycemic,2025-08-02,
M00002802,P00816,E0004557,Amlodipine,Antihypertensive,2025-08-01,
M00002803,P00816,E0004557,Apixaban,Anticoagulant,2025-08-02,2025-08-04
M00002804,P00816,E0004557,Lisinopril,Antihypertensive,2025-08-01,
M00002805,P00816,E0004557,Atorvastatin,Lipid lowering,2025-08-02,2025-08-04
M00002806,P00816,E0004558,Metformin,Antihyperglycemic,2025-10-01,
M00002807,P00816,E0004558,Lisinopril,Antihypertensive,2025-09-30,
M00002808,P00816,E0004558,Atorvastatin,Lipid lowering,2025-09-30,2025-10-05
M00002809,P00816,E0004558,Amlodipine,Antihypertensive,2025-09-30,2025-10-05
M00002810,P00817,E0004566,Furosemide,Diuretic,2025-06-03,
M00002811,P00817,E0004566,Apixaban,Anticoagulant,2025-06-02,
M00002812,P00817,E0004566,Lisinopril,Antihypertensive,2025-06-03,2025-06-03
M00002813,P00817,E0004566,Amlodipine,Antihypertensive,2025-06-02,
M00002814,P00817,E0004567,Amlodipine,Antihypertensive,2025-10-12,2025-10-12
M00002815,P00818,E0004573,Insulin glargine,Antihyperglycemic,2025-05-02,
M00002816,P00819,E0004577,Insulin glargine,Antihyperglycemic,2025-03-01,
M00002817,P00819,E0004577,Apixaban,Anticoagulant,2025-02-28,
M00002818,P00819,E0004577,Amlodipine,Antihypertensive,2025-02-28,2025-03-01
M00002819,P00819,E0004577,Atorvastatin,Lipid lowering,2025-02-28,
M00002820,P00821,E0004587,Apixaban,Anticoagulant,2025-06-09,
M00002821,P00821,E0004587,Insulin glargine,Antihyperglycemic,2025-06-09,2025-06-11
M00002822,P00821,E0004588,Amlodipine,Antihypertensive,2025-09-27,2025-10-02
M00002823,P00821,E0004588,Furosemide,Diuretic,2025-09-28,2025-10-02
M00002824,P00821,E0004588,Albuterol,Bronchodilator,2025-09-27,2025-10-02
M00002825,P00823,E0004597,Apixaban,Anticoagulant,2025-06-19,
M00002826,P00823,E0004598,Metformin,Antihyperglycemic,2025-08-24,
M00002827,P00823,E0004598,Lisinopril,Antihypertensive,2025-08-24,
M00002828,P00824,E0004601,Metformin,Antihyperglycemic,2025-10-27,
M00002829,P00824,E0004601,Insulin glargine,Antihyperglycemic,2025-10-27,
M00002830,P00824,E0004601,Atorvastatin,Lipid lowering,2025-10-27,
M00002831,P00824,E0004601,Amlodipine,Antihypertensive,2025-10-26,2025-10-30
M00002832,P00824,E0004601,Apixaban,Anticoagulant,2025-10-27,
M00002833,P00824,E0004601,Furosemide,Diuretic,2025-10-26,
M00002834,P00824,E0004601,Lisinopril,Antihypertensive,2025-10-26,2025-10-30
M00002835,P00825,E0004608,Lisinopril,Antihypertensive,2025-09-05,
M00002836,P00826,E0004610,Insulin glargine,Antihyperglycemic,2025-09-15,
M00002837,P00826,E0004611,Lisinopril,Antihypertensive,2025-12-19,2025-12-23
M00002838,P00826,E0004611,Furosemide,Diuretic,2025-12-18,
M00002839,P00826,E0004611,Atorvastatin,Lipid lowering,2025-12-18,2025-12-23
M00002840,P00826,E0004612,Atorvastatin,Lipid lowering,2026-05-18,
M00002841,P00827,E0004619,Furosemide,Diuretic,2025-01-21,
M00002842,P00827,E0004619,Atorvastatin,Lipid lowering,2025-01-22,
M00002843,P00827,E0004619,Apixaban,Anticoagulant,2025-01-22,2025-01-26
M00002844,P00827,E0004619,Lisinopril,Antihypertensive,2025-01-22,
M00002845,P00827,E0004620,Lisinopril,Antihypertensive,2025-06-08,2025-06-09
M00002846,P00827,E0004620,Atorvastatin,Lipid lowering,2025-06-08,
M00002847,P00827,E0004620,Insulin glargine,Antihyperglycemic,2025-06-08,2025-06-09
M00002848,P00827,E0004620,Metformin,Antihyperglycemic,2025-06-07,
M00002849,P00828,E0004623,Insulin glargine,Antihyperglycemic,2025-08-21,
M00002850,P00828,E0004623,Albuterol,Bronchodilator,2025-08-22,
M00002851,P00828,E0004623,Atorvastatin,Lipid lowering,2025-08-21,
M00002852,P00829,E0004630,Apixaban,Anticoagulant,2025-05-01,
M00002853,P00830,E0004638,Atorvastatin,Lipid lowering,2025-10-26,2025-10-26
M00002854,P00830,E0004638,Lisinopril,Antihypertensive,2025-10-25,2025-10-26
M00002855,P00831,E0004643,Metformin,Antihyperglycemic,2025-08-09,2025-08-12
M00002856,P00831,E0004643,Furosemide,Diuretic,2025-08-10,
M00002857,P00831,E0004644,Apixaban,Anticoagulant,2025-12-11,2025-12-13
M00002858,P00832,E0004646,Metformin,Antihyperglycemic,2025-08-13,
M00002859,P00832,E0004646,Insulin glargine,Antihyperglycemic,2025-08-12,2025-08-14
M00002860,P00832,E0004646,Albuterol,Bronchodilator,2025-08-12,2025-08-14
M00002861,P00834,E0004658,Albuterol,Bronchodilator,2025-05-19,
M00002862,P00834,E0004658,Furosemide,Diuretic,2025-05-19,2025-05-23
M00002863,P00834,E0004658,Amlodipine,Antihypertensive,2025-05-19,
M00002864,P00835,E0004662,Atorvastatin,Lipid lowering,2025-07-20,2025-07-25
M00002865,P00835,E0004663,Amlodipine,Antihypertensive,2025-10-18,
M00002866,P00836,E0004668,Apixaban,Anticoagulant,2025-03-28,2025-04-01
M00002867,P00836,E0004668,Furosemide,Diuretic,2025-03-28,
M00002868,P00837,E0004674,Amlodipine,Antihypertensive,2025-09-25,
M00002869,P00837,E0004674,Furosemide,Diuretic,2025-09-26,
M00002870,P00838,E0004681,Apixaban,Anticoagulant,2025-05-05,2025-05-06
M00002871,P00838,E0004682,Metformin,Antihyperglycemic,2025-09-19,2025-09-21
M00002872,P00839,E0004684,Insulin glargine,Antihyperglycemic,2025-05-12,2025-05-15
M00002873,P00839,E0004684,Lisinopril,Antihypertensive,2025-05-11,
M00002874,P00839,E0004684,Atorvastatin,Lipid lowering,2025-05-12,2025-05-15
M00002875,P00839,E0004685,Albuterol,Bronchodilator,2025-08-31,2025-09-03
M00002876,P00839,E0004685,Insulin glargine,Antihyperglycemic,2025-08-30,2025-09-03
M00002877,P00839,E0004686,Insulin glargine,Antihyperglycemic,2026-01-18,2026-01-21
M00002878,P00840,E0004692,Lisinopril,Antihypertensive,2025-04-01,
M00002879,P00840,E0004692,Atorvastatin,Lipid lowering,2025-04-02,
M00002880,P00840,E0004693,Albuterol,Bronchodilator,2025-04-17,2025-04-18
M00002881,P00841,E0004696,Metformin,Antihyperglycemic,2025-04-26,
M00002882,P00841,E0004696,Albuterol,Bronchodilator,2025-04-26,
M00002883,P00842,E0004702,Apixaban,Anticoagulant,2025-06-20,
M00002884,P00842,E0004702,Insulin glargine,Antihyperglycemic,2025-06-20,2025-06-21
M00002885,P00843,E0004707,Metformin,Antihyperglycemic,2025-10-15,2025-10-18
M00002886,P00843,E0004707,Lisinopril,Antihypertensive,2025-10-15,2025-10-18
M00002887,P00843,E0004707,Apixaban,Anticoagulant,2025-10-15,
M00002888,P00843,E0004707,Atorvastatin,Lipid lowering,2025-10-14,
M00002889,P00843,E0004707,Amlodipine,Antihypertensive,2025-10-15,2025-10-18
M00002890,P00844,E0004711,Metformin,Antihyperglycemic,2025-08-31,2025-09-02
M00002891,P00844,E0004711,Atorvastatin,Lipid lowering,2025-08-31,2025-09-02
M00002892,P00844,E0004711,Insulin glargine,Antihyperglycemic,2025-08-31,2025-09-02
M00002893,P00844,E0004711,Albuterol,Bronchodilator,2025-08-31,
M00002894,P00845,E0004716,Apixaban,Anticoagulant,2025-10-24,
M00002895,P00845,E0004716,Albuterol,Bronchodilator,2025-10-24,2025-10-30
M00002896,P00845,E0004716,Atorvastatin,Lipid lowering,2025-10-24,
M00002897,P00846,E0004723,Furosemide,Diuretic,2025-03-09,2025-03-11
M00002898,P00846,E0004723,Insulin glargine,Antihyperglycemic,2025-03-10,2025-03-11
M00002899,P00846,E0004724,Apixaban,Anticoagulant,2025-05-18,
M00002900,P00846,E0004725,Atorvastatin,Lipid lowering,2025-07-17,
M00002901,P00846,E0004725,Insulin glargine,Antihyperglycemic,2025-07-17,
M00002902,P00846,E0004725,Furosemide,Diuretic,2025-07-17,
M00002903,P00846,E0004725,Lisinopril,Antihypertensive,2025-07-17,2025-07-18
M00002904,P00848,E0004734,Metformin,Antihyperglycemic,2025-10-14,
M00002905,P00848,E0004734,Lisinopril,Antihypertensive,2025-10-14,
M00002906,P00848,E0004734,Apixaban,Anticoagulant,2025-10-15,2025-10-21
M00002907,P00848,E0004734,Albuterol,Bronchodilator,2025-10-15,
M00002908,P00848,E0004735,Metformin,Antihyperglycemic,2025-10-24,2025-10-29
M00002909,P00848,E0004735,Furosemide,Diuretic,2025-10-25,2025-10-29
M00002910,P00848,E0004735,Atorvastatin,Lipid lowering,2025-10-24,
M00002911,P00848,E0004735,Albuterol,Bronchodilator,2025-10-24,
M00002912,P00848,E0004735,Lisinopril,Antihypertensive,2025-10-25,
M00002913,P00848,E0004736,Apixaban,Anticoagulant,2026-02-17,2026-02-23
M00002914,P00848,E0004736,Furosemide,Diuretic,2026-02-18,2026-02-23
M00002915,P00848,E0004736,Lisinopril,Antihypertensive,2026-02-17,
M00002916,P00848,E0004736,Metformin,Antihyperglycemic,2026-02-18,
M00002917,P00848,E0004736,Atorvastatin,Lipid lowering,2026-02-18,2026-02-23
M00002918,P00848,E0004736,Insulin glargine,Antihyperglycemic,2026-02-17,2026-02-23
M00002919,P00848,E0004736,Amlodipine,Antihypertensive,2026-02-18,
M00002920,P00849,E0004741,Amlodipine,Antihypertensive,2025-04-30,
M00002921,P00849,E0004741,Lisinopril,Antihypertensive,2025-04-29,
M00002922,P00849,E0004741,Apixaban,Anticoagulant,2025-04-30,2025-05-03
M00002923,P00849,E0004741,Furosemide,Diuretic,2025-04-29,
M00002924,P00849,E0004741,Metformin,Antihyperglycemic,2025-04-30,2025-05-03
M00002925,P00850,E0004746,Lisinopril,Antihypertensive,2025-11-16,
M00002926,P00851,E0004750,Insulin glargine,Antihyperglycemic,2025-05-12,2025-05-14
M00002927,P00851,E0004750,Furosemide,Diuretic,2025-05-12,
M00002928,P00851,E0004751,Insulin glargine,Antihyperglycemic,2025-07-19,2025-07-22
M00002929,P00851,E0004751,Metformin,Antihyperglycemic,2025-07-19,
M00002930,P00851,E0004751,Amlodipine,Antihypertensive,2025-07-20,2025-07-22
M00002931,P00851,E0004751,Albuterol,Bronchodilator,2025-07-20,
M00002932,P00851,E0004751,Furosemide,Diuretic,2025-07-20,2025-07-22
M00002933,P00854,E0004767,Metformin,Antihyperglycemic,2025-02-09,
M00002934,P00854,E0004768,Albuterol,Bronchodilator,2025-02-27,
M00002935,P00854,E0004769,Lisinopril,Antihypertensive,2025-04-27,
M00002936,P00854,E0004769,Albuterol,Bronchodilator,2025-04-28,2025-04-29
M00002937,P00854,E0004769,Insulin glargine,Antihyperglycemic,2025-04-27,
M00002938,P00854,E0004769,Apixaban,Anticoagulant,2025-04-28,2025-04-29
M00002939,P00855,E0004774,Amlodipine,Antihypertensive,2025-08-20,2025-08-21
M00002940,P00855,E0004774,Furosemide,Diuretic,2025-08-20,
M00002941,P00855,E0004774,Atorvastatin,Lipid lowering,2025-08-20,2025-08-21
M00002942,P00855,E0004774,Albuterol,Bronchodilator,2025-08-19,
M00002943,P00855,E0004774,Metformin,Antihyperglycemic,2025-08-19,2025-08-21
M00002944,P00856,E0004780,Metformin,Antihyperglycemic,2025-02-28,
M00002945,P00856,E0004780,Atorvastatin,Lipid lowering,2025-02-28,
M00002946,P00856,E0004780,Amlodipine,Antihypertensive,2025-02-28,
M00002947,P00856,E0004780,Albuterol,Bronchodilator,2025-02-28,2025-03-02
M00002948,P00856,E0004780,Furosemide,Diuretic,2025-02-28,
M00002949,P00856,E0004781,Apixaban,Anticoagulant,2025-05-02,
M00002950,P00856,E0004781,Atorvastatin,Lipid lowering,2025-05-03,2025-05-05
M00002951,P00856,E0004781,Metformin,Antihyperglycemic,2025-05-03,
M00002952,P00857,E0004786,Insulin glargine,Antihyperglycemic,2025-05-25,2025-05-26
M00002953,P00858,E0004794,Furosemide,Diuretic,2025-03-04,
M00002954,P00858,E0004794,Lisinopril,Antihypertensive,2025-03-03,
M00002955,P00859,E0004802,Furosemide,Diuretic,2025-07-25,2025-07-28
M00002956,P00859,E0004802,Atorvastatin,Lipid lowering,2025-07-24,
M00002957,P00859,E0004802,Insulin glargine,Antihyperglycemic,2025-07-25,2025-07-28
M00002958,P00859,E0004802,Albuterol,Bronchodilator,2025-07-24,2025-07-28
M00002959,P00859,E0004803,Metformin,Antihyperglycemic,2025-12-17,
M00002960,P00859,E0004803,Albuterol,Bronchodilator,2025-12-18,
M00002961,P00860,E0004810,Insulin glargine,Antihyperglycemic,2025-03-21,
M00002962,P00860,E0004810,Lisinopril,Antihypertensive,2025-03-21,
M00002963,P00860,E0004810,Furosemide,Diuretic,2025-03-20,
M00002964,P00861,E0004814,Furosemide,Diuretic,2025-11-23,
M00002965,P00861,E0004814,Insulin glargine,Antihyperglycemic,2025-11-24,
M00002966,P00861,E0004814,Albuterol,Bronchodilator,2025-11-24,2025-11-29
M00002967,P00861,E0004815,Insulin glargine,Antihyperglycemic,2026-01-15,
M00002968,P00861,E0004815,Atorvastatin,Lipid lowering,2026-01-15,
M00002969,P00861,E0004816,Furosemide,Diuretic,2026-02-14,
M00002970,P00861,E0004816,Lisinopril,Antihypertensive,2026-02-13,
M00002971,P00861,E0004816,Amlodipine,Antihypertensive,2026-02-13,2026-02-17
M00002972,P00861,E0004816,Apixaban,Anticoagulant,2026-02-14,2026-02-17
M00002973,P00861,E0004816,Metformin,Antihyperglycemic,2026-02-13,
M00002974,P00862,E0004820,Apixaban,Anticoagulant,2025-06-11,
M00002975,P00862,E0004821,Metformin,Antihyperglycemic,2025-09-28,
M00002976,P00862,E0004821,Insulin glargine,Antihyperglycemic,2025-09-28,2025-10-04
M00002977,P00862,E0004821,Lisinopril,Antihypertensive,2025-09-28,2025-10-04
M00002978,P00862,E0004822,Albuterol,Bronchodilator,2025-10-14,
M00002979,P00863,E0004825,Furosemide,Diuretic,2025-10-22,
M00002980,P00865,E0004837,Lisinopril,Antihypertensive,2025-07-09,2025-07-11
M00002981,P00865,E0004837,Albuterol,Bronchodilator,2025-07-08,
M00002982,P00865,E0004837,Apixaban,Anticoagulant,2025-07-09,
M00002983,P00866,E0004843,Insulin glargine,Antihyperglycemic,2025-08-14,2025-08-19
M00002984,P00866,E0004843,Furosemide,Diuretic,2025-08-15,2025-08-19
M00002985,P00866,E0004843,Albuterol,Bronchodilator,2025-08-15,2025-08-19
M00002986,P00866,E0004843,Metformin,Antihyperglycemic,2025-08-15,2025-08-19
M00002987,P00867,E0004849,Atorvastatin,Lipid lowering,2025-04-19,
M00002988,P00867,E0004849,Lisinopril,Antihypertensive,2025-04-20,
M00002989,P00868,E0004853,Atorvastatin,Lipid lowering,2025-08-29,2025-09-01
M00002990,P00868,E0004853,Metformin,Antihyperglycemic,2025-08-30,
M00002991,P00868,E0004853,Furosemide,Diuretic,2025-08-29,2025-09-01
M00002992,P00868,E0004854,Lisinopril,Antihypertensive,2025-10-23,2025-10-25
M00002993,P00869,E0004857,Lisinopril,Antihypertensive,2025-05-13,2025-05-16
M00002994,P00869,E0004858,Insulin glargine,Antihyperglycemic,2025-09-12,2025-09-14
M00002995,P00869,E0004858,Metformin,Antihyperglycemic,2025-09-12,
M00002996,P00870,E0004860,Atorvastatin,Lipid lowering,2025-08-04,2025-08-04
M00002997,P00870,E0004860,Apixaban,Anticoagulant,2025-08-04,2025-08-04
M00002998,P00870,E0004860,Furosemide,Diuretic,2025-08-04,2025-08-04
M00002999,P00870,E0004861,Insulin glargine,Antihyperglycemic,2025-09-22,2025-09-26
M00003000,P00870,E0004861,Furosemide,Diuretic,2025-09-22,
M00003001,P00871,E0004868,Albuterol,Bronchodilator,2025-09-25,
M00003002,P00871,E0004868,Insulin glargine,Antihyperglycemic,2025-09-25,
M00003003,P00872,E0004871,Lisinopril,Antihypertensive,2025-05-23,2025-05-28
M00003004,P00872,E0004872,Albuterol,Bronchodilator,2025-10-02,2025-10-06
M00003005,P00872,E0004872,Furosemide,Diuretic,2025-10-03,
M00003006,P00872,E0004872,Apixaban,Anticoagulant,2025-10-02,
M00003007,P00872,E0004872,Insulin glargine,Antihyperglycemic,2025-10-02,
M00003008,P00873,E0004877,Insulin glargine,Antihyperglycemic,2025-08-26,
M00003009,P00873,E0004877,Furosemide,Diuretic,2025-08-27,2025-08-31
M00003010,P00873,E0004878,Albuterol,Bronchodilator,2025-11-19,2025-11-21
M00003011,P00874,E0004883,Amlodipine,Antihypertensive,2025-05-28,
M00003012,P00874,E0004883,Furosemide,Diuretic,2025-05-28,
M00003013,P00874,E0004883,Metformin,Antihyperglycemic,2025-05-28,2025-05-29
M00003014,P00874,E0004883,Albuterol,Bronchodilator,2025-05-28,
M00003015,P00874,E0004883,Atorvastatin,Lipid lowering,2025-05-28,
M00003016,P00875,E0004890,Lisinopril,Antihypertensive,2025-11-06,2025-11-07
M00003017,P00875,E0004890,Atorvastatin,Lipid lowering,2025-11-05,
M00003018,P00875,E0004891,Lisinopril,Antihypertensive,2026-03-10,
M00003019,P00875,E0004892,Insulin glargine,Antihyperglycemic,2026-04-27,2026-04-30
M00003020,P00876,E0004894,Atorvastatin,Lipid lowering,2025-10-03,
M00003021,P00876,E0004894,Lisinopril,Antihypertensive,2025-10-03,
M00003022,P00876,E0004894,Insulin glargine,Antihyperglycemic,2025-10-04,
M00003023,P00877,E0004896,Furosemide,Diuretic,2025-07-08,2025-07-12
M00003024,P00877,E0004896,Lisinopril,Antihypertensive,2025-07-08,
M00003025,P00877,E0004896,Metformin,Antihyperglycemic,2025-07-08,2025-07-12
M00003026,P00877,E0004896,Apixaban,Anticoagulant,2025-07-08,2025-07-12
M00003027,P00877,E0004896,Insulin glargine,Antihyperglycemic,2025-07-09,2025-07-12
M00003028,P00878,E0004901,Apixaban,Anticoagulant,2025-06-24,
M00003029,P00878,E0004901,Metformin,Antihyperglycemic,2025-06-24,
M00003030,P00878,E0004902,Insulin glargine,Antihyperglycemic,2025-09-23,
M00003031,P00878,E0004902,Metformin,Antihyperglycemic,2025-09-22,
M00003032,P00878,E0004902,Atorvastatin,Lipid lowering,2025-09-23,2025-09-25
M00003033,P00879,E0004906,Insulin glargine,Antihyperglycemic,2025-09-03,2025-09-07
M00003034,P00879,E0004906,Furosemide,Diuretic,2025-09-02,2025-09-07
M00003035,P00879,E0004907,Atorvastatin,Lipid lowering,2025-12-22,
M00003036,P00879,E0004907,Apixaban,Anticoagulant,2025-12-22,2025-12-25
M00003037,P00879,E0004907,Lisinopril,Antihypertensive,2025-12-21,2025-12-25
M00003038,P00879,E0004907,Amlodipine,Antihypertensive,2025-12-21,2025-12-25
M00003039,P00880,E0004910,Lisinopril,Antihypertensive,2025-02-02,2025-02-06
M00003040,P00881,E0004918,Lisinopril,Antihypertensive,2025-02-28,
M00003041,P00881,E0004918,Furosemide,Diuretic,2025-02-28,2025-03-03
M00003042,P00881,E0004918,Metformin,Antihyperglycemic,2025-02-27,
M00003043,P00882,E0004925,Furosemide,Diuretic,2025-02-22,
M00003044,P00882,E0004925,Atorvastatin,Lipid lowering,2025-02-22,2025-02-22
M00003045,P00882,E0004925,Lisinopril,Antihypertensive,2025-02-22,
M00003046,P00882,E0004925,Amlodipine,Antihypertensive,2025-02-22,
M00003047,P00882,E0004926,Metformin,Antihyperglycemic,2025-05-20,2025-05-21
M00003048,P00882,E0004926,Atorvastatin,Lipid lowering,2025-05-20,2025-05-21
M00003049,P00882,E0004926,Albuterol,Bronchodilator,2025-05-20,2025-05-21
M00003050,P00883,E0004933,Albuterol,Bronchodilator,2025-05-09,2025-05-11
M00003051,P00884,E0004939,Albuterol,Bronchodilator,2025-10-20,2025-10-25
M00003052,P00884,E0004939,Amlodipine,Antihypertensive,2025-10-21,2025-10-25
M00003053,P00884,E0004940,Lisinopril,Antihypertensive,2026-02-24,2026-02-27
M00003054,P00884,E0004940,Metformin,Antihyperglycemic,2026-02-24,2026-02-27
M00003055,P00884,E0004940,Furosemide,Diuretic,2026-02-25,2026-02-27
M00003056,P00884,E0004940,Insulin glargine,Antihyperglycemic,2026-02-25,
M00003057,P00884,E0004940,Atorvastatin,Lipid lowering,2026-02-25,
M00003058,P00884,E0004940,Albuterol,Bronchodilator,2026-02-25,
M00003059,P00884,E0004941,Atorvastatin,Lipid lowering,2026-07-21,2026-07-25
M00003060,P00884,E0004941,Metformin,Antihyperglycemic,2026-07-20,2026-07-25
M00003061,P00884,E0004941,Albuterol,Bronchodilator,2026-07-20,2026-07-25
M00003062,P00884,E0004941,Lisinopril,Antihypertensive,2026-07-21,
M00003063,P00884,E0004941,Amlodipine,Antihypertensive,2026-07-20,
M00003064,P00885,E0004944,Albuterol,Bronchodilator,2025-09-05,
M00003065,P00885,E0004944,Amlodipine,Antihypertensive,2025-09-06,
M00003066,P00885,E0004944,Atorvastatin,Lipid lowering,2025-09-06,
M00003067,P00885,E0004945,Furosemide,Diuretic,2025-11-15,2025-11-18
M00003068,P00885,E0004945,Amlodipine,Antihypertensive,2025-11-15,
M00003069,P00886,E0004953,Insulin glargine,Antihyperglycemic,2025-04-13,2025-04-16
M00003070,P00886,E0004953,Metformin,Antihyperglycemic,2025-04-12,
M00003071,P00887,E0004957,Apixaban,Anticoagulant,2025-02-18,
M00003072,P00889,E0004968,Apixaban,Anticoagulant,2025-07-30,2025-07-31
M00003073,P00890,E0004973,Furosemide,Diuretic,2025-03-18,
M00003074,P00890,E0004973,Insulin glargine,Antihyperglycemic,2025-03-19,2025-03-20
M00003075,P00890,E0004973,Amlodipine,Antihypertensive,2025-03-19,2025-03-20
M00003076,P00890,E0004974,Furosemide,Diuretic,2025-05-05,2025-05-09
M00003077,P00890,E0004974,Amlodipine,Antihypertensive,2025-05-05,2025-05-09
M00003078,P00890,E0004974,Apixaban,Anticoagulant,2025-05-05,
M00003079,P00890,E0004975,Atorvastatin,Lipid lowering,2025-07-07,
M00003080,P00890,E0004975,Metformin,Antihyperglycemic,2025-07-08,2025-07-10
M00003081,P00890,E0004975,Apixaban,Anticoagulant,2025-07-07,2025-07-10
M00003082,P00890,E0004975,Insulin glargine,Antihyperglycemic,2025-07-08,2025-07-10
M00003083,P00890,E0004975,Amlodipine,Antihypertensive,2025-07-08,2025-07-10
M00003084,P00891,E0004980,Metformin,Antihyperglycemic,2025-06-22,2025-06-25
M00003085,P00891,E0004980,Albuterol,Bronchodilator,2025-06-22,2025-06-25
M00003086,P00891,E0004980,Lisinopril,Antihypertensive,2025-06-21,
M00003087,P00891,E0004980,Insulin glargine,Antihyperglycemic,2025-06-21,2025-06-25
M00003088,P00891,E0004981,Lisinopril,Antihypertensive,2025-10-08,
M00003089,P00891,E0004982,Insulin glargine,Antihyperglycemic,2026-03-03,2026-03-08
M00003090,P00891,E0004982,Lisinopril,Antihypertensive,2026-03-02,2026-03-08
M00003091,P00891,E0004982,Apixaban,Anticoagulant,2026-03-02,
M00003092,P00891,E0004982,Furosemide,Diuretic,2026-03-02,2026-03-08
M00003093,P00891,E0004982,Metformin,Antihyperglycemic,2026-03-02,
M00003094,P00891,E0004982,Albuterol,Bronchodilator,2026-03-03,
M00003095,P00891,E0004982,Atorvastatin,Lipid lowering,2026-03-03,2026-03-08
M00003096,P00892,E0004986,Lisinopril,Antihypertensive,2025-04-18,
M00003097,P00893,E0004989,Atorvastatin,Lipid lowering,2025-12-07,2025-12-11
M00003098,P00893,E0004989,Lisinopril,Antihypertensive,2025-12-06,
M00003099,P00893,E0004989,Amlodipine,Antihypertensive,2025-12-07,
M00003100,P00893,E0004989,Furosemide,Diuretic,2025-12-07,2025-12-11
M00003101,P00894,E0004991,Albuterol,Bronchodilator,2025-07-20,2025-07-20
M00003102,P00894,E0004991,Insulin glargine,Antihyperglycemic,2025-07-19,
M00003103,P00896,E0005001,Metformin,Antihyperglycemic,2025-04-09,
M00003104,P00898,E0005006,Apixaban,Anticoagulant,2025-11-01,
M00003105,P00898,E0005006,Metformin,Antihyperglycemic,2025-11-01,
M00003106,P00898,E0005006,Furosemide,Diuretic,2025-11-01,
M00003107,P00899,E0005012,Albuterol,Bronchodilator,2025-01-13,
M00003108,P00899,E0005013,Furosemide,Diuretic,2025-03-09,
M00003109,P00900,E0005019,Atorvastatin,Lipid lowering,2025-08-09,
M00003110,P00900,E0005019,Lisinopril,Antihypertensive,2025-08-08,
M00003111,P00900,E0005019,Apixaban,Anticoagulant,2025-08-08,
M00003112,P00900,E0005019,Albuterol,Bronchodilator,2025-08-08,2025-08-09
M00003113,P00900,E0005020,Insulin glargine,Antihyperglycemic,2025-12-15,
M00003114,P00900,E0005020,Lisinopril,Antihypertensive,2025-12-15,
