observation_id,patient_id,encounter_id,observation_datetime,observation_code,observation_name,value_numeric,value_text,unit
O00000001,P00001,E0000008,2025-03-27 10:00:00,8867-4,Heart rate,65.0,,beats/min
O00000002,P00001,E0000008,2025-03-27 10:00:00,8310-5,Body temperature,36.4,,Cel
O00000003,P00002,E0000014,2025-02-26 10:00:00,8867-4,Heart rate,112.0,,beats/min
O00000004,P00002,E0000014,2025-02-26 10:00:00,8310-5,Body temperature,36.9,,Cel
O00000005,P00002,E0000015,2025-06-04 03:00:00,8867-4,Heart rate,65.0,,beats/min
O00000006,P00002,E0000015,2025-06-04 03:00:00,8310-5,Body temperature,37.1,,Cel
O00000007,P00002,E0000015,2025-06-04 04:00:00,8480-6,Systolic blood pressure,137.0,,mmHg
O00000007,P00002,E0000015,2025-06-04 04:00:00,8462-4,Diastolic blood pressure,88.0,,mmHg
O00000009,P00003,E0000020,2025-11-30 10:00:00,8867-4,Heart rate,82.0,,beats/min
O00000010,P00003,E0000020,2025-11-30 10:00:00,8310-5,Body temperature,36.9,,Cel
O00000011,P00003,E0000021,2026-03-07 19:00:00,8867-4,Heart rate,97.0,,beats/min
O00000012,P00003,E0000021,2026-03-07 19:00:00,8310-5,Body temperature,37.8,,Cel
O00000013,P00003,E0000022,2026-06-16 10:00:00,8867-4,Heart rate,80.0,,beats/min
O00000014,P00003,E0000022,2026-06-16 10:00:00,8310-5,Body temperature,37.5,,Cel
O00000015,P00004,E0000030,2025-04-30 10:00:00,8867-4,Heart rate,106.0,,beats/min
O00000016,P00004,E0000030,2025-04-30 10:00:00,8310-5,Body temperature,36.3,,Cel
O00000017,P00004,E0000030,2025-04-30 13:00:00,4548-4,Hemoglobin A1c,8.1,,%
O00000018,P00005,E0000032,2025-04-14 10:00:00,8867-4,Heart rate,58.0,,beats/min
O00000019,P00005,E0000032,2025-04-14 10:00:00,8310-5,Body temperature,36.6,,Cel
O00000020,P00005,E0000032,2025-04-14 13:00:00,4548-4,Hemoglobin A1c,8.1,,%
O00000021,P00006,E0000037,2025-08-20 10:00:00,8867-4,Heart rate,87.0,,beats/min
O00000022,P00006,E0000037,2025-08-20 10:00:00,8310-5,Body temperature,36.3,,Cel
O00000023,P00006,E0000038,2025-12-22 02:00:00,8867-4,Heart rate,108.0,,beats/min
O00000024,P00006,E0000038,2025-12-22 02:00:00,8310-5,Body temperature,36.2,,Cel
O00000025,P00007,E0000042,2025-08-19 10:00:00,8867-4,Heart rate,68.0,,beats/min
O00000026,P00007,E0000042,2025-08-19 10:00:00,8310-5,Body temperature,36.4,,Cel
O00000027,P00008,E0000048,2025-10-25 10:00:00,8867-4,Heart rate,94.0,,beats/min
O00000028,P00008,E0000048,2025-10-25 10:00:00,8310-5,Body temperature,37.8,,Cel
O00000029,P00009,E0000052,2025-09-27 10:00:00,8867-4,Heart rate,92.0,,beats/min
O00000030,P00009,E0000052,2025-09-27 10:00:00,8310-5,Body temperature,37.4,,Cel
O00000031,P00010,E0000060,2025-05-29 10:00:00,8867-4,Heart rate,99.0,,beats/min
O00000032,P00010,E0000060,2025-05-29 10:00:00,8310-5,Body temperature,36.5,,Cel
O00000033,P00010,E0000061,2025-08-05 04:00:00,8867-4,Heart rate,90.0,,beats/min
O00000034,P00010,E0000061,2025-08-05 04:00:00,8310-5,Body temperature,36.3,,Cel
O00000035,P00010,E0000061,2025-08-05 05:00:00,8480-6,Systolic blood pressure,138.0,,mmHg
O00000035,P00010,E0000061,2025-08-05 05:00:00,8462-4,Diastolic blood pressure,69.0,,mmHg
O00000037,P00011,E0000067,2025-03-02 10:00:00,8867-4,Heart rate,95.0,,beats/min
O00000038,P00011,E0000067,2025-03-02 10:00:00,8310-5,Body temperature,36.3,,Cel
O00000039,P00011,E0000067,2025-03-02 11:00:00,8480-6,Systolic blood pressure,121.0,,mmHg
O00000039,P00011,E0000067,2025-03-02 11:00:00,8462-4,Diastolic blood pressure,54.0,,mmHg
O00000041,P00013,E0000078,2025-03-27 10:00:00,8867-4,Heart rate,81.0,,beats/min
O00000042,P00013,E0000078,2025-03-27 10:00:00,8310-5,Body temperature,36.6,,Cel
O00000043,P00014,E0000085,2025-09-14 10:00:00,8867-4,Heart rate,91.0,,beats/min
O00000044,P00014,E0000085,2025-09-14 10:00:00,8310-5,Body temperature,36.5,,Cel
O00000045,P00014,E0000086,2025-10-04 22:00:00,8867-4,Heart rate,108.0,,beats/min
O00000046,P00014,E0000086,2025-10-04 22:00:00,8310-5,Body temperature,37.1,,Cel
O00000047,P00015,E0000093,2025-01-13 10:00:00,8867-4,Heart rate,80.0,,beats/min
O00000048,P00015,E0000093,2025-01-13 10:00:00,8310-5,Body temperature,37.8,,Cel
O00000049,P00016,E0000100,2025-06-14 10:00:00,8867-4,Heart rate,97.0,,beats/min
O00000050,P00016,E0000100,2025-06-14 10:00:00,8310-5,Body temperature,36.5,,Cel
O00000051,P00017,E0000106,2025-10-14 10:00:00,8867-4,Heart rate,76.0,,beats/min
O00000052,P00017,E0000106,2025-10-14 10:00:00,8310-5,Body temperature,35.8,,Cel
O00000053,P00018,E0000110,2025-12-04 10:00:00,8867-4,Heart rate,72.0,,beats/min
O00000054,P00018,E0000110,2025-12-04 10:00:00,8310-5,Body temperature,37.0,,Cel
O00000055,P00018,E0000110,2025-12-04 13:00:00,4548-4,Hemoglobin A1c,8.3,,%
O00000056,P00018,E0000111,2026-04-12 05:00:00,8867-4,Heart rate,78.0,,beats/min
O00000057,P00018,E0000111,2026-04-12 05:00:00,8310-5,Body temperature,37.8,,Cel
O00000058,P00018,E0000111,2026-04-12 08:00:00,4548-4,Hemoglobin A1c,5.4,,%
O00000059,P00018,E0000112,2026-07-01 17:00:00,8867-4,Heart rate,92.0,,beats/min
O00000060,P00018,E0000112,2026-07-01 17:00:00,8310-5,Body temperature,36.8,,Cel
O00000061,P00019,E0000115,2025-10-14 10:00:00,8867-4,Heart rate,95.0,,beats/min
O00000062,P00019,E0000115,2025-10-14 10:00:00,8310-5,Body temperature,37.5,,Cel
O00000063,P00019,E0000116,2026-02-16 03:00:00,8867-4,Heart rate,87.0,,beats/min
O00000064,P00019,E0000116,2026-02-16 03:00:00,8310-5,Body temperature,37.5,,Cel
O00000065,P00020,E0000122,2025-09-12 10:00:00,8867-4,Heart rate,69.0,,beats/min
O00000066,P00020,E0000122,2025-09-12 10:00:00,8310-5,Body temperature,38.0,,Cel
O00000067,P00020,E0000122,2025-09-12 11:00:00,8480-6,Systolic blood pressure,145.0,,mmHg
O00000067,P00020,E0000122,2025-09-12 11:00:00,8462-4,Diastolic blood pressure,97.0,,mmHg
O00000069,P00020,E0000123,2025-10-09 17:00:00,8867-4,Heart rate,98.0,,beats/min
O00000070,P00020,E0000123,2025-10-09 17:00:00,8310-5,Body temperature,36.8,,Cel
O00000071,P00020,E0000123,2025-10-09 18:00:00,8480-6,Systolic blood pressure,142.0,,mmHg
O00000071,P00020,E0000123,2025-10-09 18:00:00,8462-4,Diastolic blood pressure,74.0,,mmHg
O00000073,P00021,E0000128,2025-08-29 10:00:00,8867-4,Heart rate,101.0,,beats/min
O00000074,P00021,E0000128,2025-08-29 10:00:00,8310-5,Body temperature,37.5,,Cel
O00000075,P00021,E0000129,2025-10-17 23:00:00,8867-4,Heart rate,80.0,,beats/min
O00000076,P00021,E0000129,2025-10-17 23:00:00,8310-5,Body temperature,37.0,,Cel
O00000077,P00022,E0000135,2025-08-22 10:00:00,8867-4,Heart rate,103.0,,beats/min
O00000078,P00022,E0000135,2025-08-22 10:00:00,8310-5,Body temperature,36.7,,Cel
O00000079,P00023,E0000142,2025-04-29 10:00:00,8867-4,Heart rate,112.0,,beats/min
O00000080,P00023,E0000142,2025-04-29 10:00:00,8310-5,Body temperature,37.7,,Cel
O00000081,P00023,E0000142,2025-04-29 11:00:00,8480-6,Systolic blood pressure,122.0,,mmHg
O00000081,P00023,E0000142,2025-04-29 11:00:00,8462-4,Diastolic blood pressure,68.0,,mmHg
O00000083,P00023,E0000142,2025-04-29 13:00:00,4548-4,Hemoglobin A1c,8.9,,%
O00000084,P00024,E0000149,2025-05-16 10:00:00,8867-4,Heart rate,108.0,,beats/min
O00000085,P00024,E0000149,2025-05-16 10:00:00,8310-5,Body temperature,36.4,,Cel
O00000086,P00024,E0000150,2025-09-06 20:00:00,8867-4,Heart rate,76.0,,beats/min
O00000087,P00024,E0000150,2025-09-06 20:00:00,8310-5,Body temperature,36.1,,Cel
O00000088,P00025,E0000154,2025-10-23 10:00:00,8867-4,Heart rate,73.0,,beats/min
O00000089,P00025,E0000154,2025-10-23 10:00:00,8310-5,Body temperature,36.8,,Cel
O00000090,P00025,E0000154,2025-10-23 13:00:00,4548-4,Hemoglobin A1c,5.5,,%
O00000091,P00026,E0000162,2025-03-19 10:00:00,8867-4,Heart rate,91.0,,beats/min
O00000092,P00026,E0000162,2025-03-19 10:00:00,8310-5,Body temperature,36.4,,Cel
O00000093,P00026,E0000162,2025-03-19 11:00:00,8480-6,Systolic blood pressure,129.0,,mmHg
O00000093,P00026,E0000162,2025-03-19 11:00:00,8462-4,Diastolic blood pressure,77.0,,mmHg
O00000095,P00026,E0000162,2025-03-19 13:00:00,4548-4,Hemoglobin A1c,7.5,,%
O00000096,P00027,E0000168,2025-09-26 10:00:00,8867-4,Heart rate,104.0,,beats/min
O00000097,P00027,E0000168,2025-09-26 10:00:00,8310-5,Body temperature,38.1,,Cel
O00000098,P00027,E0000168,2025-09-26 11:00:00,8480-6,Systolic blood pressure,133.0,,mmHg
O00000098,P00027,E0000168,2025-09-26 11:00:00,8462-4,Diastolic blood pressure,92.0,,mmHg
O00000100,P00027,E0000169,2026-01-11 14:00:00,8867-4,Heart rate,82.0,,beats/min
O00000101,P00027,E0000169,2026-01-11 14:00:00,8310-5,Body temperature,36.2,,Cel
O00000102,P00027,E0000169,2026-01-11 15:00:00,8480-6,Systolic blood pressure,153.0,,mmHg
O00000102,P00027,E0000169,2026-01-11 15:00:00,8462-4,Diastolic blood pressure,83.0,,mmHg
O00000104,P00028,E0000173,2025-07-18 10:00:00,8867-4,Heart rate,96.0,,beats/min
O00000105,P00028,E0000173,2025-07-18 10:00:00,8310-5,Body temperature,35.3,,Cel
O00000106,P00029,E0000177,2025-03-19 10:00:00,8867-4,Heart rate,69.0,,beats/min
O00000107,P00029,E0000177,2025-03-19 10:00:00,8310-5,Body temperature,36.5,,Cel
O00000108,P00031,E0000189,2025-11-03 10:00:00,8867-4,Heart rate,109.0,,beats/min
O00000109,P00031,E0000189,2025-11-03 10:00:00,8310-5,Body temperature,36.6,,Cel
O00000110,P00031,E0000189,2025-11-03 13:00:00,4548-4,Hemoglobin A1c,6.8,,%
O00000111,P00031,E0000190,2025-11-28 01:00:00,8867-4,Heart rate,102.0,,beats/min
O00000112,P00031,E0000190,2025-11-28 01:00:00,8310-5,Body temperature,38.1,,Cel
O00000113,P00031,E0000190,2025-11-28 04:00:00,4548-4,Hemoglobin A1c,10.1,,%
O00000114,P00032,E0000192,2025-05-24 10:00:00,8867-4,Heart rate,98.0,,beats/min
O00000115,P00032,E0000192,2025-05-24 10:00:00,8310-5,Body temperature,35.6,,Cel
O00000116,P00032,E0000193,2025-10-19 03:00:00,8867-4,Heart rate,96.0,,beats/min
O00000117,P00032,E0000193,2025-10-19 03:00:00,8310-5,Body temperature,37.7,,Cel
O00000118,P00033,E0000199,2025-04-24 10:00:00,8867-4,Heart rate,69.0,,beats/min
O00000119,P00033,E0000199,2025-04-24 10:00:00,8310-5,Body temperature,35.8,,Cel
O00000120,P00033,E0000200,2025-09-07 19:00:00,8867-4,Heart rate,91.0,,beats/min
O00000121,P00033,E0000200,2025-09-07 19:00:00,8310-5,Body temperature,37.0,,Cel
O00000122,P00034,E0000205,2025-10-16 10:00:00,8867-4,Heart rate,110.0,,beats/min
O00000123,P00034,E0000205,2025-10-16 10:00:00,8310-5,Body temperature,38.2,,Cel
O00000124,P00035,E0000208,2025-09-19 10:00:00,8867-4,Heart rate,86.0,,beats/min
O00000125,P00035,E0000208,2025-09-19 10:00:00,8310-5,Body temperature,37.4,,Cel
O00000126,P00035,E0000209,2025-12-29 19:00:00,8867-4,Heart rate,76.0,,beats/min
O00000127,P00035,E0000209,2025-12-29 19:00:00,8310-5,Body temperature,36.6,,Cel
O00000128,P00036,E0000213,2025-10-17 10:00:00,8867-4,Heart rate,88.0,,beats/min
O00000129,P00036,E0000213,2025-10-17 10:00:00,8310-5,Body temperature,36.0,,Cel
O00000130,P00037,E0000220,2025-08-08 10:00:00,8867-4,Heart rate,74.0,,beats/min
O00000131,P00037,E0000220,2025-08-08 10:00:00,8310-5,Body temperature,36.4,,Cel
O00000132,P00038,E0000224,2025-02-18 10:00:00,8867-4,Heart rate,91.0,,beats/min
O00000133,P00038,E0000224,2025-02-18 10:00:00,8310-5,Body temperature,37.0,,Cel
O00000134,P00038,E0000225,2025-04-11 13:00:00,8867-4,Heart rate,96.0,,beats/min
O00000135,P00038,E0000225,2025-04-11 13:00:00,8310-5,Body temperature,37.0,,Cel
O00000136,P00039,E0000227,2025-07-09 10:00:00,8867-4,Heart rate,107.0,,beats/min
O00000137,P00039,E0000227,2025-07-09 10:00:00,8310-5,Body temperature,36.0,,Cel
O00000138,P00040,E0000234,2025-08-20 10:00:00,8867-4,Heart rate,109.0,,beats/min
O00000139,P00040,E0000234,2025-08-20 10:00:00,8310-5,Body temperature,38.2,,Cel
O00000140,P00041,E0000240,2025-03-22 10:00:00,8867-4,Heart rate,68.0,,beats/min
O00000141,P00041,E0000240,2025-03-22 10:00:00,8310-5,Body temperature,37.5,,Cel
O00000142,P00041,E0000240,2025-03-22 11:00:00,8480-6,Systolic blood pressure,150.0,,mmHg
O00000142,P00041,E0000240,2025-03-22 11:00:00,8462-4,Diastolic blood pressure,71.0,,mmHg
O00000144,P00042,E0000247,2025-05-02 10:00:00,8867-4,Heart rate,90.0,,beats/min
O00000145,P00042,E0000247,2025-05-02 10:00:00,8310-5,Body temperature,36.5,,Cel
O00000146,P00043,E0000250,2025-02-25 10:00:00,8867-4,Heart rate,98.0,,beats/min
O00000147,P00043,E0000250,2025-02-25 10:00:00,8310-5,Body temperature,37.3,,Cel
O00000148,P00043,E0000250,2025-02-25 11:00:00,8480-6,Systolic blood pressure,111.0,,mmHg
O00000148,P00043,E0000250,2025-02-25 11:00:00,8462-4,Diastolic blood pressure,73.0,,mmHg
O00000150,P00044,E0000254,2025-02-23 10:00:00,8867-4,Heart rate,86.0,,beats/min
O00000151,P00044,E0000254,2025-02-23 10:00:00,8310-5,Body temperature,36.4,,Cel
O00000152,P00045,E0000261,2025-06-13 10:00:00,8867-4,Heart rate,100.0,,beats/min
O00000153,P00045,E0000261,2025-06-13 10:00:00,8310-5,Body temperature,36.8,,Cel
O00000154,P00045,E0000262,2025-09-02 13:00:00,8867-4,Heart rate,88.0,,beats/min
O00000155,P00045,E0000262,2025-09-02 13:00:00,8310-5,Body temperature,37.6,,Cel
O00000156,P00045,E0000262,2025-09-02 16:00:00,4548-4,Hemoglobin A1c,8.4,,%
O00000157,P00046,E0000269,2025-04-29 10:00:00,8867-4,Heart rate,86.0,,beats/min
O00000158,P00046,E0000269,2025-04-29 10:00:00,8310-5,Body temperature,37.0,,Cel
O00000159,P00047,E0000271,2025-06-21 10:00:00,8867-4,Heart rate,64.0,,beats/min
O00000160,P00047,E0000271,2025-06-21 10:00:00,8310-5,Body temperature,35.9,,Cel
O00000161,P00047,E0000272,2025-08-07 21:00:00,8867-4,Heart rate,98.0,,beats/min
O00000162,P00047,E0000272,2025-08-07 21:00:00,8310-5,Body temperature,37.8,,Cel
O00000163,P00048,E0000278,2025-11-03 10:00:00,8867-4,Heart rate,105.0,,beats/min
O00000164,P00048,E0000278,2025-11-03 10:00:00,8310-5,Body temperature,37.5,,Cel
O00000165,P00049,E0000284,2025-08-26 10:00:00,8867-4,Heart rate,81.0,,beats/min
O00000166,P00049,E0000284,2025-08-26 10:00:00,8310-5,Body temperature,37.3,,Cel
O00000167,P00049,E0000285,2025-11-07 00:00:00,8867-4,Heart rate,79.0,,beats/min
O00000168,P00049,E0000285,2025-11-07 00:00:00,8310-5,Body temperature,37.9,,Cel
O00000169,P00050,E0000291,2025-04-10 10:00:00,8867-4,Heart rate,96.0,,beats/min
O00000170,P00050,E0000291,2025-04-10 10:00:00,8310-5,Body temperature,36.6,,Cel
O00000171,P00051,E0000296,2025-06-22 10:00:00,8867-4,Heart rate,87.0,,beats/min
O00000172,P00051,E0000296,2025-06-22 10:00:00,8310-5,Body temperature,36.2,,Cel
O00000173,P00051,E0000297,2025-06-28 08:00:00,8867-4,Heart rate,98.0,,beats/min
O00000174,P00051,E0000297,2025-06-28 08:00:00,8310-5,Body temperature,36.4,,Cel
O00000175,P00052,E0000301,2025-01-30 10:00:00,8867-4,Heart rate,68.0,,beats/min
O00000176,P00052,E0000301,2025-01-30 10:00:00,8310-5,Body temperature,37.6,,Cel
O00000177,P00052,E0000302,2025-02-12 20:00:00,8867-4,Heart rate,97.0,,beats/min
O00000178,P00052,E0000302,2025-02-12 20:00:00,8310-5,Body temperature,36.4,,Cel
O00000179,P00053,E0000306,2025-02-06 10:00:00,8867-4,Heart rate,124.0,,beats/min
O00000180,P00053,E0000306,2025-02-06 10:00:00,8310-5,Body temperature,37.2,,Cel
O00000181,P00053,E0000307,2025-02-22 23:00:00,8867-4,Heart rate,84.0,,beats/min
O00000182,P00053,E0000307,2025-02-22 23:00:00,8310-5,Body temperature,36.9,,Cel
O00000183,P00054,E0000311,2025-02-03 10:00:00,8867-4,Heart rate,86.0,,beats/min
O00000184,P00054,E0000311,2025-02-03 10:00:00,8310-5,Body temperature,37.2,,Cel
O00000185,P00054,E0000311,2025-02-03 11:00:00,8480-6,Systolic blood pressure,149.0,,mmHg
O00000185,P00054,E0000311,2025-02-03 11:00:00,8462-4,Diastolic blood pressure,94.0,,mmHg
O00000187,P00054,E0000312,2025-06-02 19:00:00,8867-4,Heart rate,86.0,,beats/min
O00000188,P00054,E0000312,2025-06-02 19:00:00,8310-5,Body temperature,38.1,,Cel
O00000189,P00054,E0000312,2025-06-02 20:00:00,8480-6,Systolic blood pressure,140.0,,mmHg
O00000189,P00054,E0000312,2025-06-02 20:00:00,8462-4,Diastolic blood pressure,83.0,,mmHg
O00000191,P00054,E0000313,2025-06-29 03:00:00,8867-4,Heart rate,100.0,,beats/min
O00000192,P00054,E0000313,2025-06-29 03:00:00,8310-5,Body temperature,36.6,,Cel
O00000193,P00054,E0000313,2025-06-29 04:00:00,8480-6,Systolic blood pressure,122.0,,mmHg
O00000193,P00054,E0000313,2025-06-29 04:00:00,8462-4,Diastolic blood pressure,75.0,,mmHg
O00000195,P00055,E0000319,2025-09-20 10:00:00,8867-4,Heart rate,88.0,,beats/min
O00000196,P00055,E0000319,2025-09-20 10:00:00,8310-5,Body temperature,38.0,,Cel
O00000197,P00055,E0000320,2025-10-09 03:00:00,8867-4,Heart rate,63.0,,beats/min
O00000198,P00055,E0000320,2025-10-09 03:00:00,8310-5,Body temperature,37.6,,Cel
O00000199,P00056,E0000327,2025-03-16 10:00:00,8867-4,Heart rate,82.0,,beats/min
O00000200,P00056,E0000327,2025-03-16 10:00:00,8310-5,Body temperature,37.2,,Cel
O00000201,P00056,E0000328,2025-07-24 20:00:00,8867-4,Heart rate,71.0,,beats/min
O00000202,P00056,E0000328,2025-07-24 20:00:00,8310-5,Body temperature,36.4,,Cel
O00000203,P00057,E0000333,2025-08-28 10:00:00,8867-4,Heart rate,68.0,,beats/min
O00000204,P00057,E0000333,2025-08-28 10:00:00,8310-5,Body temperature,36.6,,Cel
O00000205,P00058,E0000338,2025-02-11 10:00:00,8867-4,Heart rate,71.0,,beats/min
O00000206,P00058,E0000338,2025-02-11 10:00:00,8310-5,Body temperature,37.2,,Cel
O00000207,P00058,E0000339,2025-04-08 01:00:00,8867-4,Heart rate,92.0,,beats/min
O00000208,P00058,E0000339,2025-04-08 01:00:00,8310-5,Body temperature,37.5,,Cel
O00000209,P00059,E0000343,2025-08-19 10:00:00,8867-4,Heart rate,102.0,,beats/min
O00000210,P00059,E0000343,2025-08-19 10:00:00,8310-5,Body temperature,38.1,,Cel
O00000211,P00059,E0000343,2025-08-19 11:00:00,8480-6,Systolic blood pressure,142.0,,mmHg
O00000211,P00059,E0000343,2025-08-19 11:00:00,8462-4,Diastolic blood pressure,63.0,,mmHg
O00000213,P00059,E0000344,2025-12-28 17:00:00,8867-4,Heart rate,63.0,,beats/min
O00000214,P00059,E0000344,2025-12-28 17:00:00,8310-5,Body temperature,36.3,,Cel
O00000215,P00059,E0000344,2025-12-28 18:00:00,8480-6,Systolic blood pressure,157.0,,mmHg
O00000215,P00059,E0000344,2025-12-28 18:00:00,8462-4,Diastolic blood pressure,90.0,,mmHg
O00000217,P00059,E0000345,2026-01-23 05:00:00,8867-4,Heart rate,99.0,,beats/min
O00000218,P00059,E0000345,2026-01-23 05:00:00,8310-5,Body temperature,36.4,,Cel
O00000219,P00059,E0000345,2026-01-23 06:00:00,8480-6,Systolic blood pressure,146.0,,mmHg
O00000219,P00059,E0000345,2026-01-23 06:00:00,8462-4,Diastolic blood pressure,63.0,,mmHg
O00000221,P00060,E0000350,2025-03-27 10:00:00,8867-4,Heart rate,111.0,,beats/min
O00000222,P00060,E0000350,2025-03-27 10:00:00,8310-5,Body temperature,38.6,,Cel
O00000223,P00061,E0000353,2025-07-17 10:00:00,8867-4,Heart rate,62.0,,beats/min
O00000224,P00061,E0000353,2025-07-17 10:00:00,8310-5,Body temperature,38.5,,Cel
O00000225,P00061,E0000354,2025-10-14 19:00:00,8867-4,Heart rate,99.0,,beats/min
O00000226,P00061,E0000354,2025-10-14 19:00:00,8310-5,Body temperature,36.5,,Cel
O00000227,P00061,E0000355,2025-11-13 14:00:00,8867-4,Heart rate,95.0,,beats/min
O00000228,P00061,E0000355,2025-11-13 14:00:00,8310-5,Body temperature,37.9,,Cel
O00000229,P00062,E0000360,2025-04-09 10:00:00,8867-4,Heart rate,62.0,,beats/min
O00000230,P00062,E0000360,2025-04-09 10:00:00,8310-5,Body temperature,37.3,,Cel
O00000231,P00062,E0000361,2025-08-28 06:00:00,8867-4,Heart rate,102.0,,beats/min
O00000232,P00062,E0000361,2025-08-28 06:00:00,8310-5,Body temperature,36.9,,Cel
O00000233,P00063,E0000365,2025-10-05 10:00:00,8867-4,Heart rate,75.0,,beats/min
O00000234,P00063,E0000365,2025-10-05 10:00:00,8310-5,Body temperature,37.7,,Cel
O00000235,P00065,E0000382,2025-09-06 10:00:00,8867-4,Heart rate,81.0,,beats/min
O00000236,P00065,E0000382,2025-09-06 10:00:00,8310-5,Body temperature,37.0,,Cel
O00000237,P00065,E0000382,2025-09-06 11:00:00,8480-6,Systolic blood pressure,147.0,,mmHg
O00000237,P00065,E0000382,2025-09-06 11:00:00,8462-4,Diastolic blood pressure,93.0,,mmHg
O00000239,P00067,E0000387,2025-07-17 10:00:00,8867-4,Heart rate,60.0,,beats/min
O00000240,P00067,E0000387,2025-07-17 10:00:00,8310-5,Body temperature,36.9,,Cel
O00000241,P00067,E0000387,2025-07-17 11:00:00,8480-6,Systolic blood pressure,157.0,,mmHg
O00000241,P00067,E0000387,2025-07-17 11:00:00,8462-4,Diastolic blood pressure,72.0,,mmHg
O00000243,P00067,E0000387,2025-07-17 13:00:00,4548-4,Hemoglobin A1c,6.8,,%
O00000244,P00068,E0000390,2025-09-19 10:00:00,8867-4,Heart rate,111.0,,beats/min
O00000245,P00068,E0000390,2025-09-19 10:00:00,8310-5,Body temperature,36.4,,Cel
O00000246,P00068,E0000390,2025-09-19 11:00:00,8480-6,Systolic blood pressure,128.0,,mmHg
O00000246,P00068,E0000390,2025-09-19 11:00:00,8462-4,Diastolic blood pressure,75.0,,mmHg
O00000248,P00068,E0000391,2025-12-13 00:00:00,8867-4,Heart rate,85.0,,beats/min
O00000249,P00068,E0000391,2025-12-13 00:00:00,8310-5,Body temperature,35.8,,Cel
O00000250,P00068,E0000391,2025-12-13 01:00:00,8480-6,Systolic blood pressure,152.0,,mmHg
O00000250,P00068,E0000391,2025-12-13 01:00:00,8462-4,Diastolic blood pressure,80.0,,mmHg
O00000252,P00069,E0000397,2025-09-25 10:00:00,8867-4,Heart rate,102.0,,beats/min
O00000253,P00069,E0000397,2025-09-25 10:00:00,8310-5,Body temperature,37.2,,Cel
O00000254,P00069,E0000397,2025-09-25 11:00:00,8480-6,Systolic blood pressure,148.0,,mmHg
O00000254,P00069,E0000397,2025-09-25 11:00:00,8462-4,Diastolic blood pressure,68.0,,mmHg
O00000256,P00069,E0000398,2026-01-30 01:00:00,8867-4,Heart rate,81.0,,beats/min
O00000257,P00069,E0000398,2026-01-30 01:00:00,8310-5,Body temperature,36.8,,Cel
O00000258,P00069,E0000398,2026-01-30 02:00:00,8480-6,Systolic blood pressure,193.0,,mmHg
O00000258,P00069,E0000398,2026-01-30 02:00:00,8462-4,Diastolic blood pressure,93.0,,mmHg
O00000260,P00070,E0000404,2025-08-04 10:00:00,8867-4,Heart rate,82.0,,beats/min
O00000261,P00070,E0000404,2025-08-04 10:00:00,8310-5,Body temperature,36.0,,Cel
O00000262,P00071,E0000410,2025-08-19 10:00:00,8867-4,Heart rate,67.0,,beats/min
O00000263,P00071,E0000410,2025-08-19 10:00:00,8310-5,Body temperature,36.8,,Cel
O00000264,P00071,E0000410,2025-08-19 13:00:00,4548-4,Hemoglobin A1c,8.6,,%
O00000265,P00071,E0000411,2025-10-18 19:00:00,8867-4,Heart rate,79.0,,beats/min
O00000266,P00071,E0000411,2025-10-18 19:00:00,8310-5,Body temperature,36.6,,Cel
O00000267,P00071,E0000411,2025-10-18 22:00:00,4548-4,Hemoglobin A1c,9.0,,%
O00000268,P00072,E0000419,2025-10-15 10:00:00,8867-4,Heart rate,85.0,,beats/min
O00000269,P00072,E0000419,2025-10-15 10:00:00,8310-5,Body temperature,36.7,,Cel
O00000270,P00072,E0000420,2025-10-23 23:00:00,8867-4,Heart rate,63.0,,beats/min
O00000271,P00072,E0000420,2025-10-23 23:00:00,8310-5,Body temperature,37.2,,Cel
O00000272,P00073,E0000425,2025-01-20 10:00:00,8867-4,Heart rate,70.0,,beats/min
O00000273,P00073,E0000425,2025-01-20 10:00:00,8310-5,Body temperature,36.2,,Cel
O00000274,P00073,E0000425,2025-01-20 11:00:00,8480-6,Systolic blood pressure,125.0,,mmHg
O00000274,P00073,E0000425,2025-01-20 11:00:00,8462-4,Diastolic blood pressure,82.0,,mmHg
O00000276,P00073,E0000426,2025-01-29 18:00:00,8867-4,Heart rate,111.0,,beats/min
O00000277,P00073,E0000426,2025-01-29 18:00:00,8310-5,Body temperature,37.9,,Cel
O00000278,P00073,E0000426,2025-01-29 19:00:00,8480-6,Systolic blood pressure,163.0,,mmHg
O00000278,P00073,E0000426,2025-01-29 19:00:00,8462-4,Diastolic blood pressure,67.0,,mmHg
O00000280,P00073,E0000427,2025-02-23 04:00:00,8867-4,Heart rate,74.0,,beats/min
O00000281,P00073,E0000427,2025-02-23 04:00:00,8310-5,Body temperature,37.5,,Cel
O00000282,P00073,E0000427,2025-02-23 05:00:00,8480-6,Systolic blood pressure,103.0,,mmHg
O00000282,P00073,E0000427,2025-02-23 05:00:00,8462-4,Diastolic blood pressure,95.0,,mmHg
O00000284,P00074,E0000432,2025-04-19 10:00:00,8867-4,Heart rate,82.0,,beats/min
O00000285,P00074,E0000432,2025-04-19 10:00:00,8310-5,Body temperature,36.6,,Cel
O00000286,P00074,E0000432,2025-04-19 13:00:00,4548-4,Hemoglobin A1c,8.9,,%
O00000287,P00074,E0000433,2025-06-15 20:00:00,8867-4,Heart rate,78.0,,beats/min
O00000288,P00074,E0000433,2025-06-15 20:00:00,8310-5,Body temperature,38.2,,Cel
O00000289,P00074,E0000433,2025-06-15 23:00:00,4548-4,Hemoglobin A1c,7.2,,%
O00000290,P00075,E0000441,2025-01-27 10:00:00,8867-4,Heart rate,92.0,,beats/min
O00000291,P00075,E0000441,2025-01-27 10:00:00,8310-5,Body temperature,37.2,,Cel
O00000292,P00075,E0000442,2025-04-07 21:00:00,8867-4,Heart rate,63.0,,beats/min
O00000293,P00075,E0000442,2025-04-07 21:00:00,8310-5,Body temperature,37.5,,Cel
O00000294,P00075,E0000442,2025-04-08 00:00:00,4548-4,Hemoglobin A1c,7.1,,%
O00000295,P00077,E0000450,2025-04-06 10:00:00,8867-4,Heart rate,70.0,,beats/min
O00000296,P00077,E0000450,2025-04-06 10:00:00,8310-5,Body temperature,36.9,,Cel
O00000297,P00078,E0000454,2025-05-08 10:00:00,8867-4,Heart rate,105.0,,beats/min
O00000298,P00078,E0000454,2025-05-08 10:00:00,8310-5,Body temperature,37.1,,Cel
O00000299,P00080,E0000463,2025-08-09 10:00:00,8867-4,Heart rate,79.0,,beats/min
O00000300,P00080,E0000463,2025-08-09 10:00:00,8310-5,Body temperature,37.7,,Cel
O00000301,P00080,E0000463,2025-08-09 11:00:00,8480-6,Systolic blood pressure,169.0,,mmHg
O00000301,P00080,E0000463,2025-08-09 11:00:00,8462-4,Diastolic blood pressure,64.0,,mmHg
O00000303,P00081,E0000467,2025-04-21 10:00:00,8867-4,Heart rate,70.0,,beats/min
O00000304,P00081,E0000467,2025-04-21 10:00:00,8310-5,Body temperature,38.0,,Cel
O00000305,P00081,E0000467,2025-04-21 11:00:00,8480-6,Systolic blood pressure,119.0,,mmHg
O00000305,P00081,E0000467,2025-04-21 11:00:00,8462-4,Diastolic blood pressure,66.0,,mmHg
O00000307,P00081,E0000468,2025-08-02 01:00:00,8867-4,Heart rate,92.0,,beats/min
O00000308,P00081,E0000468,2025-08-02 01:00:00,8310-5,Body temperature,36.6,,Cel
O00000309,P00081,E0000468,2025-08-02 02:00:00,8480-6,Systolic blood pressure,125.0,,mmHg
O00000309,P00081,E0000468,2025-08-02 02:00:00,8462-4,Diastolic blood pressure,76.0,,mmHg
O00000311,P00081,E0000469,2026-01-01 10:00:00,8867-4,Heart rate,73.0,,beats/min
O00000312,P00081,E0000469,2026-01-01 10:00:00,8310-5,Body temperature,36.3,,Cel
O00000313,P00081,E0000469,2026-01-01 11:00:00,8480-6,Systolic blood pressure,122.0,,mmHg
O00000313,P00081,E0000469,2026-01-01 11:00:00,8462-4,Diastolic blood pressure,50.0,,mmHg
O00000315,P00083,E0000475,2025-03-05 10:00:00,8867-4,Heart rate,77.0,,beats/min
O00000316,P00083,E0000475,2025-03-05 10:00:00,8310-5,Body temperature,37.2,,Cel
O00000317,P00083,E0000476,2025-05-02 20:00:00,8867-4,Heart rate,94.0,,beats/min
O00000318,P00083,E0000476,2025-05-02 20:00:00,8310-5,Body temperature,36.1,,Cel
O00000319,P00084,E0000480,2025-02-23 10:00:00,8867-4,Heart rate,79.0,,beats/min
O00000320,P00084,E0000480,2025-02-23 10:00:00,8310-5,Body temperature,37.4,,Cel
O00000321,P00085,E0000483,2025-08-03 10:00:00,8867-4,Heart rate,70.0,,beats/min
O00000322,P00085,E0000483,2025-08-03 10:00:00,8310-5,Body temperature,37.0,,Cel
O00000323,P00086,E0000486,2025-07-31 10:00:00,8867-4,Heart rate,58.0,,beats/min
O00000324,P00086,E0000486,2025-07-31 10:00:00,8310-5,Body temperature,35.7,,Cel
O00000325,P00087,E0000496,2025-02-01 10:00:00,8867-4,Heart rate,71.0,,beats/min
O00000326,P00087,E0000496,2025-02-01 10:00:00,8310-5,Body temperature,35.6,,Cel
O00000327,P00088,E0000500,2025-08-14 10:00:00,8867-4,Heart rate,93.0,,beats/min
O00000328,P00088,E0000500,2025-08-14 10:00:00,8310-5,Body temperature,36.4,,Cel
O00000329,P00088,E0000501,2025-12-23 17:00:00,8867-4,Heart rate,73.0,,beats/min
O00000330,P00088,E0000501,2025-12-23 17:00:00,8310-5,Body temperature,37.8,,Cel
O00000331,P00089,E0000503,2025-02-13 10:00:00,8867-4,Heart rate,69.0,,beats/min
O00000332,P00089,E0000503,2025-02-13 10:00:00,8310-5,Body temperature,35.8,,Cel
O00000333,P00089,E0000503,2025-02-13 11:00:00,8480-6,Systolic blood pressure,124.0,,mmHg
O00000333,P00089,E0000503,2025-02-13 11:00:00,8462-4,Diastolic blood pressure,62.0,,mmHg
O00000335,P00090,E0000509,2025-09-01 10:00:00,8867-4,Heart rate,48.0,,beats/min
O00000336,P00090,E0000509,2025-09-01 10:00:00,8310-5,Body temperature,36.1,,Cel
O00000337,P00090,E0000509,2025-09-01 11:00:00,8480-6,Systolic blood pressure,129.0,,mmHg
O00000337,P00090,E0000509,2025-09-01 11:00:00,8462-4,Diastolic blood pressure,74.0,,mmHg
O00000339,P00091,E0000515,2025-07-15 10:00:00,8867-4,Heart rate,74.0,,beats/min
O00000340,P00091,E0000515,2025-07-15 10:00:00,8310-5,Body temperature,36.8,,Cel
O00000341,P00091,E0000515,2025-07-15 11:00:00,8480-6,Systolic blood pressure,128.0,,mmHg
O00000341,P00091,E0000515,2025-07-15 11:00:00,8462-4,Diastolic blood pressure,67.0,,mmHg
O00000343,P00091,E0000516,2025-08-10 23:00:00,8867-4,Heart rate,60.0,,beats/min
O00000344,P00091,E0000516,2025-08-10 23:00:00,8310-5,Body temperature,38.2,,Cel
O00000345,P00091,E0000516,2025-08-11 00:00:00,8480-6,Systolic blood pressure,116.0,,mmHg
O00000345,P00091,E0000516,2025-08-11 00:00:00,8462-4,Diastolic blood pressure,84.0,,mmHg
O00000347,P00091,E0000517,2025-08-27 15:00:00,8867-4,Heart rate,82.0,,beats/min
O00000348,P00091,E0000517,2025-08-27 15:00:00,8310-5,Body temperature,36.8,,Cel
O00000349,P00092,E0000520,2025-08-21 10:00:00,8867-4,Heart rate,100.0,,beats/min
O00000350,P00092,E0000520,2025-08-21 10:00:00,8310-5,Body temperature,36.4,,Cel
O00000351,P00092,E0000521,2025-12-11 19:00:00,8867-4,Heart rate,75.0,,beats/min
O00000352,P00092,E0000521,2025-12-11 19:00:00,8310-5,Body temperature,36.6,,Cel
O00000353,P00094,E0000533,2025-09-17 10:00:00,8867-4,Heart rate,76.0,,beats/min
O00000354,P00094,E0000533,2025-09-17 10:00:00,8310-5,Body temperature,36.5,,Cel
O00000355,P00094,E0000533,2025-09-17 11:00:00,8480-6,Systolic blood pressure,165.0,,mmHg
O00000355,P00094,E0000533,2025-09-17 11:00:00,8462-4,Diastolic blood pressure,74.0,,mmHg
O00000357,P00094,E0000534,2026-01-05 20:00:00,8867-4,Heart rate,89.0,,beats/min
O00000358,P00094,E0000534,2026-01-05 20:00:00,8310-5,Body temperature,36.9,,Cel
O00000359,P00094,E0000534,2026-01-05 21:00:00,8480-6,Systolic blood pressure,133.0,,mmHg
O00000359,P00094,E0000534,2026-01-05 21:00:00,8462-4,Diastolic blood pressure,75.0,,mmHg
O00000361,P00095,E0000539,2025-07-07 10:00:00,8867-4,Heart rate,98.0,,beats/min
O00000362,P00095,E0000539,2025-07-07 10:00:00,8310-5,Body temperature,36.3,,Cel
O00000363,P00096,E0000543,2025-04-17 10:00:00,8867-4,Heart rate,97.0,,beats/min
O00000364,P00096,E0000543,2025-04-17 10:00:00,8310-5,Body temperature,38.2,,Cel
O00000365,P00097,E0000550,2025-04-28 10:00:00,8867-4,Heart rate,81.0,,beats/min
O00000366,P00097,E0000550,2025-04-28 10:00:00,8310-5,Body temperature,37.6,,Cel
O00000367,P00098,E0000553,2025-09-16 10:00:00,8867-4,Heart rate,102.0,,beats/min
O00000368,P00098,E0000553,2025-09-16 10:00:00,8310-5,Body temperature,36.4,,Cel
O00000369,P00098,E0000553,2025-09-16 11:00:00,8480-6,Systolic blood pressure,111.0,,mmHg
O00000369,P00098,E0000553,2025-09-16 11:00:00,8462-4,Diastolic blood pressure,63.0,,mmHg
O00000371,P00098,E0000554,2025-11-09 02:00:00,8867-4,Heart rate,91.0,,beats/min
O00000372,P00098,E0000554,2025-11-09 02:00:00,8310-5,Body temperature,36.2,,Cel
O00000373,P00098,E0000554,2025-11-09 03:00:00,8480-6,Systolic blood pressure,120.0,,mmHg
O00000373,P00098,E0000554,2025-11-09 03:00:00,8462-4,Diastolic blood pressure,74.0,,mmHg
O00000375,P00099,E0000561,2025-08-24 10:00:00,8867-4,Heart rate,81.0,,beats/min
O00000376,P00099,E0000561,2025-08-24 10:00:00,8310-5,Body temperature,35.5,,Cel
O00000377,P00099,E0000562,2026-01-07 18:00:00,8867-4,Heart rate,53.0,,beats/min
O00000378,P00099,E0000562,2026-01-07 18:00:00,8310-5,Body temperature,36.1,,Cel
O00000379,P00099,E0000562,2026-01-07 21:00:00,4548-4,Hemoglobin A1c,8.6,,%
O00000380,P00100,E0000566,2025-10-21 10:00:00,8867-4,Heart rate,62.0,,beats/min
O00000381,P00100,E0000566,2025-10-21 10:00:00,8310-5,Body temperature,38.1,,Cel
O00000382,P00101,E0000575,2025-08-20 10:00:00,8867-4,Heart rate,66.0,,beats/min
O00000383,P00101,E0000575,2025-08-20 10:00:00,8310-5,Body temperature,38.1,,Cel
O00000384,P00101,E0000575,2025-08-20 13:00:00,4548-4,Hemoglobin A1c,8.3,,%
O00000385,P00102,E0000580,2025-08-08 10:00:00,8867-4,Heart rate,88.0,,beats/min
O00000386,P00102,E0000580,2025-08-08 10:00:00,8310-5,Body temperature,36.6,,Cel
O00000387,P00103,E0000584,2025-04-06 10:00:00,8867-4,Heart rate,117.0,,beats/min
O00000388,P00103,E0000584,2025-04-06 10:00:00,8310-5,Body temperature,37.7,,Cel
O00000389,P00103,E0000584,2025-04-06 11:00:00,8480-6,Systolic blood pressure,155.0,,mmHg
O00000389,P00103,E0000584,2025-04-06 11:00:00,8462-4,Diastolic blood pressure,69.0,,mmHg
O00000391,P00103,E0000584,2025-04-06 13:00:00,4548-4,Hemoglobin A1c,7.0,,%
O00000392,P00104,E0000589,2025-08-04 10:00:00,8867-4,Heart rate,72.0,,beats/min
O00000393,P00104,E0000589,2025-08-04 10:00:00,8310-5,Body temperature,36.7,,Cel
O00000394,P00104,E0000590,2025-11-11 20:00:00,8867-4,Heart rate,83.0,,beats/min
O00000395,P00104,E0000590,2025-11-11 20:00:00,8310-5,Body temperature,36.6,,Cel
O00000396,P00105,E0000594,2025-03-14 10:00:00,8867-4,Heart rate,112.0,,beats/min
O00000397,P00105,E0000594,2025-03-14 10:00:00,8310-5,Body temperature,36.0,,Cel
O00000398,P00105,E0000595,2025-07-22 03:00:00,8867-4,Heart rate,61.0,,beats/min
O00000399,P00105,E0000595,2025-07-22 03:00:00,8310-5,Body temperature,38.2,,Cel
O00000400,P00106,E0000600,2025-09-18 10:00:00,8867-4,Heart rate,78.0,,beats/min
O00000401,P00106,E0000600,2025-09-18 10:00:00,8310-5,Body temperature,37.2,,Cel
O00000402,P00106,E0000600,2025-09-18 11:00:00,8480-6,Systolic blood pressure,165.0,,mmHg
O00000402,P00106,E0000600,2025-09-18 11:00:00,8462-4,Diastolic blood pressure,85.0,,mmHg
O00000404,P00106,E0000601,2026-02-12 00:00:00,8867-4,Heart rate,120.0,,beats/min
O00000405,P00106,E0000601,2026-02-12 00:00:00,8310-5,Body temperature,36.8,,Cel
O00000406,P00106,E0000601,2026-02-12 01:00:00,8480-6,Systolic blood pressure,120.0,,mmHg
O00000406,P00106,E0000601,2026-02-12 01:00:00,8462-4,Diastolic blood pressure,91.0,,mmHg
O00000408,P00107,E0000608,2025-05-20 10:00:00,8867-4,Heart rate,82.0,,beats/min
O00000409,P00107,E0000608,2025-05-20 10:00:00,8310-5,Body temperature,36.9,,Cel
O00000410,P00108,E0000612,2025-07-22 10:00:00,8867-4,Heart rate,98.0,,beats/min
O00000411,P00108,E0000612,2025-07-22 10:00:00,8310-5,Body temperature,37.9,,Cel
O00000412,P00110,E0000618,2025-04-13 10:00:00,8867-4,Heart rate,61.0,,beats/min
O00000413,P00110,E0000618,2025-04-13 10:00:00,8310-5,Body temperature,35.7,,Cel
O00000414,P00111,E0000620,2025-09-05 10:00:00,8867-4,Heart rate,85.0,,beats/min
O00000415,P00111,E0000620,2025-09-05 10:00:00,8310-5,Body temperature,35.6,,Cel
O00000416,P00111,E0000620,2025-09-05 11:00:00,8480-6,Systolic blood pressure,117.0,,mmHg
O00000416,P00111,E0000620,2025-09-05 11:00:00,8462-4,Diastolic blood pressure,80.0,,mmHg
O00000418,P00112,E0000627,2025-05-03 10:00:00,8867-4,Heart rate,71.0,,beats/min
O00000419,P00112,E0000627,2025-05-03 10:00:00,8310-5,Body temperature,37.3,,Cel
O00000420,P00113,E0000630,2025-01-24 10:00:00,8867-4,Heart rate,116.0,,beats/min
O00000421,P00113,E0000630,2025-01-24 10:00:00,8310-5,Body temperature,37.5,,Cel
O00000422,P00113,E0000631,2025-04-12 20:00:00,8867-4,Heart rate,68.0,,beats/min
O00000423,P00113,E0000631,2025-04-12 20:00:00,8310-5,Body temperature,37.5,,Cel
O00000424,P00115,E0000645,2025-02-20 10:00:00,8867-4,Heart rate,121.0,,beats/min
O00000425,P00115,E0000645,2025-02-20 10:00:00,8310-5,Body temperature,36.6,,Cel
O00000426,P00115,E0000646,2025-04-18 05:00:00,8867-4,Heart rate,96.0,,beats/min
O00000427,P00115,E0000646,2025-04-18 05:00:00,8310-5,Body temperature,36.9,,Cel
O00000428,P00116,E0000650,2025-05-30 10:00:00,8867-4,Heart rate,90.0,,beats/min
O00000429,P00116,E0000650,2025-05-30 10:00:00,8310-5,Body temperature,36.2,,Cel
O00000430,P00117,E0000655,2025-08-07 10:00:00,8867-4,Heart rate,50.0,,beats/min
O00000431,P00117,E0000655,2025-08-07 10:00:00,8310-5,Body temperature,37.4,,Cel
O00000432,P00117,E0000656,2025-12-19 06:00:00,8867-4,Heart rate,93.0,,beats/min
O00000433,P00117,E0000656,2025-12-19 06:00:00,8310-5,Body temperature,37.1,,Cel
O00000434,P00118,E0000660,2025-03-12 10:00:00,8867-4,Heart rate,82.0,,beats/min
O00000435,P00118,E0000660,2025-03-12 10:00:00,8310-5,Body temperature,38.1,,Cel
O00000436,P00119,E0000667,2025-10-08 10:00:00,8867-4,Heart rate,48.0,,beats/min
O00000437,P00119,E0000667,2025-10-08 10:00:00,8310-5,Body temperature,36.4,,Cel
O00000438,P00120,E0000674,2025-02-23 10:00:00,8867-4,Heart rate,78.0,,beats/min
O00000439,P00120,E0000674,2025-02-23 10:00:00,8310-5,Body temperature,36.7,,Cel
O00000440,P00120,E0000675,2025-04-21 03:00:00,8867-4,Heart rate,72.0,,beats/min
O00000441,P00120,E0000675,2025-04-21 03:00:00,8310-5,Body temperature,36.1,,Cel
O00000442,P00121,E0000677,2025-02-21 10:00:00,8867-4,Heart rate,76.0,,beats/min
O00000443,P00121,E0000677,2025-02-21 10:00:00,8310-5,Body temperature,36.5,,Cel
O00000444,P00121,E0000678,2025-05-26 20:00:00,8867-4,Heart rate,80.0,,beats/min
O00000445,P00121,E0000678,2025-05-26 20:00:00,8310-5,Body temperature,37.4,,Cel
O00000446,P00121,E0000679,2025-09-03 05:00:00,8867-4,Heart rate,99.0,,beats/min
O00000447,P00121,E0000679,2025-09-03 05:00:00,8310-5,Body temperature,37.5,,Cel
O00000448,P00122,E0000685,2025-10-10 10:00:00,8867-4,Heart rate,48.0,,beats/min
O00000449,P00122,E0000685,2025-10-10 10:00:00,8310-5,Body temperature,37.9,,Cel
O00000450,P00122,E0000685,2025-10-10 13:00:00,4548-4,Hemoglobin A1c,8.6,,%
O00000451,P00123,E0000690,2025-02-13 10:00:00,8867-4,Heart rate,79.0,,beats/min
O00000452,P00123,E0000690,2025-02-13 10:00:00,8310-5,Body temperature,38.1,,Cel
O00000453,P00124,E0000696,2025-07-08 10:00:00,8867-4,Heart rate,98.0,,beats/min
O00000454,P00124,E0000696,2025-07-08 10:00:00,8310-5,Body temperature,36.9,,Cel
O00000455,P00124,E0000697,2025-10-31 23:00:00,8867-4,Heart rate,89.0,,beats/min
O00000456,P00124,E0000697,2025-10-31 23:00:00,8310-5,Body temperature,36.8,,Cel
O00000457,P00125,E0000702,2025-06-12 10:00:00,8867-4,Heart rate,51.0,,beats/min
O00000458,P00125,E0000702,2025-06-12 10:00:00,8310-5,Body temperature,38.2,,Cel
O00000459,P00125,E0000703,2025-09-06 00:00:00,8867-4,Heart rate,115.0,,beats/min
O00000460,P00125,E0000703,2025-09-06 00:00:00,8310-5,Body temperature,37.1,,Cel
O00000461,P00126,E0000707,2025-07-12 10:00:00,8867-4,Heart rate,70.0,,beats/min
O00000462,P00126,E0000707,2025-07-12 10:00:00,8310-5,Body temperature,37.1,,Cel
O00000463,P00127,E0000710,2025-02-04 10:00:00,8867-4,Heart rate,74.0,,beats/min
O00000464,P00127,E0000710,2025-02-04 10:00:00,8310-5,Body temperature,36.8,,Cel
O00000465,P00128,E0000717,2025-07-14 10:00:00,8867-4,Heart rate,48.0,,beats/min
O00000466,P00128,E0000717,2025-07-14 10:00:00,8310-5,Body temperature,36.4,,Cel
O00000467,P00128,E0000718,2025-12-12 19:00:00,8867-4,Heart rate,91.0,,beats/min
O00000468,P00128,E0000718,2025-12-12 19:00:00,8310-5,Body temperature,38.4,,Cel
O00000469,P00128,E0000719,2026-03-15 05:00:00,8867-4,Heart rate,65.0,,beats/min
O00000470,P00128,E0000719,2026-03-15 05:00:00,8310-5,Body temperature,37.4,,Cel
O00000471,P00130,E0000730,2025-10-13 10:00:00,8867-4,Heart rate,104.0,,beats/min
O00000472,P00130,E0000730,2025-10-13 10:00:00,8310-5,Body temperature,37.3,,Cel
O00000473,P00131,E0000736,2025-03-13 10:00:00,8867-4,Heart rate,72.0,,beats/min
O00000474,P00131,E0000736,2025-03-13 10:00:00,8310-5,Body temperature,36.3,,Cel
O00000475,P00131,E0000736,2025-03-13 13:00:00,4548-4,Hemoglobin A1c,9.1,,%
O00000476,P00132,E0000740,2025-02-09 10:00:00,8867-4,Heart rate,91.0,,beats/min
O00000477,P00132,E0000740,2025-02-09 10:00:00,8310-5,Body temperature,36.6,,Cel
O00000478,P00132,E0000740,2025-02-09 13:00:00,4548-4,Hemoglobin A1c,7.1,,%
O00000479,P00134,E0000748,2025-10-23 10:00:00,8867-4,Heart rate,68.0,,beats/min
O00000480,P00134,E0000748,2025-10-23 10:00:00,8310-5,Body temperature,36.1,,Cel
O00000481,P00134,E0000748,2025-10-23 13:00:00,4548-4,Hemoglobin A1c,8.4,,%
O00000482,P00135,E0000754,2025-10-31 10:00:00,8867-4,Heart rate,90.0,,beats/min
O00000483,P00135,E0000754,2025-10-31 10:00:00,8310-5,Body temperature,37.0,,Cel
O00000484,P00135,E0000754,2025-10-31 11:00:00,8480-6,Systolic blood pressure,138.0,,mmHg
O00000484,P00135,E0000754,2025-10-31 11:00:00,8462-4,Diastolic blood pressure,77.0,,mmHg
O00000486,P00135,E0000755,2026-02-13 02:00:00,8867-4,Heart rate,84.0,,beats/min
O00000487,P00135,E0000755,2026-02-13 02:00:00,8310-5,Body temperature,38.4,,Cel
O00000488,P00135,E0000755,2026-02-13 03:00:00,8480-6,Systolic blood pressure,154.0,,mmHg
O00000488,P00135,E0000755,2026-02-13 03:00:00,8462-4,Diastolic blood pressure,77.0,,mmHg
O00000490,P00136,E0000762,2025-07-28 10:00:00,8867-4,Heart rate,86.0,,beats/min
O00000491,P00136,E0000762,2025-07-28 10:00:00,8310-5,Body temperature,36.4,,Cel
O00000492,P00137,E0000765,2025-03-29 10:00:00,8867-4,Heart rate,89.0,,beats/min
O00000493,P00137,E0000765,2025-03-29 10:00:00,8310-5,Body temperature,36.7,,Cel
O00000494,P00138,E0000771,2025-10-27 10:00:00,8867-4,Heart rate,91.0,,beats/min
O00000495,P00138,E0000771,2025-10-27 10:00:00,8310-5,Body temperature,37.5,,Cel
O00000496,P00138,E0000771,2025-10-27 13:00:00,4548-4,Hemoglobin A1c,7.5,,%
O00000497,P00138,E0000772,2026-02-19 22:00:00,8867-4,Heart rate,70.0,,beats/min
O00000498,P00138,E0000772,2026-02-19 22:00:00,8310-5,Body temperature,38.0,,Cel
O00000499,P00138,E0000772,2026-02-20 01:00:00,4548-4,Hemoglobin A1c,6.0,,%
O00000500,P00139,E0000775,2025-08-09 10:00:00,8867-4,Heart rate,81.0,,beats/min
O00000501,P00139,E0000775,2025-08-09 10:00:00,8310-5,Body temperature,37.9,,Cel
O00000502,P00139,E0000776,2025-10-12 00:00:00,8867-4,Heart rate,65.0,,beats/min
O00000503,P00139,E0000776,2025-10-12 00:00:00,8310-5,Body temperature,38.0,,Cel
O00000504,P00140,E0000781,2025-01-16 10:00:00,8867-4,Heart rate,66.0,,beats/min
O00000505,P00140,E0000781,2025-01-16 10:00:00,8310-5,Body temperature,38.0,,Cel
O00000506,P00141,E0000787,2025-09-18 10:00:00,8867-4,Heart rate,70.0,,beats/min
O00000507,P00141,E0000787,2025-09-18 10:00:00,8310-5,Body temperature,36.9,,Cel
O00000508,P00141,E0000788,2026-01-03 01:00:00,8867-4,Heart rate,74.0,,beats/min
O00000509,P00141,E0000788,2026-01-03 01:00:00,8310-5,Body temperature,38.1,,Cel
O00000510,P00142,E0000795,2025-06-21 10:00:00,8867-4,Heart rate,100.0,,beats/min
O00000511,P00142,E0000795,2025-06-21 10:00:00,8310-5,Body temperature,37.2,,Cel
O00000512,P00142,E0000796,2025-09-14 18:00:00,8867-4,Heart rate,92.0,,beats/min
O00000513,P00142,E0000796,2025-09-14 18:00:00,8310-5,Body temperature,37.2,,Cel
O00000514,P00143,E0000801,2025-02-10 10:00:00,8867-4,Heart rate,65.0,,beats/min
O00000515,P00143,E0000801,2025-02-10 10:00:00,8310-5,Body temperature,36.7,,Cel
O00000516,P00143,E0000802,2025-05-06 17:00:00,8867-4,Heart rate,50.0,,beats/min
O00000517,P00143,E0000802,2025-05-06 17:00:00,8310-5,Body temperature,37.1,,Cel
O00000518,P00144,E0000807,2025-03-26 10:00:00,8867-4,Heart rate,90.0,,beats/min
O00000519,P00144,E0000807,2025-03-26 10:00:00,8310-5,Body temperature,37.0,,Cel
O00000520,P00144,E0000808,2025-04-14 04:00:00,8867-4,Heart rate,79.0,,beats/min
O00000521,P00144,E0000808,2025-04-14 04:00:00,8310-5,Body temperature,37.8,,Cel
O00000522,P00145,E0000814,2025-06-18 10:00:00,8867-4,Heart rate,69.0,,beats/min
O00000523,P00145,E0000814,2025-06-18 10:00:00,8310-5,Body temperature,37.4,,Cel
O00000524,P00146,E0000820,2025-03-27 10:00:00,8867-4,Heart rate,86.0,,beats/min
O00000525,P00146,E0000820,2025-03-27 10:00:00,8310-5,Body temperature,35.7,,Cel
O00000526,P00146,E0000820,2025-03-27 13:00:00,4548-4,Hemoglobin A1c,8.9,,%
O00000527,P00146,E0000821,2025-06-03 06:00:00,8867-4,Heart rate,71.0,,beats/min
O00000528,P00146,E0000821,2025-06-03 06:00:00,8310-5,Body temperature,37.1,,Cel
O00000529,P00146,E0000821,2025-06-03 09:00:00,4548-4,Hemoglobin A1c,5.3,,%
O00000530,P00146,E0000822,2025-08-19 14:00:00,8867-4,Heart rate,80.0,,beats/min
O00000531,P00146,E0000822,2025-08-19 14:00:00,8310-5,Body temperature,36.7,,Cel
O00000532,P00146,E0000822,2025-08-19 17:00:00,4548-4,Hemoglobin A1c,7.7,,%
O00000533,P00147,E0000825,2025-06-22 10:00:00,8867-4,Heart rate,60.0,,beats/min
O00000534,P00147,E0000825,2025-06-22 10:00:00,8310-5,Body temperature,36.3,,Cel
O00000535,P00147,E0000825,2025-06-22 11:00:00,8480-6,Systolic blood pressure,136.0,,mmHg
O00000535,P00147,E0000825,2025-06-22 11:00:00,8462-4,Diastolic blood pressure,79.0,,mmHg
O00000537,P00148,E0000830,2025-05-17 10:00:00,8867-4,Heart rate,96.0,,beats/min
O00000538,P00148,E0000830,2025-05-17 10:00:00,8310-5,Body temperature,37.0,,Cel
O00000539,P00148,E0000830,2025-05-17 11:00:00,8480-6,Systolic blood pressure,101.0,,mmHg
O00000539,P00148,E0000830,2025-05-17 11:00:00,8462-4,Diastolic blood pressure,81.0,,mmHg
O00000541,P00148,E0000831,2025-10-13 02:00:00,8867-4,Heart rate,101.0,,beats/min
O00000542,P00148,E0000831,2025-10-13 02:00:00,8310-5,Body temperature,37.8,,Cel
O00000543,P00148,E0000831,2025-10-13 03:00:00,8480-6,Systolic blood pressure,135.0,,mmHg
O00000543,P00148,E0000831,2025-10-13 03:00:00,8462-4,Diastolic blood pressure,81.0,,mmHg
O00000545,P00148,E0000832,2026-03-07 10:00:00,8867-4,Heart rate,75.0,,beats/min
O00000546,P00148,E0000832,2026-03-07 10:00:00,8310-5,Body temperature,37.5,,Cel
O00000547,P00148,E0000832,2026-03-07 11:00:00,8480-6,Systolic blood pressure,129.0,,mmHg
O00000547,P00148,E0000832,2026-03-07 11:00:00,8462-4,Diastolic blood pressure,95.0,,mmHg
O00000549,P00150,E0000845,2025-06-16 10:00:00,8867-4,Heart rate,68.0,,beats/min
O00000550,P00150,E0000845,2025-06-16 10:00:00,8310-5,Body temperature,36.5,,Cel
O00000551,P00150,E0000845,2025-06-16 13:00:00,4548-4,Hemoglobin A1c,7.0,,%
O00000552,P00151,E0000853,2025-03-01 10:00:00,8867-4,Heart rate,68.0,,beats/min
O00000553,P00151,E0000853,2025-03-01 10:00:00,8310-5,Body temperature,38.3,,Cel
O00000554,P00151,E0000853,2025-03-01 11:00:00,8480-6,Systolic blood pressure,139.0,,mmHg
O00000554,P00151,E0000853,2025-03-01 11:00:00,8462-4,Diastolic blood pressure,90.0,,mmHg
O00000556,P00151,E0000854,2025-07-18 00:00:00,8867-4,Heart rate,78.0,,beats/min
O00000557,P00151,E0000854,2025-07-18 00:00:00,8310-5,Body temperature,37.7,,Cel
O00000558,P00151,E0000854,2025-07-18 01:00:00,8480-6,Systolic blood pressure,151.0,,mmHg
O00000558,P00151,E0000854,2025-07-18 01:00:00,8462-4,Diastolic blood pressure,73.0,,mmHg
O00000560,P00152,E0000862,2025-10-18 10:00:00,8867-4,Heart rate,94.0,,beats/min
O00000561,P00152,E0000862,2025-10-18 10:00:00,8310-5,Body temperature,36.4,,Cel
O00000562,P00152,E0000863,2026-02-22 17:00:00,8867-4,Heart rate,91.0,,beats/min
O00000563,P00152,E0000863,2026-02-22 17:00:00,8310-5,Body temperature,37.4,,Cel
O00000564,P00152,E0000864,2026-04-26 05:00:00,8867-4,Heart rate,95.0,,beats/min
O00000565,P00152,E0000864,2026-04-26 05:00:00,8310-5,Body temperature,35.9,,Cel
O00000566,P00153,E0000866,2025-11-01 10:00:00,8867-4,Heart rate,92.0,,beats/min
O00000567,P00153,E0000866,2025-11-01 10:00:00,8310-5,Body temperature,37.3,,Cel
O00000568,P00153,E0000866,2025-11-01 11:00:00,8480-6,Systolic blood pressure,126.0,,mmHg
O00000568,P00153,E0000866,2025-11-01 11:00:00,8462-4,Diastolic blood pressure,69.0,,mmHg
O00000570,P00153,E0000867,2026-03-19 01:00:00,8867-4,Heart rate,51.0,,beats/min
O00000571,P00153,E0000867,2026-03-19 01:00:00,8310-5,Body temperature,35.9,,Cel
O00000572,P00153,E0000867,2026-03-19 02:00:00,8480-6,Systolic blood pressure,113.0,,mmHg
O00000572,P00153,E0000867,2026-03-19 02:00:00,8462-4,Diastolic blood pressure,83.0,,mmHg
O00000574,P00154,E0000873,2025-10-27 10:00:00,8867-4,Heart rate,96.0,,beats/min
O00000575,P00154,E0000873,2025-10-27 10:00:00,8310-5,Body temperature,36.2,,Cel
O00000576,P00155,E0000880,2025-10-31 10:00:00,8867-4,Heart rate,78.0,,beats/min
O00000577,P00155,E0000880,2025-10-31 10:00:00,8310-5,Body temperature,38.2,,Cel
O00000578,P00155,E0000881,2026-01-14 02:00:00,8867-4,Heart rate,69.0,,beats/min
O00000579,P00155,E0000881,2026-01-14 02:00:00,8310-5,Body temperature,37.0,,Cel
O00000580,P00155,E0000882,2026-04-07 10:00:00,8867-4,Heart rate,105.0,,beats/min
O00000581,P00155,E0000882,2026-04-07 10:00:00,8310-5,Body temperature,36.4,,Cel
O00000582,P00156,E0000890,2025-09-24 10:00:00,8867-4,Heart rate,76.0,,beats/min
O00000583,P00156,E0000890,2025-09-24 10:00:00,8310-5,Body temperature,36.8,,Cel
O00000584,P00156,E0000890,2025-09-24 11:00:00,8480-6,Systolic blood pressure,136.0,,mmHg
O00000584,P00156,E0000890,2025-09-24 11:00:00,8462-4,Diastolic blood pressure,91.0,,mmHg
O00000586,P00158,E0000901,2025-07-21 10:00:00,8867-4,Heart rate,109.0,,beats/min
O00000587,P00158,E0000901,2025-07-21 10:00:00,8310-5,Body temperature,37.9,,Cel
O00000588,P00159,E0000906,2025-02-07 10:00:00,8867-4,Heart rate,63.0,,beats/min
O00000589,P00159,E0000906,2025-02-07 10:00:00,8310-5,Body temperature,37.0,,Cel
O00000590,P00159,E0000907,2025-06-15 01:00:00,8867-4,Heart rate,67.0,,beats/min
O00000591,P00159,E0000907,2025-06-15 01:00:00,8310-5,Body temperature,36.1,,Cel
O00000592,P00160,E0000911,2025-05-22 10:00:00,8867-4,Heart rate,92.0,,beats/min
O00000593,P00160,E0000911,2025-05-22 10:00:00,8310-5,Body temperature,36.9,,Cel
O00000594,P00161,E0000915,2025-04-25 10:00:00,8867-4,Heart rate,67.0,,beats/min
O00000595,P00161,E0000915,2025-04-25 10:00:00,8310-5,Body temperature,37.0,,Cel
O00000596,P00162,E0000920,2025-05-22 10:00:00,8867-4,Heart rate,74.0,,beats/min
O00000597,P00162,E0000920,2025-05-22 10:00:00,8310-5,Body temperature,37.3,,Cel
O00000598,P00164,E0000930,2025-04-30 10:00:00,8867-4,Heart rate,94.0,,beats/min
O00000599,P00164,E0000930,2025-04-30 10:00:00,8310-5,Body temperature,37.5,,Cel
O00000600,P00165,E0000937,2025-10-20 10:00:00,8867-4,Heart rate,66.0,,beats/min
O00000601,P00165,E0000937,2025-10-20 10:00:00,8310-5,Body temperature,37.8,,Cel
O00000602,P00165,E0000938,2026-02-21 17:00:00,8867-4,Heart rate,85.0,,beats/min
O00000603,P00165,E0000938,2026-02-21 17:00:00,8310-5,Body temperature,37.8,,Cel
O00000604,P00165,E0000938,2026-02-21 20:00:00,4548-4,Hemoglobin A1c,7.7,,%
O00000605,P00166,E0000943,2025-02-10 10:00:00,8867-4,Heart rate,83.0,,beats/min
O00000606,P00166,E0000943,2025-02-10 10:00:00,8310-5,Body temperature,36.4,,Cel
O00000607,P00166,E0000944,2025-04-13 01:00:00,8867-4,Heart rate,112.0,,beats/min
O00000608,P00166,E0000944,2025-04-13 01:00:00,8310-5,Body temperature,38.2,,Cel
O00000609,P00167,E0000949,2025-10-08 10:00:00,8867-4,Heart rate,57.0,,beats/min
O00000610,P00167,E0000949,2025-10-08 10:00:00,8310-5,Body temperature,36.9,,Cel
O00000611,P00167,E0000950,2025-12-09 22:00:00,8867-4,Heart rate,78.0,,beats/min
O00000612,P00167,E0000950,2025-12-09 22:00:00,8310-5,Body temperature,38.2,,Cel
O00000613,P00167,E0000950,2025-12-10 01:00:00,4548-4,Hemoglobin A1c,6.0,,%
O00000614,P00169,E0000956,2025-08-31 10:00:00,8867-4,Heart rate,109.0,,beats/min
O00000615,P00169,E0000956,2025-08-31 10:00:00,8310-5,Body temperature,37.0,,Cel
O00000616,P00169,E0000956,2025-08-31 11:00:00,8480-6,Systolic blood pressure,130.0,,mmHg
O00000616,P00169,E0000956,2025-08-31 11:00:00,8462-4,Diastolic blood pressure,87.0,,mmHg
O00000618,P00170,E0000959,2025-03-22 10:00:00,8867-4,Heart rate,82.0,,beats/min
O00000619,P00170,E0000959,2025-03-22 10:00:00,8310-5,Body temperature,36.5,,Cel
O00000620,P00170,E0000960,2025-06-08 13:00:00,8867-4,Heart rate,113.0,,beats/min
O00000621,P00170,E0000960,2025-06-08 13:00:00,8310-5,Body temperature,37.0,,Cel
O00000622,P00171,E0000962,2025-09-13 10:00:00,8867-4,Heart rate,48.0,,beats/min
O00000623,P00171,E0000962,2025-09-13 10:00:00,8310-5,Body temperature,36.4,,Cel
O00000624,P00173,E0000973,2025-07-20 10:00:00,8867-4,Heart rate,61.0,,beats/min
O00000625,P00173,E0000973,2025-07-20 10:00:00,8310-5,Body temperature,37.9,,Cel
O00000626,P00173,E0000973,2025-07-20 11:00:00,8480-6,Systolic blood pressure,164.0,,mmHg
O00000626,P00173,E0000973,2025-07-20 11:00:00,8462-4,Diastolic blood pressure,86.0,,mmHg
O00000628,P00173,E0000974,2025-12-20 18:00:00,8867-4,Heart rate,88.0,,beats/min
O00000629,P00173,E0000974,2025-12-20 18:00:00,8310-5,Body temperature,36.0,,Cel
O00000630,P00174,E0000981,2025-08-07 10:00:00,8867-4,Heart rate,81.0,,beats/min
O00000631,P00174,E0000981,2025-08-07 10:00:00,8310-5,Body temperature,36.3,,Cel
O00000632,P00176,E0000988,2025-10-13 10:00:00,8867-4,Heart rate,91.0,,beats/min
O00000633,P00176,E0000988,2025-10-13 10:00:00,8310-5,Body temperature,37.6,,Cel
O00000634,P00176,E0000988,2025-10-13 11:00:00,8480-6,Systolic blood pressure,123.0,,mmHg
O00000634,P00176,E0000988,2025-10-13 11:00:00,8462-4,Diastolic blood pressure,79.0,,mmHg
O00000636,P00177,E0000993,2025-07-12 10:00:00,8867-4,Heart rate,61.0,,beats/min
O00000637,P00177,E0000993,2025-07-12 10:00:00,8310-5,Body temperature,36.1,,Cel
O00000638,P00178,E0001001,2025-05-21 10:00:00,8867-4,Heart rate,96.0,,beats/min
O00000639,P00178,E0001001,2025-05-21 10:00:00,8310-5,Body temperature,37.4,,Cel
O00000640,P00178,E0001001,2025-05-21 13:00:00,4548-4,Hemoglobin A1c,9.5,,%
O00000641,P00179,E0001007,2025-04-27 10:00:00,8867-4,Heart rate,88.0,,beats/min
O00000642,P00179,E0001007,2025-04-27 10:00:00,8310-5,Body temperature,35.8,,Cel
O00000643,P00179,E0001008,2025-06-19 00:00:00,8867-4,Heart rate,96.0,,beats/min
O00000644,P00179,E0001008,2025-06-19 00:00:00,8310-5,Body temperature,37.3,,Cel
O00000645,P00180,E0001011,2025-08-26 10:00:00,8867-4,Heart rate,72.0,,beats/min
O00000646,P00180,E0001011,2025-08-26 10:00:00,8310-5,Body temperature,36.3,,Cel
O00000647,P00181,E0001014,2025-07-21 10:00:00,8867-4,Heart rate,120.0,,beats/min
O00000648,P00181,E0001014,2025-07-21 10:00:00,8310-5,Body temperature,36.2,,Cel
O00000649,P00182,E0001019,2025-10-22 10:00:00,8867-4,Heart rate,66.0,,beats/min
O00000650,P00182,E0001019,2025-10-22 10:00:00,8310-5,Body temperature,37.3,,Cel
O00000651,P00182,E0001020,2026-01-11 04:00:00,8867-4,Heart rate,89.0,,beats/min
O00000652,P00182,E0001020,2026-01-11 04:00:00,8310-5,Body temperature,37.8,,Cel
O00000653,P00182,E0001021,2026-01-20 14:00:00,8867-4,Heart rate,76.0,,beats/min
O00000654,P00182,E0001021,2026-01-20 14:00:00,8310-5,Body temperature,36.1,,Cel
O00000655,P00183,E0001030,2025-04-06 10:00:00,8867-4,Heart rate,112.0,,beats/min
O00000656,P00183,E0001030,2025-04-06 10:00:00,8310-5,Body temperature,36.7,,Cel
O00000657,P00183,E0001030,2025-04-06 11:00:00,8480-6,Systolic blood pressure,121.0,,mmHg
O00000657,P00183,E0001030,2025-04-06 11:00:00,8462-4,Diastolic blood pressure,78.0,,mmHg
O00000659,P00183,E0001030,2025-04-06 13:00:00,4548-4,Hemoglobin A1c,6.5,,%
O00000660,P00183,E0001031,2025-08-04 04:00:00,8867-4,Heart rate,89.0,,beats/min
O00000661,P00183,E0001031,2025-08-04 04:00:00,8310-5,Body temperature,36.7,,Cel
O00000662,P00183,E0001031,2025-08-04 05:00:00,8480-6,Systolic blood pressure,144.0,,mmHg
O00000662,P00183,E0001031,2025-08-04 05:00:00,8462-4,Diastolic blood pressure,62.0,,mmHg
O00000664,P00183,E0001031,2025-08-04 07:00:00,4548-4,Hemoglobin A1c,8.1,,%
O00000665,P00185,E0001043,2025-08-03 10:00:00,8867-4,Heart rate,74.0,,beats/min
O00000666,P00185,E0001043,2025-08-03 10:00:00,8310-5,Body temperature,36.3,,Cel
O00000667,P00185,E0001043,2025-08-03 11:00:00,8480-6,Systolic blood pressure,163.0,,mmHg
O00000667,P00185,E0001043,2025-08-03 11:00:00,8462-4,Diastolic blood pressure,73.0,,mmHg
O00000669,P00186,E0001047,2025-10-23 10:00:00,8867-4,Heart rate,80.0,,beats/min
O00000670,P00186,E0001047,2025-10-23 10:00:00,8310-5,Body temperature,36.6,,Cel
O00000671,P00186,E0001048,2025-12-25 06:00:00,8867-4,Heart rate,84.0,,beats/min
O00000672,P00186,E0001048,2025-12-25 06:00:00,8310-5,Body temperature,37.5,,Cel
O00000673,P00187,E0001054,2025-10-10 10:00:00,8867-4,Heart rate,71.0,,beats/min
O00000674,P00187,E0001054,2025-10-10 10:00:00,8310-5,Body temperature,37.3,,Cel
O00000675,P00187,E0001055,2025-10-23 19:00:00,8867-4,Heart rate,69.0,,beats/min
O00000676,P00187,E0001055,2025-10-23 19:00:00,8310-5,Body temperature,37.0,,Cel
O00000677,P00187,E0001056,2025-11-19 00:00:00,8867-4,Heart rate,70.0,,beats/min
O00000678,P00187,E0001056,2025-11-19 00:00:00,8310-5,Body temperature,36.9,,Cel
O00000679,P00189,E0001064,2025-06-04 10:00:00,8867-4,Heart rate,68.0,,beats/min
O00000680,P00189,E0001064,2025-06-04 10:00:00,8310-5,Body temperature,38.0,,Cel
O00000681,P00189,E0001065,2025-11-02 22:00:00,8867-4,Heart rate,87.0,,beats/min
O00000682,P00189,E0001065,2025-11-02 22:00:00,8310-5,Body temperature,36.9,,Cel
O00000683,P00189,E0001066,2026-03-11 20:00:00,8867-4,Heart rate,90.0,,beats/min
O00000684,P00189,E0001066,2026-03-11 20:00:00,8310-5,Body temperature,36.6,,Cel
O00000685,P00190,E0001073,2025-07-26 10:00:00,8867-4,Heart rate,60.0,,beats/min
O00000686,P00190,E0001073,2025-07-26 10:00:00,8310-5,Body temperature,38.4,,Cel
O00000687,P00190,E0001073,2025-07-26 11:00:00,8480-6,Systolic blood pressure,139.0,,mmHg
O00000687,P00190,E0001073,2025-07-26 11:00:00,8462-4,Diastolic blood pressure,91.0,,mmHg
O00000689,P00190,E0001074,2025-10-31 20:00:00,8867-4,Heart rate,83.0,,beats/min
O00000690,P00190,E0001074,2025-10-31 20:00:00,8310-5,Body temperature,36.5,,Cel
O00000691,P00190,E0001074,2025-10-31 21:00:00,8480-6,Systolic blood pressure,139.0,,mmHg
O00000691,P00190,E0001074,2025-10-31 21:00:00,8462-4,Diastolic blood pressure,83.0,,mmHg
O00000693,P00191,E0001077,2025-02-17 10:00:00,8867-4,Heart rate,104.0,,beats/min
O00000694,P00191,E0001077,2025-02-17 10:00:00,8310-5,Body temperature,37.5,,Cel
O00000695,P00192,E0001082,2025-10-27 10:00:00,8867-4,Heart rate,85.0,,beats/min
O00000696,P00192,E0001082,2025-10-27 10:00:00,8310-5,Body temperature,37.3,,Cel
O00000697,P00192,E0001083,2025-12-21 03:00:00,8867-4,Heart rate,80.0,,beats/min
O00000698,P00192,E0001083,2025-12-21 03:00:00,8310-5,Body temperature,37.0,,Cel
O00000699,P00193,E0001085,2025-06-08 10:00:00,8867-4,Heart rate,81.0,,beats/min
O00000700,P00193,E0001085,2025-06-08 10:00:00,8310-5,Body temperature,36.7,,Cel
O00000701,P00194,E0001089,2025-08-18 10:00:00,8867-4,Heart rate,88.0,,beats/min
O00000702,P00194,E0001089,2025-08-18 10:00:00,8310-5,Body temperature,37.5,,Cel
O00000703,P00194,E0001089,2025-08-18 11:00:00,8480-6,Systolic blood pressure,107.0,,mmHg
O00000703,P00194,E0001089,2025-08-18 11:00:00,8462-4,Diastolic blood pressure,69.0,,mmHg
O00000705,P00195,E0001092,2025-06-12 10:00:00,8867-4,Heart rate,59.0,,beats/min
O00000706,P00195,E0001092,2025-06-12 10:00:00,8310-5,Body temperature,36.9,,Cel
O00000707,P00196,E0001098,2025-04-08 10:00:00,8867-4,Heart rate,108.0,,beats/min
O00000708,P00196,E0001098,2025-04-08 10:00:00,8310-5,Body temperature,37.6,,Cel
O00000709,P00197,E0001101,2025-04-18 10:00:00,8867-4,Heart rate,93.0,,beats/min
O00000710,P00197,E0001101,2025-04-18 10:00:00,8310-5,Body temperature,36.3,,Cel
O00000711,P00197,E0001102,2025-07-10 17:00:00,8867-4,Heart rate,49.0,,beats/min
O00000712,P00197,E0001102,2025-07-10 17:00:00,8310-5,Body temperature,35.3,,Cel
O00000713,P00197,E0001103,2025-11-22 02:00:00,8867-4,Heart rate,89.0,,beats/min
O00000714,P00197,E0001103,2025-11-22 02:00:00,8310-5,Body temperature,35.6,,Cel
O00000715,P00199,E0001115,2025-03-08 10:00:00,8867-4,Heart rate,82.0,,beats/min
O00000716,P00199,E0001115,2025-03-08 10:00:00,8310-5,Body temperature,36.7,,Cel
O00000717,P00199,E0001116,2025-03-22 02:00:00,8867-4,Heart rate,85.0,,beats/min
O00000718,P00199,E0001116,2025-03-22 02:00:00,8310-5,Body temperature,38.4,,Cel
O00000719,P00199,E0001117,2025-08-10 11:00:00,8867-4,Heart rate,59.0,,beats/min
O00000720,P00199,E0001117,2025-08-10 11:00:00,8310-5,Body temperature,36.9,,Cel
O00000721,P00200,E0001121,2025-06-03 10:00:00,8867-4,Heart rate,83.0,,beats/min
O00000722,P00200,E0001121,2025-06-03 10:00:00,8310-5,Body temperature,36.7,,Cel
O00000723,P00200,E0001121,2025-06-03 11:00:00,8480-6,Systolic blood pressure,152.0,,mmHg
O00000723,P00200,E0001121,2025-06-03 11:00:00,8462-4,Diastolic blood pressure,89.0,,mmHg
O00000725,P00200,E0001122,2025-10-08 19:00:00,8867-4,Heart rate,97.0,,beats/min
O00000726,P00200,E0001122,2025-10-08 19:00:00,8310-5,Body temperature,37.1,,Cel
O00000727,P00200,E0001122,2025-10-08 20:00:00,8480-6,Systolic blood pressure,151.0,,mmHg
O00000727,P00200,E0001122,2025-10-08 20:00:00,8462-4,Diastolic blood pressure,68.0,,mmHg
O00000729,P00201,E0001127,2025-03-24 10:00:00,8867-4,Heart rate,48.0,,beats/min
O00000730,P00201,E0001127,2025-03-24 10:00:00,8310-5,Body temperature,36.6,,Cel
O00000731,P00202,E0001131,2025-01-25 10:00:00,8867-4,Heart rate,75.0,,beats/min
O00000732,P00202,E0001131,2025-01-25 10:00:00,8310-5,Body temperature,37.7,,Cel
O00000733,P00202,E0001131,2025-01-25 11:00:00,8480-6,Systolic blood pressure,160.0,,mmHg
O00000733,P00202,E0001131,2025-01-25 11:00:00,8462-4,Diastolic blood pressure,83.0,,mmHg
O00000735,P00203,E0001136,2025-04-29 10:00:00,8867-4,Heart rate,105.0,,beats/min
O00000736,P00203,E0001136,2025-04-29 10:00:00,8310-5,Body temperature,38.2,,Cel
O00000737,P00203,E0001137,2025-05-23 16:00:00,8867-4,Heart rate,66.0,,beats/min
O00000738,P00203,E0001137,2025-05-23 16:00:00,8310-5,Body temperature,36.6,,Cel
O00000739,P00204,E0001140,2025-04-06 10:00:00,8867-4,Heart rate,96.0,,beats/min
O00000740,P00204,E0001140,2025-04-06 10:00:00,8310-5,Body temperature,36.6,,Cel
O00000741,P00204,E0001141,2025-07-04 00:00:00,8867-4,Heart rate,83.0,,beats/min
O00000742,P00204,E0001141,2025-07-04 00:00:00,8310-5,Body temperature,37.0,,Cel
O00000743,P00205,E0001147,2025-10-11 10:00:00,8867-4,Heart rate,100.0,,beats/min
O00000744,P00205,E0001147,2025-10-11 10:00:00,8310-5,Body temperature,37.8,,Cel
O00000745,P00205,E0001148,2025-12-09 00:00:00,8867-4,Heart rate,79.0,,beats/min
O00000746,P00205,E0001148,2025-12-09 00:00:00,8310-5,Body temperature,37.5,,Cel
O00000747,P00205,E0001148,2025-12-09 03:00:00,4548-4,Hemoglobin A1c,7.1,,%
O00000748,P00206,E0001153,2025-02-21 10:00:00,8867-4,Heart rate,63.0,,beats/min
O00000749,P00206,E0001153,2025-02-21 10:00:00,8310-5,Body temperature,37.4,,Cel
O00000750,P00206,E0001154,2025-04-13 06:00:00,8867-4,Heart rate,82.0,,beats/min
O00000751,P00206,E0001154,2025-04-13 06:00:00,8310-5,Body temperature,36.4,,Cel
O00000752,P00207,E0001157,2025-11-26 10:00:00,8867-4,Heart rate,73.0,,beats/min
O00000753,P00207,E0001157,2025-11-26 10:00:00,8310-5,Body temperature,37.3,,Cel
O00000754,P00207,E0001157,2025-11-26 11:00:00,8480-6,Systolic blood pressure,140.0,,mmHg
O00000754,P00207,E0001157,2025-11-26 11:00:00,8462-4,Diastolic blood pressure,62.0,,mmHg
O00000756,P00208,E0001160,2025-06-07 10:00:00,8867-4,Heart rate,105.0,,beats/min
O00000757,P00208,E0001160,2025-06-07 10:00:00,8310-5,Body temperature,38.2,,Cel
O00000758,P00208,E0001161,2025-10-18 20:00:00,8867-4,Heart rate,98.0,,beats/min
O00000759,P00208,E0001161,2025-10-18 20:00:00,8310-5,Body temperature,37.0,,Cel
O00000760,P00208,E0001162,2026-01-17 23:00:00,8867-4,Heart rate,117.0,,beats/min
O00000761,P00208,E0001162,2026-01-17 23:00:00,8310-5,Body temperature,36.0,,Cel
O00000762,P00209,E0001166,2025-04-25 10:00:00,8867-4,Heart rate,99.0,,beats/min
O00000763,P00209,E0001166,2025-04-25 10:00:00,8310-5,Body temperature,36.9,,Cel
O00000764,P00209,E0001167,2025-08-26 22:00:00,8867-4,Heart rate,83.0,,beats/min
O00000765,P00209,E0001167,2025-08-26 22:00:00,8310-5,Body temperature,37.5,,Cel
O00000766,P00209,E0001167,2025-08-26 23:00:00,8480-6,Systolic blood pressure,106.0,,mmHg
O00000766,P00209,E0001167,2025-08-26 23:00:00,8462-4,Diastolic blood pressure,76.0,,mmHg
O00000768,P00211,E0001175,2025-05-29 10:00:00,8867-4,Heart rate,63.0,,beats/min
O00000769,P00211,E0001175,2025-05-29 10:00:00,8310-5,Body temperature,36.9,,Cel
O00000770,P00212,E0001184,2025-09-01 10:00:00,8867-4,Heart rate,95.0,,beats/min
O00000771,P00212,E0001184,2025-09-01 10:00:00,8310-5,Body temperature,37.5,,Cel
O00000772,P00214,E0001191,2025-07-10 10:00:00,8867-4,Heart rate,82.0,,beats/min
O00000773,P00214,E0001191,2025-07-10 10:00:00,8310-5,Body temperature,37.4,,Cel
O00000774,P00214,E0001191,2025-07-10 11:00:00,8480-6,Systolic blood pressure,138.0,,mmHg
O00000774,P00214,E0001191,2025-07-10 11:00:00,8462-4,Diastolic blood pressure,89.0,,mmHg
O00000776,P00214,E0001191,2025-07-10 13:00:00,4548-4,Hemoglobin A1c,6.9,,%
O00000777,P00215,E0001198,2025-02-06 10:00:00,8867-4,Heart rate,60.0,,beats/min
O00000778,P00215,E0001198,2025-02-06 10:00:00,8310-5,Body temperature,36.9,,Cel
O00000779,P00215,E0001199,2025-07-05 14:00:00,8867-4,Heart rate,95.0,,beats/min
O00000780,P00215,E0001199,2025-07-05 14:00:00,8310-5,Body temperature,38.2,,Cel
O00000781,P00216,E0001205,2025-03-03 10:00:00,8867-4,Heart rate,93.0,,beats/min
O00000782,P00216,E0001205,2025-03-03 10:00:00,8310-5,Body temperature,37.1,,Cel
O00000783,P00216,E0001205,2025-03-03 11:00:00,8480-6,Systolic blood pressure,120.0,,mmHg
O00000783,P00216,E0001205,2025-03-03 11:00:00,8462-4,Diastolic blood pressure,74.0,,mmHg
O00000785,P00217,E0001211,2025-04-29 10:00:00,8867-4,Heart rate,66.0,,beats/min
O00000786,P00217,E0001211,2025-04-29 10:00:00,8310-5,Body temperature,37.5,,Cel
O00000787,P00217,E0001211,2025-04-29 13:00:00,4548-4,Hemoglobin A1c,8.8,,%
O00000788,P00218,E0001219,2025-05-02 10:00:00,8867-4,Heart rate,115.0,,beats/min
O00000789,P00218,E0001219,2025-05-02 10:00:00,8310-5,Body temperature,36.6,,Cel
O00000790,P00219,E0001226,2025-07-13 10:00:00,8867-4,Heart rate,95.0,,beats/min
O00000791,P00219,E0001226,2025-07-13 10:00:00,8310-5,Body temperature,37.9,,Cel
O00000792,P00219,E0001226,2025-07-13 11:00:00,8480-6,Systolic blood pressure,96.0,,mmHg
O00000792,P00219,E0001226,2025-07-13 11:00:00,8462-4,Diastolic blood pressure,85.0,,mmHg
O00000794,P00219,E0001227,2025-10-08 19:00:00,8867-4,Heart rate,92.0,,beats/min
O00000795,P00219,E0001227,2025-10-08 19:00:00,8310-5,Body temperature,36.9,,Cel
O00000796,P00219,E0001227,2025-10-08 20:00:00,8480-6,Systolic blood pressure,122.0,,mmHg
O00000796,P00219,E0001227,2025-10-08 20:00:00,8462-4,Diastolic blood pressure,83.0,,mmHg
O00000798,P00219,E0001228,2025-12-02 08:00:00,8867-4,Heart rate,107.0,,beats/min
O00000799,P00219,E0001228,2025-12-02 08:00:00,8310-5,Body temperature,36.5,,Cel
O00000800,P00219,E0001228,2025-12-02 09:00:00,8480-6,Systolic blood pressure,123.0,,mmHg
O00000800,P00219,E0001228,2025-12-02 09:00:00,8462-4,Diastolic blood pressure,90.0,,mmHg
O00000802,P00220,E0001233,2025-02-20 10:00:00,8867-4,Heart rate,119.0,,beats/min
O00000803,P00220,E0001233,2025-02-20 10:00:00,8310-5,Body temperature,36.3,,Cel
O00000804,P00221,E0001236,2025-05-03 10:00:00,8867-4,Heart rate,77.0,,beats/min
O00000805,P00221,E0001236,2025-05-03 10:00:00,8310-5,Body temperature,36.1,,Cel
O00000806,P00222,E0001241,2025-03-17 10:00:00,8867-4,Heart rate,87.0,,beats/min
O00000807,P00222,E0001241,2025-03-17 10:00:00,8310-5,Body temperature,38.6,,Cel
O00000808,P00222,E0001242,2025-05-16 01:00:00,8867-4,Heart rate,56.0,,beats/min
O00000809,P00222,E0001242,2025-05-16 01:00:00,8310-5,Body temperature,37.2,,Cel
O00000810,P00223,E0001250,2025-09-27 10:00:00,8867-4,Heart rate,78.0,,beats/min
O00000811,P00223,E0001250,2025-09-27 10:00:00,8310-5,Body temperature,38.1,,Cel
O00000812,P00224,E0001255,2025-09-10 10:00:00,8867-4,Heart rate,56.0,,beats/min
O00000813,P00224,E0001255,2025-09-10 10:00:00,8310-5,Body temperature,36.8,,Cel
O00000814,P00224,E0001255,2025-09-10 11:00:00,8480-6,Systolic blood pressure,105.0,,mmHg
O00000814,P00224,E0001255,2025-09-10 11:00:00,8462-4,Diastolic blood pressure,65.0,,mmHg
O00000816,P00224,E0001256,2026-02-11 14:00:00,8867-4,Heart rate,98.0,,beats/min
O00000817,P00224,E0001256,2026-02-11 14:00:00,8310-5,Body temperature,36.8,,Cel
O00000818,P00225,E0001260,2025-02-21 10:00:00,8867-4,Heart rate,67.0,,beats/min
O00000819,P00225,E0001260,2025-02-21 10:00:00,8310-5,Body temperature,36.7,,Cel
O00000820,P00226,E0001266,2025-10-17 10:00:00,8867-4,Heart rate,82.0,,beats/min
O00000821,P00226,E0001266,2025-10-17 10:00:00,8310-5,Body temperature,36.9,,Cel
O00000822,P00226,E0001266,2025-10-17 13:00:00,4548-4,Hemoglobin A1c,8.7,,%
O00000823,P00226,E0001267,2025-11-02 17:00:00,8867-4,Heart rate,56.0,,beats/min
O00000824,P00226,E0001267,2025-11-02 17:00:00,8310-5,Body temperature,37.8,,Cel
O00000825,P00226,E0001268,2026-01-11 11:00:00,8867-4,Heart rate,76.0,,beats/min
O00000826,P00226,E0001268,2026-01-11 11:00:00,8310-5,Body temperature,37.0,,Cel
O00000827,P00226,E0001268,2026-01-11 14:00:00,4548-4,Hemoglobin A1c,9.6,,%
O00000828,P00227,E0001272,2025-03-14 10:00:00,8867-4,Heart rate,82.0,,beats/min
O00000829,P00227,E0001272,2025-03-14 10:00:00,8310-5,Body temperature,35.3,,Cel
O00000830,P00227,E0001272,2025-03-14 11:00:00,8480-6,Systolic blood pressure,127.0,,mmHg
O00000830,P00227,E0001272,2025-03-14 11:00:00,8462-4,Diastolic blood pressure,84.0,,mmHg
O00000832,P00228,E0001277,2025-06-20 10:00:00,8867-4,Heart rate,69.0,,beats/min
O00000833,P00228,E0001277,2025-06-20 10:00:00,8310-5,Body temperature,35.9,,Cel
O00000834,P00228,E0001278,2025-07-18 00:00:00,8867-4,Heart rate,101.0,,beats/min
O00000835,P00228,E0001278,2025-07-18 00:00:00,8310-5,Body temperature,36.0,,Cel
O00000836,P00228,E0001278,2025-07-18 03:00:00,4548-4,Hemoglobin A1c,7.4,,%
O00000837,P00229,E0001281,2025-03-01 10:00:00,8867-4,Heart rate,75.0,,beats/min
O00000838,P00229,E0001281,2025-03-01 10:00:00,8310-5,Body temperature,37.3,,Cel
O00000839,P00229,E0001281,2025-03-01 11:00:00,8480-6,Systolic blood pressure,152.0,,mmHg
O00000839,P00229,E0001281,2025-03-01 11:00:00,8462-4,Diastolic blood pressure,69.0,,mmHg
O00000841,P00229,E0001282,2025-04-20 23:00:00,8867-4,Heart rate,65.0,,beats/min
O00000842,P00229,E0001282,2025-04-20 23:00:00,8310-5,Body temperature,36.7,,Cel
O00000843,P00229,E0001282,2025-04-21 00:00:00,8480-6,Systolic blood pressure,138.0,,mmHg
O00000843,P00229,E0001282,2025-04-21 00:00:00,8462-4,Diastolic blood pressure,80.0,,mmHg
O00000845,P00230,E0001286,2025-08-07 10:00:00,8867-4,Heart rate,87.0,,beats/min
O00000846,P00230,E0001286,2025-08-07 10:00:00,8310-5,Body temperature,37.0,,Cel
O00000847,P00230,E0001287,2025-08-19 01:00:00,8867-4,Heart rate,109.0,,beats/min
O00000848,P00230,E0001287,2025-08-19 01:00:00,8310-5,Body temperature,36.3,,Cel
O00000849,P00234,E0001300,2025-09-22 10:00:00,8867-4,Heart rate,97.0,,beats/min
O00000850,P00234,E0001300,2025-09-22 10:00:00,8310-5,Body temperature,37.1,,Cel
O00000851,P00234,E0001300,2025-09-22 11:00:00,8480-6,Systolic blood pressure,131.0,,mmHg
O00000851,P00234,E0001300,2025-09-22 11:00:00,8462-4,Diastolic blood pressure,85.0,,mmHg
O00000853,P00235,E0001302,2025-02-04 10:00:00,8867-4,Heart rate,65.0,,beats/min
O00000854,P00235,E0001302,2025-02-04 10:00:00,8310-5,Body temperature,35.9,,Cel
O00000855,P00236,E0001304,2025-08-16 10:00:00,8867-4,Heart rate,100.0,,beats/min
O00000856,P00236,E0001304,2025-08-16 10:00:00,8310-5,Body temperature,36.2,,Cel
O00000857,P00236,E0001305,2025-11-10 21:00:00,8867-4,Heart rate,91.0,,beats/min
O00000858,P00236,E0001305,2025-11-10 21:00:00,8310-5,Body temperature,36.2,,Cel
O00000859,P00237,E0001312,2025-11-24 10:00:00,8867-4,Heart rate,75.0,,beats/min
O00000860,P00237,E0001312,2025-11-24 10:00:00,8310-5,Body temperature,37.1,,Cel
O00000861,P00237,E0001312,2025-11-24 11:00:00,8480-6,Systolic blood pressure,100.0,,mmHg
O00000861,P00237,E0001312,2025-11-24 11:00:00,8462-4,Diastolic blood pressure,66.0,,mmHg
O00000863,P00238,E0001317,2025-07-07 10:00:00,8867-4,Heart rate,62.0,,beats/min
O00000864,P00238,E0001317,2025-07-07 10:00:00,8310-5,Body temperature,37.0,,Cel
O00000865,P00238,E0001318,2025-11-12 23:00:00,8867-4,Heart rate,83.0,,beats/min
O00000866,P00238,E0001318,2025-11-12 23:00:00,8310-5,Body temperature,36.9,,Cel
O00000867,P00238,E0001318,2025-11-13 00:00:00,8480-6,Systolic blood pressure,129.0,,mmHg
O00000867,P00238,E0001318,2025-11-13 00:00:00,8462-4,Diastolic blood pressure,53.0,,mmHg
O00000869,P00239,E0001327,2025-09-20 10:00:00,8867-4,Heart rate,71.0,,beats/min
O00000870,P00239,E0001327,2025-09-20 10:00:00,8310-5,Body temperature,38.8,,Cel
O00000871,P00239,E0001327,2025-09-20 11:00:00,8480-6,Systolic blood pressure,140.0,,mmHg
O00000871,P00239,E0001327,2025-09-20 11:00:00,8462-4,Diastolic blood pressure,75.0,,mmHg
O00000873,P00241,E0001335,2025-10-31 10:00:00,8867-4,Heart rate,87.0,,beats/min
O00000874,P00241,E0001335,2025-10-31 10:00:00,8310-5,Body temperature,36.9,,Cel
O00000875,P00241,E0001336,2026-03-13 17:00:00,8867-4,Heart rate,122.0,,beats/min
O00000876,P00241,E0001336,2026-03-13 17:00:00,8310-5,Body temperature,36.2,,Cel
O00000877,P00244,E0001347,2025-08-28 10:00:00,8867-4,Heart rate,83.0,,beats/min
O00000878,P00244,E0001347,2025-08-28 10:00:00,8310-5,Body temperature,36.7,,Cel
O00000879,P00244,E0001347,2025-08-28 11:00:00,8480-6,Systolic blood pressure,148.0,,mmHg
O00000879,P00244,E0001347,2025-08-28 11:00:00,8462-4,Diastolic blood pressure,70.0,,mmHg
O00000881,P00245,E0001351,2025-03-15 10:00:00,8867-4,Heart rate,88.0,,beats/min
O00000882,P00245,E0001351,2025-03-15 10:00:00,8310-5,Body temperature,36.0,,Cel
O00000883,P00245,E0001351,2025-03-15 11:00:00,8480-6,Systolic blood pressure,137.0,,mmHg
O00000883,P00245,E0001351,2025-03-15 11:00:00,8462-4,Diastolic blood pressure,83.0,,mmHg
O00000885,P00246,E0001355,2025-02-01 10:00:00,8867-4,Heart rate,114.0,,beats/min
O00000886,P00246,E0001355,2025-02-01 10:00:00,8310-5,Body temperature,36.5,,Cel
O00000887,P00246,E0001356,2025-07-01 00:00:00,8867-4,Heart rate,108.0,,beats/min
O00000888,P00246,E0001356,2025-07-01 00:00:00,8310-5,Body temperature,36.1,,Cel
O00000889,P00247,E0001359,2025-10-19 10:00:00,8867-4,Heart rate,48.0,,beats/min
O00000890,P00247,E0001359,2025-10-19 10:00:00,8310-5,Body temperature,36.5,,Cel
O00000891,P00247,E0001360,2026-02-03 01:00:00,8867-4,Heart rate,63.0,,beats/min
O00000892,P00247,E0001360,2026-02-03 01:00:00,8310-5,Body temperature,36.9,,Cel
O00000893,P00250,E0001375,2025-03-13 10:00:00,8867-4,Heart rate,82.0,,beats/min
O00000894,P00250,E0001375,2025-03-13 10:00:00,8310-5,Body temperature,37.5,,Cel
O00000895,P00251,E0001381,2025-06-30 10:00:00,8867-4,Heart rate,52.0,,beats/min
O00000896,P00251,E0001381,2025-06-30 10:00:00,8310-5,Body temperature,36.6,,Cel
O00000897,P00251,E0001382,2025-09-04 00:00:00,8867-4,Heart rate,79.0,,beats/min
O00000898,P00251,E0001382,2025-09-04 00:00:00,8310-5,Body temperature,37.3,,Cel
O00000899,P00254,E0001395,2025-10-14 10:00:00,8867-4,Heart rate,89.0,,beats/min
O00000900,P00254,E0001395,2025-10-14 10:00:00,8310-5,Body temperature,37.6,,Cel
O00000901,P00255,E0001403,2025-04-17 10:00:00,8867-4,Heart rate,79.0,,beats/min
O00000902,P00255,E0001403,2025-04-17 10:00:00,8310-5,Body temperature,37.8,,Cel
O00000903,P00256,E0001407,2025-06-21 10:00:00,8867-4,Heart rate,71.0,,beats/min
O00000904,P00256,E0001407,2025-06-21 10:00:00,8310-5,Body temperature,37.3,,Cel
O00000905,P00257,E0001414,2025-05-10 10:00:00,8867-4,Heart rate,123.0,,beats/min
O00000906,P00257,E0001414,2025-05-10 10:00:00,8310-5,Body temperature,37.1,,Cel
O00000907,P00257,E0001414,2025-05-10 11:00:00,8480-6,Systolic blood pressure,118.0,,mmHg
O00000907,P00257,E0001414,2025-05-10 11:00:00,8462-4,Diastolic blood pressure,76.0,,mmHg
O00000909,P00257,E0001414,2025-05-10 13:00:00,4548-4,Hemoglobin A1c,7.0,,%
O00000910,P00258,E0001416,2025-02-18 10:00:00,8867-4,Heart rate,61.0,,beats/min
O00000911,P00258,E0001416,2025-02-18 10:00:00,8310-5,Body temperature,36.9,,Cel
O00000912,P00258,E0001417,2025-05-04 05:00:00,8867-4,Heart rate,79.0,,beats/min
O00000913,P00258,E0001417,2025-05-04 05:00:00,8310-5,Body temperature,36.4,,Cel
O00000914,P00258,E0001418,2025-07-11 17:00:00,8867-4,Heart rate,82.0,,beats/min
O00000915,P00258,E0001418,2025-07-11 17:00:00,8310-5,Body temperature,36.4,,Cel
O00000916,P00259,E0001423,2025-07-11 10:00:00,8867-4,Heart rate,91.0,,beats/min
O00000917,P00259,E0001423,2025-07-11 10:00:00,8310-5,Body temperature,37.4,,Cel
O00000918,P00259,E0001423,2025-07-11 11:00:00,8480-6,Systolic blood pressure,144.0,,mmHg
O00000918,P00259,E0001423,2025-07-11 11:00:00,8462-4,Diastolic blood pressure,71.0,,mmHg
O00000920,P00260,E0001429,2025-02-07 10:00:00,8867-4,Heart rate,109.0,,beats/min
O00000921,P00260,E0001429,2025-02-07 10:00:00,8310-5,Body temperature,36.4,,Cel
O00000922,P00260,E0001429,2025-02-07 11:00:00,8480-6,Systolic blood pressure,133.0,,mmHg
O00000922,P00260,E0001429,2025-02-07 11:00:00,8462-4,Diastolic blood pressure,100.0,,mmHg
O00000924,P00260,E0001430,2025-04-27 20:00:00,8867-4,Heart rate,69.0,,beats/min
O00000925,P00260,E0001430,2025-04-27 20:00:00,8310-5,Body temperature,38.7,,Cel
O00000926,P00261,E0001436,2025-10-19 10:00:00,8867-4,Heart rate,108.0,,beats/min
O00000927,P00261,E0001436,2025-10-19 10:00:00,8310-5,Body temperature,37.1,,Cel
O00000928,P00261,E0001436,2025-10-19 11:00:00,8480-6,Systolic blood pressure,140.0,,mmHg
O00000928,P00261,E0001436,2025-10-19 11:00:00,8462-4,Diastolic blood pressure,89.0,,mmHg
O00000930,P00261,E0001437,2026-03-22 00:00:00,8867-4,Heart rate,63.0,,beats/min
O00000931,P00261,E0001437,2026-03-22 00:00:00,8310-5,Body temperature,36.3,,Cel
O00000932,P00261,E0001437,2026-03-22 01:00:00,8480-6,Systolic blood pressure,144.0,,mmHg
O00000932,P00261,E0001437,2026-03-22 01:00:00,8462-4,Diastolic blood pressure,84.0,,mmHg
O00000934,P00262,E0001443,2025-11-09 10:00:00,8867-4,Heart rate,97.0,,beats/min
O00000935,P00262,E0001443,2025-11-09 10:00:00,8310-5,Body temperature,36.9,,Cel
O00000936,P00262,E0001443,2025-11-09 11:00:00,8480-6,Systolic blood pressure,114.0,,mmHg
O00000936,P00262,E0001443,2025-11-09 11:00:00,8462-4,Diastolic blood pressure,86.0,,mmHg
O00000938,P00263,E0001446,2025-08-15 10:00:00,8867-4,Heart rate,95.0,,beats/min
O00000939,P00263,E0001446,2025-08-15 10:00:00,8310-5,Body temperature,37.3,,Cel
O00000940,P00263,E0001447,2025-08-30 16:00:00,8867-4,Heart rate,67.0,,beats/min
O00000941,P00263,E0001447,2025-08-30 16:00:00,8310-5,Body temperature,37.1,,Cel
O00000942,P00264,E0001450,2025-03-31 10:00:00,8867-4,Heart rate,81.0,,beats/min
O00000943,P00264,E0001450,2025-03-31 10:00:00,8310-5,Body temperature,36.9,,Cel
O00000944,P00265,E0001453,2025-08-19 10:00:00,8867-4,Heart rate,55.0,,beats/min
O00000945,P00265,E0001453,2025-08-19 10:00:00,8310-5,Body temperature,36.3,,Cel
O00000946,P00265,E0001453,2025-08-19 11:00:00,8480-6,Systolic blood pressure,149.0,,mmHg
O00000946,P00265,E0001453,2025-08-19 11:00:00,8462-4,Diastolic blood pressure,82.0,,mmHg
O00000948,P00265,E0001454,2025-12-12 03:00:00,8867-4,Heart rate,78.0,,beats/min
O00000949,P00265,E0001454,2025-12-12 03:00:00,8310-5,Body temperature,37.1,,Cel
O00000950,P00265,E0001454,2025-12-12 04:00:00,8480-6,Systolic blood pressure,131.0,,mmHg
O00000950,P00265,E0001454,2025-12-12 04:00:00,8462-4,Diastolic blood pressure,65.0,,mmHg
O00000952,P00266,E0001461,2025-03-08 10:00:00,8867-4,Heart rate,68.0,,beats/min
O00000953,P00266,E0001461,2025-03-08 10:00:00,8310-5,Body temperature,37.0,,Cel
O00000954,P00266,E0001461,2025-03-08 11:00:00,8480-6,Systolic blood pressure,138.0,,mmHg
O00000954,P00266,E0001461,2025-03-08 11:00:00,8462-4,Diastolic blood pressure,75.0,,mmHg
O00000956,P00266,E0001461,2025-03-08 13:00:00,4548-4,Hemoglobin A1c,5.9,,%
O00000957,P00267,E0001463,2025-05-01 10:00:00,8867-4,Heart rate,79.0,,beats/min
O00000958,P00267,E0001463,2025-05-01 10:00:00,8310-5,Body temperature,37.7,,Cel
O00000959,P00268,E0001468,2025-10-02 10:00:00,8867-4,Heart rate,83.0,,beats/min
O00000960,P00268,E0001468,2025-10-02 10:00:00,8310-5,Body temperature,36.3,,Cel
O00000961,P00270,E0001476,2025-06-09 10:00:00,8867-4,Heart rate,107.0,,beats/min
O00000962,P00270,E0001476,2025-06-09 10:00:00,8310-5,Body temperature,36.6,,Cel
O00000963,P00270,E0001476,2025-06-09 11:00:00,8480-6,Systolic blood pressure,145.0,,mmHg
O00000963,P00270,E0001476,2025-06-09 11:00:00,8462-4,Diastolic blood pressure,91.0,,mmHg
O00000965,P00270,E0001476,2025-06-09 13:00:00,4548-4,Hemoglobin A1c,8.6,,%
O00000966,P00271,E0001479,2025-03-29 10:00:00,8867-4,Heart rate,75.0,,beats/min
O00000967,P00271,E0001479,2025-03-29 10:00:00,8310-5,Body temperature,36.7,,Cel
O00000968,P00272,E0001486,2025-06-27 10:00:00,8867-4,Heart rate,87.0,,beats/min
O00000969,P00272,E0001486,2025-06-27 10:00:00,8310-5,Body temperature,36.2,,Cel
O00000970,P00273,E0001493,2025-07-08 10:00:00,8867-4,Heart rate,81.0,,beats/min
O00000971,P00273,E0001493,2025-07-08 10:00:00,8310-5,Body temperature,37.1,,Cel
O00000972,P00273,E0001494,2025-11-28 01:00:00,8867-4,Heart rate,67.0,,beats/min
O00000973,P00273,E0001494,2025-11-28 01:00:00,8310-5,Body temperature,37.6,,Cel
O00000974,P00274,E0001497,2025-08-21 10:00:00,8867-4,Heart rate,66.0,,beats/min
O00000975,P00274,E0001497,2025-08-21 10:00:00,8310-5,Body temperature,35.8,,Cel
O00000976,P00274,E0001497,2025-08-21 11:00:00,8480-6,Systolic blood pressure,132.0,,mmHg
O00000976,P00274,E0001497,2025-08-21 11:00:00,8462-4,Diastolic blood pressure,67.0,,mmHg
O00000978,P00274,E0001498,2025-09-10 01:00:00,8867-4,Heart rate,75.0,,beats/min
O00000979,P00274,E0001498,2025-09-10 01:00:00,8310-5,Body temperature,37.2,,Cel
O00000980,P00274,E0001499,2025-11-05 15:00:00,8867-4,Heart rate,76.0,,beats/min
O00000981,P00274,E0001499,2025-11-05 15:00:00,8310-5,Body temperature,37.0,,Cel
O00000982,P00274,E0001499,2025-11-05 16:00:00,8480-6,Systolic blood pressure,123.0,,mmHg
O00000982,P00274,E0001499,2025-11-05 16:00:00,8462-4,Diastolic blood pressure,98.0,,mmHg
O00000984,P00275,E0001506,2025-06-06 10:00:00,8867-4,Heart rate,95.0,,beats/min
O00000985,P00275,E0001506,2025-06-06 10:00:00,8310-5,Body temperature,37.4,,Cel
O00000986,P00276,E0001510,2025-01-19 10:00:00,8867-4,Heart rate,78.0,,beats/min
O00000987,P00276,E0001510,2025-01-19 10:00:00,8310-5,Body temperature,36.9,,Cel
O00000988,P00277,E0001516,2025-10-29 10:00:00,8867-4,Heart rate,72.0,,beats/min
O00000989,P00277,E0001516,2025-10-29 10:00:00,8310-5,Body temperature,37.3,,Cel
O00000990,P00277,E0001516,2025-10-29 11:00:00,8480-6,Systolic blood pressure,114.0,,mmHg
O00000990,P00277,E0001516,2025-10-29 11:00:00,8462-4,Diastolic blood pressure,97.0,,mmHg
O00000992,P00278,E0001521,2025-04-07 10:00:00,8867-4,Heart rate,66.0,,beats/min
O00000993,P00278,E0001521,2025-04-07 10:00:00,8310-5,Body temperature,36.3,,Cel
O00000994,P00278,E0001521,2025-04-07 11:00:00,8480-6,Systolic blood pressure,107.0,,mmHg
O00000994,P00278,E0001521,2025-04-07 11:00:00,8462-4,Diastolic blood pressure,80.0,,mmHg
O00000996,P00278,E0001522,2025-07-16 22:00:00,8867-4,Heart rate,70.0,,beats/min
O00000997,P00278,E0001522,2025-07-16 22:00:00,8310-5,Body temperature,36.3,,Cel
O00000998,P00278,E0001522,2025-07-16 23:00:00,8480-6,Systolic blood pressure,120.0,,mmHg
O00000998,P00278,E0001522,2025-07-16 23:00:00,8462-4,Diastolic blood pressure,93.0,,mmHg
O00001000,P00279,E0001530,2025-12-04 10:00:00,8867-4,Heart rate,78.0,,beats/min
O00001001,P00279,E0001530,2025-12-04 10:00:00,8310-5,Body temperature,37.7,,Cel
O00001002,P00279,E0001530,2025-12-04 13:00:00,4548-4,Hemoglobin A1c,8.4,,%
O00001003,P00279,E0001531,2026-01-29 18:00:00,8867-4,Heart rate,83.0,,beats/min
O00001004,P00279,E0001531,2026-01-29 18:00:00,8310-5,Body temperature,37.1,,Cel
O00001005,P00279,E0001531,2026-01-29 21:00:00,4548-4,Hemoglobin A1c,4.9,,%
O00001006,P00280,E0001538,2025-07-12 10:00:00,8867-4,Heart rate,92.0,,beats/min
O00001007,P00280,E0001538,2025-07-12 10:00:00,8310-5,Body temperature,38.4,,Cel
O00001008,P00280,E0001539,2025-10-06 20:00:00,8867-4,Heart rate,108.0,,beats/min
O00001009,P00280,E0001539,2025-10-06 20:00:00,8310-5,Body temperature,37.7,,Cel
O00001010,P00281,E0001543,2025-07-18 10:00:00,8867-4,Heart rate,71.0,,beats/min
O00001011,P00281,E0001543,2025-07-18 10:00:00,8310-5,Body temperature,36.7,,Cel
O00001012,P00282,E0001550,2025-02-13 10:00:00,8867-4,Heart rate,95.0,,beats/min
O00001013,P00282,E0001550,2025-02-13 10:00:00,8310-5,Body temperature,36.8,,Cel
O00001014,P00282,E0001550,2025-02-13 11:00:00,8480-6,Systolic blood pressure,135.0,,mmHg
O00001014,P00282,E0001550,2025-02-13 11:00:00,8462-4,Diastolic blood pressure,76.0,,mmHg
O00001016,P00283,E0001554,2025-02-18 10:00:00,8867-4,Heart rate,105.0,,beats/min
O00001017,P00283,E0001554,2025-02-18 10:00:00,8310-5,Body temperature,36.7,,Cel
O00001018,P00284,E0001557,2025-10-19 10:00:00,8867-4,Heart rate,89.0,,beats/min
O00001019,P00284,E0001557,2025-10-19 10:00:00,8310-5,Body temperature,36.6,,Cel
O00001020,P00285,E0001563,2025-08-18 10:00:00,8867-4,Heart rate,49.0,,beats/min
O00001021,P00285,E0001563,2025-08-18 10:00:00,8310-5,Body temperature,37.3,,Cel
O00001022,P00286,E0001569,2025-04-11 10:00:00,8867-4,Heart rate,93.0,,beats/min
O00001023,P00286,E0001569,2025-04-11 10:00:00,8310-5,Body temperature,37.3,,Cel
O00001024,P00287,E0001572,2025-09-20 10:00:00,8867-4,Heart rate,78.0,,beats/min
O00001025,P00287,E0001572,2025-09-20 10:00:00,8310-5,Body temperature,36.6,,Cel
O00001026,P00287,E0001572,2025-09-20 11:00:00,8480-6,Systolic blood pressure,158.0,,mmHg
O00001026,P00287,E0001572,2025-09-20 11:00:00,8462-4,Diastolic blood pressure,63.0,,mmHg
O00001028,P00288,E0001580,2025-03-08 10:00:00,8867-4,Heart rate,109.0,,beats/min
O00001029,P00288,E0001580,2025-03-08 10:00:00,8310-5,Body temperature,37.8,,Cel
O00001030,P00289,E0001584,2025-01-27 10:00:00,8867-4,Heart rate,51.0,,beats/min
O00001031,P00289,E0001584,2025-01-27 10:00:00,8310-5,Body temperature,37.7,,Cel
O00001032,P00290,E0001587,2025-07-31 10:00:00,8867-4,Heart rate,92.0,,beats/min
O00001033,P00290,E0001587,2025-07-31 10:00:00,8310-5,Body temperature,37.8,,Cel
O00001034,P00290,E0001588,2025-10-27 07:00:00,8867-4,Heart rate,101.0,,beats/min
O00001035,P00290,E0001588,2025-10-27 07:00:00,8310-5,Body temperature,35.6,,Cel
O00001036,P00293,E0001606,2025-05-07 10:00:00,8867-4,Heart rate,117.0,,beats/min
O00001037,P00293,E0001606,2025-05-07 10:00:00,8310-5,Body temperature,36.1,,Cel
O00001038,P00293,E0001607,2025-10-03 20:00:00,8867-4,Heart rate,58.0,,beats/min
O00001039,P00293,E0001607,2025-10-03 20:00:00,8310-5,Body temperature,37.5,,Cel
O00001040,P00293,E0001607,2025-10-03 23:00:00,4548-4,Hemoglobin A1c,8.4,,%
O00001041,P00293,E0001608,2025-11-26 03:00:00,8867-4,Heart rate,73.0,,beats/min
O00001042,P00293,E0001608,2025-11-26 03:00:00,8310-5,Body temperature,36.9,,Cel
O00001043,P00293,E0001608,2025-11-26 06:00:00,4548-4,Hemoglobin A1c,7.0,,%
O00001044,P00294,E0001614,2025-06-07 10:00:00,8867-4,Heart rate,67.0,,beats/min
O00001045,P00294,E0001614,2025-06-07 10:00:00,8310-5,Body temperature,37.1,,Cel
O00001046,P00295,E0001621,2025-06-08 10:00:00,8867-4,Heart rate,79.0,,beats/min
O00001047,P00295,E0001621,2025-06-08 10:00:00,8310-5,Body temperature,36.7,,Cel
O00001048,P00296,E0001627,2025-02-14 10:00:00,8867-4,Heart rate,95.0,,beats/min
O00001049,P00296,E0001627,2025-02-14 10:00:00,8310-5,Body temperature,36.9,,Cel
O00001050,P00297,E0001632,2025-04-11 10:00:00,8867-4,Heart rate,90.0,,beats/min
O00001051,P00297,E0001632,2025-04-11 10:00:00,8310-5,Body temperature,37.5,,Cel
O00001052,P00297,E0001632,2025-04-11 11:00:00,8480-6,Systolic blood pressure,131.0,,mmHg
O00001052,P00297,E0001632,2025-04-11 11:00:00,8462-4,Diastolic blood pressure,80.0,,mmHg
O00001054,P00298,E0001637,2025-10-09 10:00:00,8867-4,Heart rate,63.0,,beats/min
O00001055,P00298,E0001637,2025-10-09 10:00:00,8310-5,Body temperature,36.9,,Cel
O00001056,P00300,E0001645,2025-05-18 10:00:00,8867-4,Heart rate,94.0,,beats/min
O00001057,P00300,E0001645,2025-05-18 10:00:00,8310-5,Body temperature,36.7,,Cel
O00001058,P00300,E0001646,2025-06-03 20:00:00,8867-4,Heart rate,78.0,,beats/min
O00001059,P00300,E0001646,2025-06-03 20:00:00,8310-5,Body temperature,35.8,,Cel
O00001060,P00300,E0001646,2025-06-03 21:00:00,8480-6,Systolic blood pressure,104.0,,mmHg
O00001060,P00300,E0001646,2025-06-03 21:00:00,8462-4,Diastolic blood pressure,71.0,,mmHg
O00001062,P00301,E0001650,2025-03-04 10:00:00,8867-4,Heart rate,97.0,,beats/min
O00001063,P00301,E0001650,2025-03-04 10:00:00,8310-5,Body temperature,37.2,,Cel
O00001064,P00301,E0001651,2025-03-26 19:00:00,8867-4,Heart rate,75.0,,beats/min
O00001065,P00301,E0001651,2025-03-26 19:00:00,8310-5,Body temperature,36.4,,Cel
O00001066,P00302,E0001656,2025-10-04 10:00:00,8867-4,Heart rate,111.0,,beats/min
O00001067,P00302,E0001656,2025-10-04 10:00:00,8310-5,Body temperature,37.2,,Cel
O00001068,P00302,E0001657,2026-02-09 23:00:00,8867-4,Heart rate,105.0,,beats/min
O00001069,P00302,E0001657,2026-02-09 23:00:00,8310-5,Body temperature,37.4,,Cel
O00001070,P00302,E0001658,2026-06-23 11:00:00,8867-4,Heart rate,88.0,,beats/min
O00001071,P00302,E0001658,2026-06-23 11:00:00,8310-5,Body temperature,36.4,,Cel
O00001072,P00303,E0001662,2025-09-02 10:00:00,8867-4,Heart rate,78.0,,beats/min
O00001073,P00303,E0001662,2025-09-02 10:00:00,8310-5,Body temperature,36.6,,Cel
O00001074,P00303,E0001663,2025-10-24 18:00:00,8867-4,Heart rate,67.0,,beats/min
O00001075,P00303,E0001663,2025-10-24 18:00:00,8310-5,Body temperature,37.5,,Cel
O00001076,P00304,E0001671,2025-04-06 10:00:00,8867-4,Heart rate,59.0,,beats/min
O00001077,P00304,E0001671,2025-04-06 10:00:00,8310-5,Body temperature,38.1,,Cel
O00001078,P00304,E0001671,2025-04-06 11:00:00,8480-6,Systolic blood pressure,122.0,,mmHg
O00001078,P00304,E0001671,2025-04-06 11:00:00,8462-4,Diastolic blood pressure,79.0,,mmHg
O00001080,P00304,E0001672,2025-08-29 16:00:00,8867-4,Heart rate,139.0,,beats/min
O00001081,P00304,E0001672,2025-08-29 16:00:00,8310-5,Body temperature,36.6,,Cel
O00001082,P00304,E0001672,2025-08-29 17:00:00,8480-6,Systolic blood pressure,167.0,,mmHg
O00001082,P00304,E0001672,2025-08-29 17:00:00,8462-4,Diastolic blood pressure,87.0,,mmHg
O00001084,P00304,E0001673,2025-09-19 04:00:00,8867-4,Heart rate,92.0,,beats/min
O00001085,P00304,E0001673,2025-09-19 04:00:00,8310-5,Body temperature,37.3,,Cel
O00001086,P00304,E0001673,2025-09-19 05:00:00,8480-6,Systolic blood pressure,122.0,,mmHg
O00001086,P00304,E0001673,2025-09-19 05:00:00,8462-4,Diastolic blood pressure,69.0,,mmHg
O00001088,P00305,E0001677,2025-10-02 10:00:00,8867-4,Heart rate,89.0,,beats/min
O00001089,P00305,E0001677,2025-10-02 10:00:00,8310-5,Body temperature,37.8,,Cel
O00001090,P00306,E0001681,2025-06-16 10:00:00,8867-4,Heart rate,79.0,,beats/min
O00001091,P00306,E0001681,2025-06-16 10:00:00,8310-5,Body temperature,37.7,,Cel
O00001092,P00307,E0001686,2025-09-24 10:00:00,8867-4,Heart rate,89.0,,beats/min
O00001093,P00307,E0001686,2025-09-24 10:00:00,8310-5,Body temperature,36.3,,Cel
O00001094,P00308,E0001691,2025-02-19 10:00:00,8867-4,Heart rate,48.0,,beats/min
O00001095,P00308,E0001691,2025-02-19 10:00:00,8310-5,Body temperature,36.5,,Cel
O00001096,P00308,E0001692,2025-06-17 07:00:00,8867-4,Heart rate,81.0,,beats/min
O00001097,P00308,E0001692,2025-06-17 07:00:00,8310-5,Body temperature,36.5,,Cel
O00001098,P00309,E0001701,2025-04-30 10:00:00,8867-4,Heart rate,63.0,,beats/min
O00001099,P00309,E0001701,2025-04-30 10:00:00,8310-5,Body temperature,37.5,,Cel
O00001100,P00310,E0001704,2025-11-05 10:00:00,8867-4,Heart rate,87.0,,beats/min
O00001101,P00310,E0001704,2025-11-05 10:00:00,8310-5,Body temperature,37.0,,Cel
O00001102,P00310,E0001704,2025-11-05 11:00:00,8480-6,Systolic blood pressure,145.0,,mmHg
O00001102,P00310,E0001704,2025-11-05 11:00:00,8462-4,Diastolic blood pressure,84.0,,mmHg
O00001104,P00311,E0001710,2025-02-24 10:00:00,8867-4,Heart rate,109.0,,beats/min
O00001105,P00311,E0001710,2025-02-24 10:00:00,8310-5,Body temperature,36.2,,Cel
O00001106,P00312,E0001717,2025-08-06 10:00:00,8867-4,Heart rate,79.0,,beats/min
O00001107,P00312,E0001717,2025-08-06 10:00:00,8310-5,Body temperature,36.2,,Cel
O00001108,P00312,E0001717,2025-08-06 13:00:00,4548-4,Hemoglobin A1c,7.5,,%
O00001109,P00313,E0001721,2025-06-19 10:00:00,8867-4,Heart rate,88.0,,beats/min
O00001110,P00313,E0001721,2025-06-19 10:00:00,8310-5,Body temperature,36.3,,Cel
O00001111,P00313,E0001722,2025-09-29 02:00:00,8867-4,Heart rate,83.0,,beats/min
O00001112,P00313,E0001722,2025-09-29 02:00:00,8310-5,Body temperature,37.5,,Cel
O00001113,P00313,E0001723,2025-12-03 09:00:00,8867-4,Heart rate,62.0,,beats/min
O00001114,P00313,E0001723,2025-12-03 09:00:00,8310-5,Body temperature,37.1,,Cel
O00001115,P00314,E0001728,2025-03-16 10:00:00,8867-4,Heart rate,95.0,,beats/min
O00001116,P00314,E0001728,2025-03-16 10:00:00,8310-5,Body temperature,37.2,,Cel
O00001117,P00315,E0001734,2025-06-18 10:00:00,8867-4,Heart rate,61.0,,beats/min
O00001118,P00315,E0001734,2025-06-18 10:00:00,8310-5,Body temperature,37.8,,Cel
O00001119,P00315,E0001734,2025-06-18 11:00:00,8480-6,Systolic blood pressure,165.0,,mmHg
O00001119,P00315,E0001734,2025-06-18 11:00:00,8462-4,Diastolic blood pressure,83.0,,mmHg
O00001121,P00315,E0001734,2025-06-18 13:00:00,4548-4,Hemoglobin A1c,6.1,,%
O00001122,P00317,E0001746,2025-04-09 10:00:00,8867-4,Heart rate,107.0,,beats/min
O00001123,P00317,E0001746,2025-04-09 10:00:00,8310-5,Body temperature,38.0,,Cel
O00001124,P00317,E0001746,2025-04-09 11:00:00,8480-6,Systolic blood pressure,137.0,,mmHg
O00001124,P00317,E0001746,2025-04-09 11:00:00,8462-4,Diastolic blood pressure,78.0,,mmHg
O00001126,P00318,E0001751,2025-09-03 10:00:00,8867-4,Heart rate,109.0,,beats/min
O00001127,P00318,E0001751,2025-09-03 10:00:00,8310-5,Body temperature,36.3,,Cel
O00001128,P00318,E0001751,2025-09-03 11:00:00,8480-6,Systolic blood pressure,138.0,,mmHg
O00001128,P00318,E0001751,2025-09-03 11:00:00,8462-4,Diastolic blood pressure,71.0,,mmHg
O00001130,P00318,E0001752,2025-09-27 00:00:00,8867-4,Heart rate,102.0,,beats/min
O00001131,P00318,E0001752,2025-09-27 00:00:00,8310-5,Body temperature,38.8,,Cel
O00001132,P00318,E0001752,2025-09-27 01:00:00,8480-6,Systolic blood pressure,126.0,,mmHg
O00001132,P00318,E0001752,2025-09-27 01:00:00,8462-4,Diastolic blood pressure,76.0,,mmHg
O00001134,P00319,E0001757,2025-02-09 10:00:00,8867-4,Heart rate,88.0,,beats/min
O00001135,P00319,E0001757,2025-02-09 10:00:00,8310-5,Body temperature,36.0,,Cel
O00001136,P00319,E0001758,2025-05-30 19:00:00,8867-4,Heart rate,106.0,,beats/min
O00001137,P00319,E0001758,2025-05-30 19:00:00,8310-5,Body temperature,37.2,,Cel
O00001138,P00319,E0001758,2025-05-30 22:00:00,4548-4,Hemoglobin A1c,10.8,,%
O00001139,P00320,E0001764,2025-07-08 10:00:00,8867-4,Heart rate,67.0,,beats/min
O00001140,P00320,E0001764,2025-07-08 10:00:00,8310-5,Body temperature,36.7,,Cel
O00001141,P00320,E0001765,2025-08-06 21:00:00,8867-4,Heart rate,99.0,,beats/min
O00001142,P00320,E0001765,2025-08-06 21:00:00,8310-5,Body temperature,37.8,,Cel
O00001143,P00321,E0001773,2025-04-27 10:00:00,8867-4,Heart rate,88.0,,beats/min
O00001144,P00321,E0001773,2025-04-27 10:00:00,8310-5,Body temperature,36.8,,Cel
O00001145,P00321,E0001773,2025-04-27 13:00:00,4548-4,Hemoglobin A1c,6.9,,%
O00001146,P00321,E0001774,2025-08-20 05:00:00,8867-4,Heart rate,81.0,,beats/min
O00001147,P00321,E0001774,2025-08-20 05:00:00,8310-5,Body temperature,37.5,,Cel
O00001148,P00321,E0001774,2025-08-20 08:00:00,4548-4,Hemoglobin A1c,9.2,,%
O00001149,P00322,E0001781,2025-02-18 10:00:00,8867-4,Heart rate,75.0,,beats/min
O00001150,P00322,E0001781,2025-02-18 10:00:00,8310-5,Body temperature,36.0,,Cel
O00001151,P00322,E0001782,2025-06-15 04:00:00,8867-4,Heart rate,115.0,,beats/min
O00001152,P00322,E0001782,2025-06-15 04:00:00,8310-5,Body temperature,37.9,,Cel
O00001153,P00324,E0001789,2025-08-25 10:00:00,8867-4,Heart rate,71.0,,beats/min
O00001154,P00324,E0001789,2025-08-25 10:00:00,8310-5,Body temperature,37.3,,Cel
O00001155,P00324,E0001789,2025-08-25 11:00:00,8480-6,Systolic blood pressure,112.0,,mmHg
O00001155,P00324,E0001789,2025-08-25 11:00:00,8462-4,Diastolic blood pressure,82.0,,mmHg
O00001157,P00324,E0001790,2026-01-15 05:00:00,8867-4,Heart rate,79.0,,beats/min
O00001158,P00324,E0001790,2026-01-15 05:00:00,8310-5,Body temperature,37.6,,Cel
O00001159,P00324,E0001790,2026-01-15 06:00:00,8480-6,Systolic blood pressure,143.0,,mmHg
O00001159,P00324,E0001790,2026-01-15 06:00:00,8462-4,Diastolic blood pressure,84.0,,mmHg
O00001161,P00325,E0001795,2025-08-28 10:00:00,8867-4,Heart rate,97.0,,beats/min
O00001162,P00325,E0001795,2025-08-28 10:00:00,8310-5,Body temperature,37.5,,Cel
O00001163,P00325,E0001795,2025-08-28 11:00:00,8480-6,Systolic blood pressure,97.0,,mmHg
O00001163,P00325,E0001795,2025-08-28 11:00:00,8462-4,Diastolic blood pressure,66.0,,mmHg
O00001165,P00325,E0001796,2026-01-09 21:00:00,8867-4,Heart rate,116.0,,beats/min
O00001166,P00325,E0001796,2026-01-09 21:00:00,8310-5,Body temperature,38.5,,Cel
O00001167,P00325,E0001796,2026-01-09 22:00:00,8480-6,Systolic blood pressure,144.0,,mmHg
O00001167,P00325,E0001796,2026-01-09 22:00:00,8462-4,Diastolic blood pressure,72.0,,mmHg
O00001169,P00326,E0001803,2025-06-20 10:00:00,8867-4,Heart rate,83.0,,beats/min
O00001170,P00326,E0001803,2025-06-20 10:00:00,8310-5,Body temperature,37.6,,Cel
O00001171,P00327,E0001809,2025-09-30 10:00:00,8867-4,Heart rate,111.0,,beats/min
O00001172,P00327,E0001809,2025-09-30 10:00:00,8310-5,Body temperature,36.7,,Cel
O00001173,P00327,E0001810,2026-01-15 00:00:00,8867-4,Heart rate,70.0,,beats/min
O00001174,P00327,E0001810,2026-01-15 00:00:00,8310-5,Body temperature,36.7,,Cel
O00001175,P00328,E0001813,2025-03-29 10:00:00,8867-4,Heart rate,71.0,,beats/min
O00001176,P00328,E0001813,2025-03-29 10:00:00,8310-5,Body temperature,35.6,,Cel
O00001177,P00328,E0001813,2025-03-29 11:00:00,8480-6,Systolic blood pressure,126.0,,mmHg
O00001177,P00328,E0001813,2025-03-29 11:00:00,8462-4,Diastolic blood pressure,66.0,,mmHg
O00001179,P00329,E0001819,2025-04-24 10:00:00,8867-4,Heart rate,67.0,,beats/min
O00001180,P00329,E0001819,2025-04-24 10:00:00,8310-5,Body temperature,38.1,,Cel
O00001181,P00330,E0001822,2025-03-30 10:00:00,8867-4,Heart rate,78.0,,beats/min
O00001182,P00330,E0001822,2025-03-30 10:00:00,8310-5,Body temperature,36.3,,Cel
O00001183,P00331,E0001828,2025-09-26 10:00:00,8867-4,Heart rate,99.0,,beats/min
O00001184,P00331,E0001828,2025-09-26 10:00:00,8310-5,Body temperature,36.8,,Cel
O00001185,P00332,E0001838,2025-11-15 10:00:00,8867-4,Heart rate,89.0,,beats/min
O00001186,P00332,E0001838,2025-11-15 10:00:00,8310-5,Body temperature,37.7,,Cel
O00001187,P00333,E0001845,2025-02-08 10:00:00,8867-4,Heart rate,94.0,,beats/min
O00001188,P00333,E0001845,2025-02-08 10:00:00,8310-5,Body temperature,37.2,,Cel
O00001189,P00333,E0001845,2025-02-08 11:00:00,8480-6,Systolic blood pressure,159.0,,mmHg
O00001189,P00333,E0001845,2025-02-08 11:00:00,8462-4,Diastolic blood pressure,69.0,,mmHg
O00001191,P00333,E0001846,2025-05-05 02:00:00,8867-4,Heart rate,78.0,,beats/min
O00001192,P00333,E0001846,2025-05-05 02:00:00,8310-5,Body temperature,36.0,,Cel
O00001193,P00333,E0001846,2025-05-05 03:00:00,8480-6,Systolic blood pressure,159.0,,mmHg
O00001193,P00333,E0001846,2025-05-05 03:00:00,8462-4,Diastolic blood pressure,97.0,,mmHg
O00001195,P00333,E0001847,2025-07-27 09:00:00,8867-4,Heart rate,91.0,,beats/min
O00001196,P00333,E0001847,2025-07-27 09:00:00,8310-5,Body temperature,37.1,,Cel
O00001197,P00334,E0001849,2025-04-19 10:00:00,8867-4,Heart rate,75.0,,beats/min
O00001198,P00334,E0001849,2025-04-19 10:00:00,8310-5,Body temperature,37.0,,Cel
O00001199,P00335,E0001854,2025-02-22 10:00:00,8867-4,Heart rate,99.0,,beats/min
O00001200,P00335,E0001854,2025-02-22 10:00:00,8310-5,Body temperature,36.1,,Cel
O00001201,P00335,E0001855,2025-06-27 20:00:00,8867-4,Heart rate,78.0,,beats/min
O00001202,P00335,E0001855,2025-06-27 20:00:00,8310-5,Body temperature,35.6,,Cel
O00001203,P00336,E0001857,2025-06-19 10:00:00,8867-4,Heart rate,106.0,,beats/min
O00001204,P00336,E0001857,2025-06-19 10:00:00,8310-5,Body temperature,35.8,,Cel
O00001205,P00336,E0001858,2025-09-20 22:00:00,8867-4,Heart rate,82.0,,beats/min
O00001206,P00336,E0001858,2025-09-20 22:00:00,8310-5,Body temperature,37.0,,Cel
O00001207,P00337,E0001860,2025-06-04 10:00:00,8867-4,Heart rate,78.0,,beats/min
O00001208,P00337,E0001860,2025-06-04 10:00:00,8310-5,Body temperature,36.9,,Cel
O00001209,P00337,E0001860,2025-06-04 13:00:00,4548-4,Hemoglobin A1c,8.6,,%
O00001210,P00338,E0001864,2025-06-03 10:00:00,8867-4,Heart rate,78.0,,beats/min
O00001211,P00338,E0001864,2025-06-03 10:00:00,8310-5,Body temperature,35.6,,Cel
O00001212,P00338,E0001865,2025-10-22 00:00:00,8867-4,Heart rate,94.0,,beats/min
O00001213,P00338,E0001865,2025-10-22 00:00:00,8310-5,Body temperature,37.7,,Cel
O00001214,P00339,E0001872,2025-10-08 10:00:00,8867-4,Heart rate,75.0,,beats/min
O00001215,P00339,E0001872,2025-10-08 10:00:00,8310-5,Body temperature,37.4,,Cel
O00001216,P00339,E0001873,2026-02-08 15:00:00,8867-4,Heart rate,84.0,,beats/min
O00001217,P00339,E0001873,2026-02-08 15:00:00,8310-5,Body temperature,37.6,,Cel
O00001218,P00340,E0001877,2025-05-26 10:00:00,8867-4,Heart rate,80.0,,beats/min
O00001219,P00340,E0001877,2025-05-26 10:00:00,8310-5,Body temperature,37.1,,Cel
O00001220,P00343,E0001883,2025-10-30 10:00:00,8867-4,Heart rate,104.0,,beats/min
O00001221,P00343,E0001883,2025-10-30 10:00:00,8310-5,Body temperature,38.8,,Cel
O00001222,P00343,E0001883,2025-10-30 11:00:00,8480-6,Systolic blood pressure,129.0,,mmHg
O00001222,P00343,E0001883,2025-10-30 11:00:00,8462-4,Diastolic blood pressure,89.0,,mmHg
O00001224,P00343,E0001883,2025-10-30 13:00:00,4548-4,Hemoglobin A1c,8.2,,%
O00001225,P00344,E0001889,2025-04-25 10:00:00,8867-4,Heart rate,84.0,,beats/min
O00001226,P00344,E0001889,2025-04-25 10:00:00,8310-5,Body temperature,36.4,,Cel
O00001227,P00344,E0001889,2025-04-25 11:00:00,8480-6,Systolic blood pressure,151.0,,mmHg
O00001227,P00344,E0001889,2025-04-25 11:00:00,8462-4,Diastolic blood pressure,62.0,,mmHg
O00001229,P00345,E0001896,2025-03-11 10:00:00,8867-4,Heart rate,57.0,,beats/min
O00001230,P00345,E0001896,2025-03-11 10:00:00,8310-5,Body temperature,36.8,,Cel
O00001231,P00346,E0001902,2025-10-10 10:00:00,8867-4,Heart rate,82.0,,beats/min
O00001232,P00346,E0001902,2025-10-10 10:00:00,8310-5,Body temperature,37.6,,Cel
O00001233,P00347,E0001905,2025-07-09 10:00:00,8867-4,Heart rate,115.0,,beats/min
O00001234,P00347,E0001905,2025-07-09 10:00:00,8310-5,Body temperature,36.9,,Cel
O00001235,P00347,E0001905,2025-07-09 11:00:00,8480-6,Systolic blood pressure,165.0,,mmHg
O00001235,P00347,E0001905,2025-07-09 11:00:00,8462-4,Diastolic blood pressure,61.0,,mmHg
O00001237,P00347,E0001906,2025-09-10 20:00:00,8867-4,Heart rate,86.0,,beats/min
O00001238,P00347,E0001906,2025-09-10 20:00:00,8310-5,Body temperature,38.0,,Cel
O00001239,P00347,E0001906,2025-09-10 21:00:00,8480-6,Systolic blood pressure,149.0,,mmHg
O00001239,P00347,E0001906,2025-09-10 21:00:00,8462-4,Diastolic blood pressure,70.0,,mmHg
O00001241,P00347,E0001907,2025-10-27 11:00:00,8867-4,Heart rate,97.0,,beats/min
O00001242,P00347,E0001907,2025-10-27 11:00:00,8310-5,Body temperature,36.8,,Cel
O00001243,P00347,E0001907,2025-10-27 12:00:00,8480-6,Systolic blood pressure,150.0,,mmHg
O00001243,P00347,E0001907,2025-10-27 12:00:00,8462-4,Diastolic blood pressure,64.0,,mmHg
O00001245,P00348,E0001912,2025-04-16 10:00:00,8867-4,Heart rate,77.0,,beats/min
O00001246,P00348,E0001912,2025-04-16 10:00:00,8310-5,Body temperature,37.2,,Cel
O00001247,P00349,E0001918,2025-09-17 10:00:00,8867-4,Heart rate,70.0,,beats/min
O00001248,P00349,E0001918,2025-09-17 10:00:00,8310-5,Body temperature,37.3,,Cel
O00001249,P00351,E0001923,2025-08-19 10:00:00,8867-4,Heart rate,90.0,,beats/min
O00001250,P00351,E0001923,2025-08-19 10:00:00,8310-5,Body temperature,37.2,,Cel
O00001251,P00352,E0001927,2025-11-02 10:00:00,8867-4,Heart rate,106.0,,beats/min
O00001252,P00352,E0001927,2025-11-02 10:00:00,8310-5,Body temperature,37.3,,Cel
O00001253,P00352,E0001927,2025-11-02 13:00:00,4548-4,Hemoglobin A1c,8.5,,%
O00001254,P00353,E0001933,2025-02-13 10:00:00,8867-4,Heart rate,68.0,,beats/min
O00001255,P00353,E0001933,2025-02-13 10:00:00,8310-5,Body temperature,37.2,,Cel
O00001256,P00355,E0001944,2025-10-01 10:00:00,8867-4,Heart rate,118.0,,beats/min
O00001257,P00355,E0001944,2025-10-01 10:00:00,8310-5,Body temperature,36.3,,Cel
O00001258,P00355,E0001945,2026-01-17 00:00:00,8867-4,Heart rate,68.0,,beats/min
O00001259,P00355,E0001945,2026-01-17 00:00:00,8310-5,Body temperature,36.9,,Cel
O00001260,P00356,E0001950,2025-10-26 10:00:00,8867-4,Heart rate,106.0,,beats/min
O00001261,P00356,E0001950,2025-10-26 10:00:00,8310-5,Body temperature,37.3,,Cel
O00001262,P00356,E0001951,2025-11-17 04:00:00,8867-4,Heart rate,110.0,,beats/min
O00001263,P00356,E0001951,2025-11-17 04:00:00,8310-5,Body temperature,37.6,,Cel
O00001264,P00356,E0001952,2026-01-31 21:00:00,8867-4,Heart rate,107.0,,beats/min
O00001265,P00356,E0001952,2026-01-31 21:00:00,8310-5,Body temperature,36.9,,Cel
O00001266,P00358,E0001963,2025-10-03 10:00:00,8867-4,Heart rate,70.0,,beats/min
O00001267,P00358,E0001963,2025-10-03 10:00:00,8310-5,Body temperature,36.6,,Cel
O00001268,P00360,E0001971,2025-10-25 10:00:00,8867-4,Heart rate,96.0,,beats/min
O00001269,P00360,E0001971,2025-10-25 10:00:00,8310-5,Body temperature,37.2,,Cel
O00001270,P00361,E0001976,2025-08-15 10:00:00,8867-4,Heart rate,59.0,,beats/min
O00001271,P00361,E0001976,2025-08-15 10:00:00,8310-5,Body temperature,36.1,,Cel
O00001272,P00362,E0001980,2025-10-12 10:00:00,8867-4,Heart rate,107.0,,beats/min
O00001273,P00362,E0001980,2025-10-12 10:00:00,8310-5,Body temperature,37.1,,Cel
O00001274,P00362,E0001980,2025-10-12 11:00:00,8480-6,Systolic blood pressure,101.0,,mmHg
O00001274,P00362,E0001980,2025-10-12 11:00:00,8462-4,Diastolic blood pressure,79.0,,mmHg
O00001276,P00363,E0001982,2025-03-26 10:00:00,8867-4,Heart rate,115.0,,beats/min
O00001277,P00363,E0001982,2025-03-26 10:00:00,8310-5,Body temperature,37.4,,Cel
O00001278,P00363,E0001982,2025-03-26 11:00:00,8480-6,Systolic blood pressure,163.0,,mmHg
O00001278,P00363,E0001982,2025-03-26 11:00:00,8462-4,Diastolic blood pressure,52.0,,mmHg
O00001280,P00363,E0001983,2025-04-03 22:00:00,8867-4,Heart rate,96.0,,beats/min
O00001281,P00363,E0001983,2025-04-03 22:00:00,8310-5,Body temperature,36.2,,Cel
O00001282,P00363,E0001984,2025-08-06 10:00:00,8867-4,Heart rate,86.0,,beats/min
O00001283,P00363,E0001984,2025-08-06 10:00:00,8310-5,Body temperature,37.0,,Cel
O00001284,P00365,E0001992,2025-10-28 10:00:00,8867-4,Heart rate,93.0,,beats/min
O00001285,P00365,E0001992,2025-10-28 10:00:00,8310-5,Body temperature,37.0,,Cel
O00001286,P00365,E0001993,2025-11-19 00:00:00,8867-4,Heart rate,48.0,,beats/min
O00001287,P00365,E0001993,2025-11-19 00:00:00,8310-5,Body temperature,37.1,,Cel
O00001288,P00367,E0002003,2025-07-16 10:00:00,8867-4,Heart rate,92.0,,beats/min
O00001289,P00367,E0002003,2025-07-16 10:00:00,8310-5,Body temperature,37.0,,Cel
O00001290,P00368,E0002007,2025-11-06 10:00:00,8867-4,Heart rate,79.0,,beats/min
O00001291,P00368,E0002007,2025-11-06 10:00:00,8310-5,Body temperature,36.8,,Cel
O00001292,P00368,E0002007,2025-11-06 13:00:00,4548-4,Hemoglobin A1c,7.5,,%
O00001293,P00369,E0002011,2025-10-08 10:00:00,8867-4,Heart rate,101.0,,beats/min
O00001294,P00369,E0002011,2025-10-08 10:00:00,8310-5,Body temperature,36.7,,Cel
O00001295,P00370,E0002019,2025-03-09 10:00:00,8867-4,Heart rate,85.0,,beats/min
O00001296,P00370,E0002019,2025-03-09 10:00:00,8310-5,Body temperature,36.6,,Cel
O00001297,P00370,E0002019,2025-03-09 11:00:00,8480-6,Systolic blood pressure,113.0,,mmHg
O00001297,P00370,E0002019,2025-03-09 11:00:00,8462-4,Diastolic blood pressure,70.0,,mmHg
O00001299,P00370,E0002019,2025-03-09 13:00:00,4548-4,Hemoglobin A1c,8.2,,%
O00001300,P00371,E0002023,2025-05-28 10:00:00,8867-4,Heart rate,56.0,,beats/min
O00001301,P00371,E0002023,2025-05-28 10:00:00,8310-5,Body temperature,37.1,,Cel
O00001302,P00371,E0002023,2025-05-28 11:00:00,8480-6,Systolic blood pressure,138.0,,mmHg
O00001302,P00371,E0002023,2025-05-28 11:00:00,8462-4,Diastolic blood pressure,60.0,,mmHg
O00001304,P00371,E0002024,2025-06-07 20:00:00,8867-4,Heart rate,116.0,,beats/min
O00001305,P00371,E0002024,2025-06-07 20:00:00,8310-5,Body temperature,37.5,,Cel
O00001306,P00371,E0002024,2025-06-07 21:00:00,8480-6,Systolic blood pressure,113.0,,mmHg
O00001306,P00371,E0002024,2025-06-07 21:00:00,8462-4,Diastolic blood pressure,67.0,,mmHg
O00001308,P00371,E0002025,2025-10-29 06:00:00,8867-4,Heart rate,88.0,,beats/min
O00001309,P00371,E0002025,2025-10-29 06:00:00,8310-5,Body temperature,35.9,,Cel
O00001310,P00371,E0002025,2025-10-29 07:00:00,8480-6,Systolic blood pressure,124.0,,mmHg
O00001310,P00371,E0002025,2025-10-29 07:00:00,8462-4,Diastolic blood pressure,90.0,,mmHg
O00001312,P00372,E0002029,2025-06-20 10:00:00,8867-4,Heart rate,79.0,,beats/min
O00001313,P00372,E0002029,2025-06-20 10:00:00,8310-5,Body temperature,36.1,,Cel
O00001314,P00372,E0002029,2025-06-20 11:00:00,8480-6,Systolic blood pressure,115.0,,mmHg
O00001314,P00372,E0002029,2025-06-20 11:00:00,8462-4,Diastolic blood pressure,93.0,,mmHg
O00001316,P00373,E0002034,2025-02-19 10:00:00,8867-4,Heart rate,105.0,,beats/min
O00001317,P00373,E0002034,2025-02-19 10:00:00,8310-5,Body temperature,36.9,,Cel
O00001318,P00373,E0002035,2025-05-05 19:00:00,8867-4,Heart rate,108.0,,beats/min
O00001319,P00373,E0002035,2025-05-05 19:00:00,8310-5,Body temperature,37.7,,Cel
O00001320,P00375,E0002045,2025-03-01 10:00:00,8867-4,Heart rate,102.0,,beats/min
O00001321,P00375,E0002045,2025-03-01 10:00:00,8310-5,Body temperature,36.4,,Cel
O00001322,P00377,E0002051,2025-06-11 10:00:00,8867-4,Heart rate,72.0,,beats/min
O00001323,P00377,E0002051,2025-06-11 10:00:00,8310-5,Body temperature,37.5,,Cel
O00001324,P00377,E0002052,2025-10-22 21:00:00,8867-4,Heart rate,72.0,,beats/min
O00001325,P00377,E0002052,2025-10-22 21:00:00,8310-5,Body temperature,36.7,,Cel
O00001326,P00378,E0002059,2025-02-01 10:00:00,8867-4,Heart rate,85.0,,beats/min
O00001327,P00378,E0002059,2025-02-01 10:00:00,8310-5,Body temperature,37.5,,Cel
O00001328,P00378,E0002059,2025-02-01 11:00:00,8480-6,Systolic blood pressure,145.0,,mmHg
O00001328,P00378,E0002059,2025-02-01 11:00:00,8462-4,Diastolic blood pressure,67.0,,mmHg
O00001330,P00378,E0002059,2025-02-01 13:00:00,4548-4,Hemoglobin A1c,7.6,,%
O00001331,P00379,E0002065,2025-08-19 10:00:00,8867-4,Heart rate,82.0,,beats/min
O00001332,P00379,E0002065,2025-08-19 10:00:00,8310-5,Body temperature,37.3,,Cel
O00001333,P00379,E0002066,2025-11-08 21:00:00,8867-4,Heart rate,71.0,,beats/min
O00001334,P00379,E0002066,2025-11-08 21:00:00,8310-5,Body temperature,36.3,,Cel
O00001335,P00380,E0002071,2025-10-10 10:00:00,8867-4,Heart rate,73.0,,beats/min
O00001336,P00380,E0002071,2025-10-10 10:00:00,8310-5,Body temperature,36.9,,Cel
O00001337,P00380,E0002071,2025-10-10 11:00:00,8480-6,Systolic blood pressure,90.0,,mmHg
O00001337,P00380,E0002071,2025-10-10 11:00:00,8462-4,Diastolic blood pressure,80.0,,mmHg
O00001339,P00381,E0002076,2025-11-05 10:00:00,8867-4,Heart rate,48.0,,beats/min
O00001340,P00381,E0002076,2025-11-05 10:00:00,8310-5,Body temperature,36.3,,Cel
O00001341,P00381,E0002077,2026-04-04 21:00:00,8867-4,Heart rate,52.0,,beats/min
O00001342,P00381,E0002077,2026-04-04 21:00:00,8310-5,Body temperature,37.5,,Cel
O00001343,P00381,E0002078,2026-08-21 07:00:00,8867-4,Heart rate,62.0,,beats/min
O00001344,P00381,E0002078,2026-08-21 07:00:00,8310-5,Body temperature,36.7,,Cel
O00001345,P00382,E0002083,2025-09-24 10:00:00,8867-4,Heart rate,81.0,,beats/min
O00001346,P00382,E0002083,2025-09-24 10:00:00,8310-5,Body temperature,37.2,,Cel
O00001347,P00383,E0002090,2025-10-26 10:00:00,8867-4,Heart rate,100.0,,beats/min
O00001348,P00383,E0002090,2025-10-26 10:00:00,8310-5,Body temperature,38.2,,Cel
O00001349,P00383,E0002091,2026-03-18 03:00:00,8867-4,Heart rate,89.0,,beats/min
O00001350,P00383,E0002091,2026-03-18 03:00:00,8310-5,Body temperature,38.8,,Cel
O00001351,P00383,E0002092,2026-06-17 21:00:00,8867-4,Heart rate,71.0,,beats/min
O00001352,P00383,E0002092,2026-06-17 21:00:00,8310-5,Body temperature,37.2,,Cel
O00001353,P00384,E0002098,2025-09-24 10:00:00,8867-4,Heart rate,97.0,,beats/min
O00001354,P00384,E0002098,2025-09-24 10:00:00,8310-5,Body temperature,37.0,,Cel
O00001355,P00384,E0002098,2025-09-24 11:00:00,8480-6,Systolic blood pressure,133.0,,mmHg
O00001355,P00384,E0002098,2025-09-24 11:00:00,8462-4,Diastolic blood pressure,64.0,,mmHg
O00001357,P00384,E0002099,2026-02-11 22:00:00,8867-4,Heart rate,93.0,,beats/min
O00001358,P00384,E0002099,2026-02-11 22:00:00,8310-5,Body temperature,36.9,,Cel
O00001359,P00386,E0002115,2025-04-05 10:00:00,8867-4,Heart rate,79.0,,beats/min
O00001360,P00386,E0002115,2025-04-05 10:00:00,8310-5,Body temperature,36.7,,Cel
O00001361,P00386,E0002115,2025-04-05 11:00:00,8480-6,Systolic blood pressure,129.0,,mmHg
O00001361,P00386,E0002115,2025-04-05 11:00:00,8462-4,Diastolic blood pressure,79.0,,mmHg
O00001363,P00386,E0002115,2025-04-05 13:00:00,4548-4,Hemoglobin A1c,10.0,,%
O00001364,P00386,E0002116,2025-07-21 19:00:00,8867-4,Heart rate,92.0,,beats/min
O00001365,P00386,E0002116,2025-07-21 19:00:00,8310-5,Body temperature,37.8,,Cel
O00001366,P00386,E0002116,2025-07-21 20:00:00,8480-6,Systolic blood pressure,124.0,,mmHg
O00001366,P00386,E0002116,2025-07-21 20:00:00,8462-4,Diastolic blood pressure,79.0,,mmHg
O00001368,P00386,E0002116,2025-07-21 22:00:00,4548-4,Hemoglobin A1c,5.3,,%
O00001369,P00387,E0002118,2025-08-14 10:00:00,8867-4,Heart rate,97.0,,beats/min
O00001370,P00387,E0002118,2025-08-14 10:00:00,8310-5,Body temperature,37.0,,Cel
O00001371,P00388,E0002122,2025-04-28 10:00:00,8867-4,Heart rate,89.0,,beats/min
O00001372,P00388,E0002122,2025-04-28 10:00:00,8310-5,Body temperature,36.9,,Cel
O00001373,P00389,E0002129,2025-08-16 10:00:00,8867-4,Heart rate,85.0,,beats/min
O00001374,P00389,E0002129,2025-08-16 10:00:00,8310-5,Body temperature,36.3,,Cel
O00001375,P00389,E0002129,2025-08-16 11:00:00,8480-6,Systolic blood pressure,161.0,,mmHg
O00001375,P00389,E0002129,2025-08-16 11:00:00,8462-4,Diastolic blood pressure,73.0,,mmHg
O00001377,P00389,E0002130,2025-10-18 01:00:00,8867-4,Heart rate,92.0,,beats/min
O00001378,P00389,E0002130,2025-10-18 01:00:00,8310-5,Body temperature,35.9,,Cel
O00001379,P00389,E0002130,2025-10-18 02:00:00,8480-6,Systolic blood pressure,147.0,,mmHg
O00001379,P00389,E0002130,2025-10-18 02:00:00,8462-4,Diastolic blood pressure,68.0,,mmHg
O00001381,P00390,E0002134,2025-08-08 10:00:00,8867-4,Heart rate,82.0,,beats/min
O00001382,P00390,E0002134,2025-08-08 10:00:00,8310-5,Body temperature,35.9,,Cel
O00001383,P00391,E0002142,2025-06-27 10:00:00,8867-4,Heart rate,85.0,,beats/min
O00001384,P00391,E0002142,2025-06-27 10:00:00,8310-5,Body temperature,37.1,,Cel
O00001385,P00391,E0002143,2025-09-27 20:00:00,8867-4,Heart rate,99.0,,beats/min
O00001386,P00391,E0002143,2025-09-27 20:00:00,8310-5,Body temperature,38.9,,Cel
O00001387,P00392,E0002152,2025-07-03 10:00:00,8867-4,Heart rate,94.0,,beats/min
O00001388,P00392,E0002152,2025-07-03 10:00:00,8310-5,Body temperature,37.1,,Cel
O00001389,P00392,E0002153,2025-08-29 19:00:00,8867-4,Heart rate,95.0,,beats/min
O00001390,P00392,E0002153,2025-08-29 19:00:00,8310-5,Body temperature,35.6,,Cel
O00001391,P00393,E0002161,2025-08-13 10:00:00,8867-4,Heart rate,52.0,,beats/min
O00001392,P00393,E0002161,2025-08-13 10:00:00,8310-5,Body temperature,37.9,,Cel
O00001393,P00393,E0002162,2025-11-01 18:00:00,8867-4,Heart rate,85.0,,beats/min
O00001394,P00393,E0002162,2025-11-01 18:00:00,8310-5,Body temperature,36.7,,Cel
O00001395,P00394,E0002169,2025-03-31 10:00:00,8867-4,Heart rate,81.0,,beats/min
O00001396,P00394,E0002169,2025-03-31 10:00:00,8310-5,Body temperature,37.3,,Cel
O00001397,P00395,E0002177,2025-08-15 10:00:00,8867-4,Heart rate,78.0,,beats/min
O00001398,P00395,E0002177,2025-08-15 10:00:00,8310-5,Body temperature,36.6,,Cel
O00001399,P00395,E0002177,2025-08-15 11:00:00,8480-6,Systolic blood pressure,126.0,,mmHg
O00001399,P00395,E0002177,2025-08-15 11:00:00,8462-4,Diastolic blood pressure,60.0,,mmHg
O00001401,P00395,E0002177,2025-08-15 13:00:00,4548-4,Hemoglobin A1c,7.4,,%
O00001402,P00396,E0002183,2025-05-19 10:00:00,8867-4,Heart rate,76.0,,beats/min
O00001403,P00396,E0002183,2025-05-19 10:00:00,8310-5,Body temperature,37.2,,Cel
O00001404,P00396,E0002184,2025-09-10 01:00:00,8867-4,Heart rate,101.0,,beats/min
O00001405,P00396,E0002184,2025-09-10 01:00:00,8310-5,Body temperature,37.7,,Cel
O00001406,P00396,E0002185,2026-01-17 06:00:00,8867-4,Heart rate,100.0,,beats/min
O00001407,P00396,E0002185,2026-01-17 06:00:00,8310-5,Body temperature,37.5,,Cel
O00001408,P00397,E0002190,2025-05-29 10:00:00,8867-4,Heart rate,83.0,,beats/min
O00001409,P00397,E0002190,2025-05-29 10:00:00,8310-5,Body temperature,36.1,,Cel
O00001410,P00397,E0002191,2025-07-20 07:00:00,8867-4,Heart rate,74.0,,beats/min
O00001411,P00397,E0002191,2025-07-20 07:00:00,8310-5,Body temperature,37.9,,Cel
O00001412,P00397,E0002192,2025-09-30 18:00:00,8867-4,Heart rate,59.0,,beats/min
O00001413,P00397,E0002192,2025-09-30 18:00:00,8310-5,Body temperature,36.6,,Cel
O00001414,P00397,E0002192,2025-09-30 19:00:00,8480-6,Systolic blood pressure,157.0,,mmHg
O00001414,P00397,E0002192,2025-09-30 19:00:00,8462-4,Diastolic blood pressure,66.0,,mmHg
O00001416,P00398,E0002198,2025-08-19 10:00:00,8867-4,Heart rate,101.0,,beats/min
O00001417,P00398,E0002198,2025-08-19 10:00:00,8310-5,Body temperature,36.0,,Cel
O00001418,P00398,E0002199,2025-12-06 01:00:00,8867-4,Heart rate,73.0,,beats/min
O00001419,P00398,E0002199,2025-12-06 01:00:00,8310-5,Body temperature,36.9,,Cel
O00001420,P00399,E0002206,2025-10-26 10:00:00,8867-4,Heart rate,92.0,,beats/min
O00001421,P00399,E0002206,2025-10-26 10:00:00,8310-5,Body temperature,35.9,,Cel
O00001422,P00399,E0002207,2026-01-26 19:00:00,8867-4,Heart rate,86.0,,beats/min
O00001423,P00399,E0002207,2026-01-26 19:00:00,8310-5,Body temperature,38.2,,Cel
O00001424,P00399,E0002207,2026-01-26 20:00:00,8480-6,Systolic blood pressure,160.0,,mmHg
O00001424,P00399,E0002207,2026-01-26 20:00:00,8462-4,Diastolic blood pressure,81.0,,mmHg
O00001426,P00400,E0002210,2025-04-04 10:00:00,8867-4,Heart rate,106.0,,beats/min
O00001427,P00400,E0002210,2025-04-04 10:00:00,8310-5,Body temperature,37.6,,Cel
O00001428,P00400,E0002211,2025-05-26 01:00:00,8867-4,Heart rate,95.0,,beats/min
O00001429,P00400,E0002211,2025-05-26 01:00:00,8310-5,Body temperature,36.4,,Cel
O00001430,P00401,E0002216,2025-06-20 10:00:00,8867-4,Heart rate,75.0,,beats/min
O00001431,P00401,E0002216,2025-06-20 10:00:00,8310-5,Body temperature,38.1,,Cel
O00001432,P00401,E0002216,2025-06-20 11:00:00,8480-6,Systolic blood pressure,145.0,,mmHg
O00001432,P00401,E0002216,2025-06-20 11:00:00,8462-4,Diastolic blood pressure,79.0,,mmHg
O00001434,P00401,E0002216,2025-06-20 13:00:00,4548-4,Hemoglobin A1c,10.4,,%
O00001435,P00403,E0002225,2025-08-24 10:00:00,8867-4,Heart rate,90.0,,beats/min
O00001436,P00403,E0002225,2025-08-24 10:00:00,8310-5,Body temperature,37.8,,Cel
O00001437,P00403,E0002226,2026-01-12 22:00:00,8867-4,Heart rate,74.0,,beats/min
O00001438,P00403,E0002226,2026-01-12 22:00:00,8310-5,Body temperature,36.2,,Cel
O00001439,P00404,E0002234,2025-08-30 10:00:00,8867-4,Heart rate,82.0,,beats/min
O00001440,P00404,E0002234,2025-08-30 10:00:00,8310-5,Body temperature,37.2,,Cel
O00001441,P00405,E0002237,2025-08-03 10:00:00,8867-4,Heart rate,99.0,,beats/min
O00001442,P00405,E0002237,2025-08-03 10:00:00,8310-5,Body temperature,37.0,,Cel
O00001443,P00405,E0002237,2025-08-03 11:00:00,8480-6,Systolic blood pressure,164.0,,mmHg
O00001443,P00405,E0002237,2025-08-03 11:00:00,8462-4,Diastolic blood pressure,96.0,,mmHg
O00001445,P00406,E0002241,2025-06-28 10:00:00,8867-4,Heart rate,75.0,,beats/min
O00001446,P00406,E0002241,2025-06-28 10:00:00,8310-5,Body temperature,37.3,,Cel
O00001447,P00407,E0002247,2025-02-03 10:00:00,8867-4,Heart rate,101.0,,beats/min
O00001448,P00407,E0002247,2025-02-03 10:00:00,8310-5,Body temperature,36.5,,Cel
O00001449,P00407,E0002247,2025-02-03 13:00:00,4548-4,Hemoglobin A1c,7.0,,%
O00001450,P00409,E0002257,2025-05-09 10:00:00,8867-4,Heart rate,49.0,,beats/min
O00001451,P00409,E0002257,2025-05-09 10:00:00,8310-5,Body temperature,37.1,,Cel
O00001452,P00410,E0002262,2025-03-24 10:00:00,8867-4,Heart rate,75.0,,beats/min
O00001453,P00410,E0002262,2025-03-24 10:00:00,8310-5,Body temperature,38.0,,Cel
O00001454,P00410,E0002263,2025-07-21 05:00:00,8867-4,Heart rate,113.0,,beats/min
O00001455,P00410,E0002263,2025-07-21 05:00:00,8310-5,Body temperature,36.7,,Cel
O00001456,P00411,E0002268,2025-08-05 10:00:00,8867-4,Heart rate,89.0,,beats/min
O00001457,P00411,E0002268,2025-08-05 10:00:00,8310-5,Body temperature,36.8,,Cel
O00001458,P00412,E0002275,2025-09-10 10:00:00,8867-4,Heart rate,91.0,,beats/min
O00001459,P00412,E0002275,2025-09-10 10:00:00,8310-5,Body temperature,37.1,,Cel
O00001460,P00412,E0002275,2025-09-10 11:00:00,8480-6,Systolic blood pressure,132.0,,mmHg
O00001460,P00412,E0002275,2025-09-10 11:00:00,8462-4,Diastolic blood pressure,84.0,,mmHg
O00001462,P00413,E0002279,2025-04-20 10:00:00,8867-4,Heart rate,87.0,,beats/min
O00001463,P00413,E0002279,2025-04-20 10:00:00,8310-5,Body temperature,37.7,,Cel
O00001464,P00414,E0002283,2025-05-14 10:00:00,8867-4,Heart rate,84.0,,beats/min
O00001465,P00414,E0002283,2025-05-14 10:00:00,8310-5,Body temperature,38.1,,Cel
O00001466,P00414,E0002283,2025-05-14 11:00:00,8480-6,Systolic blood pressure,96.0,,mmHg
O00001466,P00414,E0002283,2025-05-14 11:00:00,8462-4,Diastolic blood pressure,70.0,,mmHg
O00001468,P00415,E0002287,2025-03-09 10:00:00,8867-4,Heart rate,86.0,,beats/min
O00001469,P00415,E0002287,2025-03-09 10:00:00,8310-5,Body temperature,36.8,,Cel
O00001470,P00415,E0002287,2025-03-09 11:00:00,8480-6,Systolic blood pressure,144.0,,mmHg
O00001470,P00415,E0002287,2025-03-09 11:00:00,8462-4,Diastolic blood pressure,113.0,,mmHg
O00001472,P00415,E0002287,2025-03-09 13:00:00,4548-4,Hemoglobin A1c,9.9,,%
O00001473,P00415,E0002288,2025-03-26 18:00:00,8867-4,Heart rate,72.0,,beats/min
O00001474,P00415,E0002288,2025-03-26 18:00:00,8310-5,Body temperature,36.5,,Cel
O00001475,P00415,E0002288,2025-03-26 19:00:00,8480-6,Systolic blood pressure,135.0,,mmHg
O00001475,P00415,E0002288,2025-03-26 19:00:00,8462-4,Diastolic blood pressure,74.0,,mmHg
O00001477,P00415,E0002288,2025-03-26 21:00:00,4548-4,Hemoglobin A1c,8.1,,%
O00001478,P00416,E0002291,2025-10-07 10:00:00,8867-4,Heart rate,69.0,,beats/min
O00001479,P00416,E0002291,2025-10-07 10:00:00,8310-5,Body temperature,36.5,,Cel
O00001480,P00416,E0002291,2025-10-07 11:00:00,8480-6,Systolic blood pressure,128.0,,mmHg
O00001480,P00416,E0002291,2025-10-07 11:00:00,8462-4,Diastolic blood pressure,72.0,,mmHg
O00001482,P00417,E0002297,2025-03-09 10:00:00,8867-4,Heart rate,87.0,,beats/min
O00001483,P00417,E0002297,2025-03-09 10:00:00,8310-5,Body temperature,36.9,,Cel
O00001484,P00417,E0002298,2025-06-18 20:00:00,8867-4,Heart rate,85.0,,beats/min
O00001485,P00417,E0002298,2025-06-18 20:00:00,8310-5,Body temperature,37.0,,Cel
O00001486,P00417,E0002299,2025-06-25 05:00:00,8867-4,Heart rate,95.0,,beats/min
O00001487,P00417,E0002299,2025-06-25 05:00:00,8310-5,Body temperature,37.4,,Cel
O00001488,P00418,E0002305,2025-06-13 10:00:00,8867-4,Heart rate,74.0,,beats/min
O00001489,P00418,E0002305,2025-06-13 10:00:00,8310-5,Body temperature,37.2,,Cel
O00001490,P00418,E0002306,2025-10-07 04:00:00,8867-4,Heart rate,123.0,,beats/min
O00001491,P00418,E0002306,2025-10-07 04:00:00,8310-5,Body temperature,37.8,,Cel
O00001492,P00419,E0002311,2025-10-07 10:00:00,8867-4,Heart rate,84.0,,beats/min
O00001493,P00419,E0002311,2025-10-07 10:00:00,8310-5,Body temperature,37.8,,Cel
O00001494,P00420,E0002317,2025-10-11 10:00:00,8867-4,Heart rate,58.0,,beats/min
O00001495,P00420,E0002317,2025-10-11 10:00:00,8310-5,Body temperature,38.3,,Cel
O00001496,P00421,E0002324,2025-10-20 10:00:00,8867-4,Heart rate,90.0,,beats/min
O00001497,P00421,E0002324,2025-10-20 10:00:00,8310-5,Body temperature,37.5,,Cel
O00001498,P00421,E0002324,2025-10-20 11:00:00,8480-6,Systolic blood pressure,156.0,,mmHg
O00001498,P00421,E0002324,2025-10-20 11:00:00,8462-4,Diastolic blood pressure,62.0,,mmHg
O00001500,P00422,E0002332,2025-05-07 10:00:00,8867-4,Heart rate,71.0,,beats/min
O00001501,P00422,E0002332,2025-05-07 10:00:00,8310-5,Body temperature,36.8,,Cel
O00001502,P00422,E0002332,2025-05-07 11:00:00,8480-6,Systolic blood pressure,184.0,,mmHg
O00001502,P00422,E0002332,2025-05-07 11:00:00,8462-4,Diastolic blood pressure,87.0,,mmHg
O00001504,P00423,E0002336,2025-04-23 10:00:00,8867-4,Heart rate,84.0,,beats/min
O00001505,P00423,E0002336,2025-04-23 10:00:00,8310-5,Body temperature,37.0,,Cel
O00001506,P00423,E0002337,2025-06-25 06:00:00,8867-4,Heart rate,89.0,,beats/min
O00001507,P00423,E0002337,2025-06-25 06:00:00,8310-5,Body temperature,37.5,,Cel
O00001508,P00423,E0002337,2025-06-25 07:00:00,8480-6,Systolic blood pressure,165.0,,mmHg
O00001508,P00423,E0002337,2025-06-25 07:00:00,8462-4,Diastolic blood pressure,76.0,,mmHg
O00001510,P00424,E0002343,2025-10-06 10:00:00,8867-4,Heart rate,97.0,,beats/min
O00001511,P00424,E0002343,2025-10-06 10:00:00,8310-5,Body temperature,37.4,,Cel
O00001512,P00425,E0002345,2025-10-28 10:00:00,8867-4,Heart rate,91.0,,beats/min
O00001513,P00425,E0002345,2025-10-28 10:00:00,8310-5,Body temperature,38.0,,Cel
O00001514,P00425,E0002345,2025-10-28 13:00:00,4548-4,Hemoglobin A1c,7.7,,%
O00001515,P00426,E0002354,2025-05-17 10:00:00,8867-4,Heart rate,90.0,,beats/min
O00001516,P00426,E0002354,2025-05-17 10:00:00,8310-5,Body temperature,37.2,,Cel
O00001517,P00426,E0002354,2025-05-17 11:00:00,8480-6,Systolic blood pressure,134.0,,mmHg
O00001517,P00426,E0002354,2025-05-17 11:00:00,8462-4,Diastolic blood pressure,71.0,,mmHg
O00001519,P00426,E0002354,2025-05-17 13:00:00,4548-4,Hemoglobin A1c,5.1,,%
O00001520,P00426,E0002355,2025-06-13 20:00:00,8867-4,Heart rate,48.0,,beats/min
O00001521,P00426,E0002355,2025-06-13 20:00:00,8310-5,Body temperature,36.7,,Cel
O00001522,P00426,E0002355,2025-06-13 23:00:00,4548-4,Hemoglobin A1c,6.1,,%
O00001523,P00427,E0002360,2025-09-16 10:00:00,8867-4,Heart rate,69.0,,beats/min
O00001524,P00427,E0002360,2025-09-16 10:00:00,8310-5,Body temperature,35.9,,Cel
O00001525,P00427,E0002361,2026-01-18 03:00:00,8867-4,Heart rate,92.0,,beats/min
O00001526,P00427,E0002361,2026-01-18 03:00:00,8310-5,Body temperature,38.5,,Cel
O00001527,P00428,E0002368,2025-05-06 10:00:00,8867-4,Heart rate,91.0,,beats/min
O00001528,P00428,E0002368,2025-05-06 10:00:00,8310-5,Body temperature,36.4,,Cel
O00001529,P00428,E0002369,2025-09-29 15:00:00,8867-4,Heart rate,94.0,,beats/min
O00001530,P00428,E0002369,2025-09-29 15:00:00,8310-5,Body temperature,37.5,,Cel
O00001531,P00430,E0002381,2025-03-14 10:00:00,8867-4,Heart rate,89.0,,beats/min
O00001532,P00430,E0002381,2025-03-14 10:00:00,8310-5,Body temperature,37.5,,Cel
O00001533,P00431,E0002387,2025-06-02 10:00:00,8867-4,Heart rate,76.0,,beats/min
O00001534,P00431,E0002387,2025-06-02 10:00:00,8310-5,Body temperature,37.1,,Cel
O00001535,P00432,E0002394,2025-11-29 10:00:00,8867-4,Heart rate,83.0,,beats/min
O00001536,P00432,E0002394,2025-11-29 10:00:00,8310-5,Body temperature,36.5,,Cel
O00001537,P00432,E0002394,2025-11-29 11:00:00,8480-6,Systolic blood pressure,143.0,,mmHg
O00001537,P00432,E0002394,2025-11-29 11:00:00,8462-4,Diastolic blood pressure,73.0,,mmHg
O00001539,P00433,E0002400,2025-03-22 10:00:00,8867-4,Heart rate,71.0,,beats/min
O00001540,P00433,E0002400,2025-03-22 10:00:00,8310-5,Body temperature,36.8,,Cel
O00001541,P00434,E0002407,2025-04-26 10:00:00,8867-4,Heart rate,60.0,,beats/min
O00001542,P00434,E0002407,2025-04-26 10:00:00,8310-5,Body temperature,36.9,,Cel
O00001543,P00437,E0002429,2025-07-07 10:00:00,8867-4,Heart rate,74.0,,beats/min
O00001544,P00437,E0002429,2025-07-07 10:00:00,8310-5,Body temperature,38.1,,Cel
O00001545,P00438,E0002431,2025-09-12 10:00:00,8867-4,Heart rate,75.0,,beats/min
O00001546,P00438,E0002431,2025-09-12 10:00:00,8310-5,Body temperature,37.5,,Cel
O00001547,P00438,E0002431,2025-09-12 13:00:00,4548-4,Hemoglobin A1c,7.3,,%
O00001548,P00439,E0002438,2025-10-25 10:00:00,8867-4,Heart rate,104.0,,beats/min
O00001549,P00439,E0002438,2025-10-25 10:00:00,8310-5,Body temperature,38.0,,Cel
O00001550,P00439,E0002439,2025-11-04 05:00:00,8867-4,Heart rate,80.0,,beats/min
O00001551,P00439,E0002439,2025-11-04 05:00:00,8310-5,Body temperature,37.0,,Cel
O00001552,P00439,E0002439,2025-11-04 06:00:00,8480-6,Systolic blood pressure,143.0,,mmHg
O00001552,P00439,E0002439,2025-11-04 06:00:00,8462-4,Diastolic blood pressure,89.0,,mmHg
O00001554,P00440,E0002447,2025-09-18 10:00:00,8867-4,Heart rate,80.0,,beats/min
O00001555,P00440,E0002447,2025-09-18 10:00:00,8310-5,Body temperature,36.9,,Cel
O00001556,P00440,E0002448,2026-01-11 21:00:00,8867-4,Heart rate,90.0,,beats/min
O00001557,P00440,E0002448,2026-01-11 21:00:00,8310-5,Body temperature,36.6,,Cel
O00001558,P00440,E0002449,2026-04-04 03:00:00,8867-4,Heart rate,48.0,,beats/min
O00001559,P00440,E0002449,2026-04-04 03:00:00,8310-5,Body temperature,36.1,,Cel
O00001560,P00441,E0002453,2025-10-02 10:00:00,8867-4,Heart rate,100.0,,beats/min
O00001561,P00441,E0002453,2025-10-02 10:00:00,8310-5,Body temperature,37.1,,Cel
O00001562,P00442,E0002457,2025-11-05 10:00:00,8867-4,Heart rate,84.0,,beats/min
O00001563,P00442,E0002457,2025-11-05 10:00:00,8310-5,Body temperature,36.8,,Cel
O00001564,P00443,E0002461,2025-02-11 10:00:00,8867-4,Heart rate,114.0,,beats/min
O00001565,P00443,E0002461,2025-02-11 10:00:00,8310-5,Body temperature,36.9,,Cel
O00001566,P00443,E0002461,2025-02-11 11:00:00,8480-6,Systolic blood pressure,149.0,,mmHg
O00001566,P00443,E0002461,2025-02-11 11:00:00,8462-4,Diastolic blood pressure,79.0,,mmHg
O00001568,P00444,E0002472,2025-03-22 10:00:00,8867-4,Heart rate,84.0,,beats/min
O00001569,P00444,E0002472,2025-03-22 10:00:00,8310-5,Body temperature,37.7,,Cel
O00001570,P00444,E0002473,2025-03-31 22:00:00,8867-4,Heart rate,101.0,,beats/min
O00001571,P00444,E0002473,2025-03-31 22:00:00,8310-5,Body temperature,38.0,,Cel
O00001572,P00444,E0002474,2025-04-26 18:00:00,8867-4,Heart rate,92.0,,beats/min
O00001573,P00444,E0002474,2025-04-26 18:00:00,8310-5,Body temperature,37.3,,Cel
O00001574,P00445,E0002481,2025-08-04 10:00:00,8867-4,Heart rate,58.0,,beats/min
O00001575,P00445,E0002481,2025-08-04 10:00:00,8310-5,Body temperature,37.6,,Cel
O00001576,P00445,E0002482,2025-11-16 00:00:00,8867-4,Heart rate,79.0,,beats/min
O00001577,P00445,E0002482,2025-11-16 00:00:00,8310-5,Body temperature,37.0,,Cel
O00001578,P00446,E0002484,2025-07-27 10:00:00,8867-4,Heart rate,84.0,,beats/min
O00001579,P00446,E0002484,2025-07-27 10:00:00,8310-5,Body temperature,37.1,,Cel
O00001580,P00447,E0002491,2025-05-03 10:00:00,8867-4,Heart rate,107.0,,beats/min
O00001581,P00447,E0002491,2025-05-03 10:00:00,8310-5,Body temperature,37.5,,Cel
O00001582,P00447,E0002492,2025-09-03 07:00:00,8867-4,Heart rate,68.0,,beats/min
O00001583,P00447,E0002492,2025-09-03 07:00:00,8310-5,Body temperature,37.0,,Cel
O00001584,P00448,E0002498,2025-03-10 10:00:00,8867-4,Heart rate,94.0,,beats/min
O00001585,P00448,E0002498,2025-03-10 10:00:00,8310-5,Body temperature,37.4,,Cel
O00001586,P00449,E0002504,2025-05-12 10:00:00,8867-4,Heart rate,82.0,,beats/min
O00001587,P00449,E0002504,2025-05-12 10:00:00,8310-5,Body temperature,36.7,,Cel
O00001588,P00449,E0002505,2025-09-25 17:00:00,8867-4,Heart rate,103.0,,beats/min
O00001589,P00449,E0002505,2025-09-25 17:00:00,8310-5,Body temperature,37.1,,Cel
O00001590,P00451,E0002513,2025-05-28 10:00:00,8867-4,Heart rate,100.0,,beats/min
O00001591,P00451,E0002513,2025-05-28 10:00:00,8310-5,Body temperature,36.1,,Cel
O00001592,P00452,E0002517,2025-03-02 10:00:00,8867-4,Heart rate,94.0,,beats/min
O00001593,P00452,E0002517,2025-03-02 10:00:00,8310-5,Body temperature,36.7,,Cel
O00001594,P00452,E0002518,2025-04-18 21:00:00,8867-4,Heart rate,81.0,,beats/min
O00001595,P00452,E0002518,2025-04-18 21:00:00,8310-5,Body temperature,36.9,,Cel
O00001596,P00452,E0002519,2025-07-11 17:00:00,8867-4,Heart rate,48.0,,beats/min
O00001597,P00452,E0002519,2025-07-11 17:00:00,8310-5,Body temperature,36.4,,Cel
O00001598,P00453,E0002525,2025-10-14 10:00:00,8867-4,Heart rate,80.0,,beats/min
O00001599,P00453,E0002525,2025-10-14 10:00:00,8310-5,Body temperature,37.5,,Cel
O00001600,P00453,E0002526,2025-10-27 02:00:00,8867-4,Heart rate,65.0,,beats/min
O00001601,P00453,E0002526,2025-10-27 02:00:00,8310-5,Body temperature,36.3,,Cel
O00001602,P00454,E0002529,2025-06-20 10:00:00,8867-4,Heart rate,65.0,,beats/min
O00001603,P00454,E0002529,2025-06-20 10:00:00,8310-5,Body temperature,36.5,,Cel
O00001604,P00454,E0002529,2025-06-20 11:00:00,8480-6,Systolic blood pressure,152.0,,mmHg
O00001604,P00454,E0002529,2025-06-20 11:00:00,8462-4,Diastolic blood pressure,62.0,,mmHg
O00001606,P00455,E0002538,2025-11-22 10:00:00,8867-4,Heart rate,96.0,,beats/min
O00001607,P00455,E0002538,2025-11-22 10:00:00,8310-5,Body temperature,36.2,,Cel
O00001608,P00456,E0002543,2025-10-06 10:00:00,8867-4,Heart rate,73.0,,beats/min
O00001609,P00456,E0002543,2025-10-06 10:00:00,8310-5,Body temperature,37.3,,Cel
O00001610,P00457,E0002548,2025-04-25 10:00:00,8867-4,Heart rate,84.0,,beats/min
O00001611,P00457,E0002548,2025-04-25 10:00:00,8310-5,Body temperature,35.8,,Cel
O00001612,P00457,E0002549,2025-05-03 16:00:00,8867-4,Heart rate,96.0,,beats/min
O00001613,P00457,E0002549,2025-05-03 16:00:00,8310-5,Body temperature,36.9,,Cel
O00001614,P00458,E0002553,2025-03-04 10:00:00,8867-4,Heart rate,77.0,,beats/min
O00001615,P00458,E0002553,2025-03-04 10:00:00,8310-5,Body temperature,37.3,,Cel
O00001616,P00458,E0002554,2025-07-29 02:00:00,8867-4,Heart rate,63.0,,beats/min
O00001617,P00458,E0002554,2025-07-29 02:00:00,8310-5,Body temperature,36.8,,Cel
O00001618,P00459,E0002559,2025-03-02 10:00:00,8867-4,Heart rate,126.0,,beats/min
O00001619,P00459,E0002559,2025-03-02 10:00:00,8310-5,Body temperature,36.8,,Cel
O00001620,P00460,E0002565,2025-06-26 10:00:00,8867-4,Heart rate,83.0,,beats/min
O00001621,P00460,E0002565,2025-06-26 10:00:00,8310-5,Body temperature,37.0,,Cel
O00001622,P00461,E0002572,2025-03-14 10:00:00,8867-4,Heart rate,86.0,,beats/min
O00001623,P00461,E0002572,2025-03-14 10:00:00,8310-5,Body temperature,36.6,,Cel
O00001624,P00461,E0002573,2025-07-17 14:00:00,8867-4,Heart rate,117.0,,beats/min
O00001625,P00461,E0002573,2025-07-17 14:00:00,8310-5,Body temperature,35.6,,Cel
O00001626,P00462,E0002575,2025-06-07 10:00:00,8867-4,Heart rate,97.0,,beats/min
O00001627,P00462,E0002575,2025-06-07 10:00:00,8310-5,Body temperature,37.2,,Cel
O00001628,P00463,E0002580,2025-11-10 10:00:00,8867-4,Heart rate,104.0,,beats/min
O00001629,P00463,E0002580,2025-11-10 10:00:00,8310-5,Body temperature,36.9,,Cel
O00001630,P00463,E0002580,2025-11-10 11:00:00,8480-6,Systolic blood pressure,132.0,,mmHg
O00001630,P00463,E0002580,2025-11-10 11:00:00,8462-4,Diastolic blood pressure,91.0,,mmHg
O00001632,P00463,E0002581,2026-04-06 14:00:00,8867-4,Heart rate,94.0,,beats/min
O00001633,P00463,E0002581,2026-04-06 14:00:00,8310-5,Body temperature,37.6,,Cel
O00001634,P00463,E0002581,2026-04-06 15:00:00,8480-6,Systolic blood pressure,103.0,,mmHg
O00001634,P00463,E0002581,2026-04-06 15:00:00,8462-4,Diastolic blood pressure,69.0,,mmHg
O00001636,P00464,E0002584,2025-07-31 10:00:00,8867-4,Heart rate,94.0,,beats/min
O00001637,P00464,E0002584,2025-07-31 10:00:00,8310-5,Body temperature,37.2,,Cel
O00001638,P00464,E0002584,2025-07-31 11:00:00,8480-6,Systolic blood pressure,141.0,,mmHg
O00001638,P00464,E0002584,2025-07-31 11:00:00,8462-4,Diastolic blood pressure,82.0,,mmHg
O00001640,P00465,E0002589,2025-07-14 10:00:00,8867-4,Heart rate,95.0,,beats/min
O00001641,P00465,E0002589,2025-07-14 10:00:00,8310-5,Body temperature,36.1,,Cel
O00001642,P00465,E0002589,2025-07-14 13:00:00,4548-4,Hemoglobin A1c,8.8,,%
O00001643,P00465,E0002590,2025-11-19 12:00:00,8867-4,Heart rate,99.0,,beats/min
O00001644,P00465,E0002590,2025-11-19 12:00:00,8310-5,Body temperature,37.7,,Cel
O00001645,P00465,E0002590,2025-11-19 15:00:00,4548-4,Hemoglobin A1c,8.3,,%
O00001646,P00466,E0002594,2025-08-18 10:00:00,8867-4,Heart rate,82.0,,beats/min
O00001647,P00466,E0002594,2025-08-18 10:00:00,8310-5,Body temperature,37.9,,Cel
O00001648,P00466,E0002595,2025-11-03 23:00:00,8867-4,Heart rate,92.0,,beats/min
O00001649,P00466,E0002595,2025-11-03 23:00:00,8310-5,Body temperature,38.1,,Cel
O00001650,P00467,E0002598,2025-03-09 10:00:00,8867-4,Heart rate,58.0,,beats/min
O00001651,P00467,E0002598,2025-03-09 10:00:00,8310-5,Body temperature,37.5,,Cel
O00001652,P00467,E0002598,2025-03-09 11:00:00,8480-6,Systolic blood pressure,148.0,,mmHg
O00001652,P00467,E0002598,2025-03-09 11:00:00,8462-4,Diastolic blood pressure,69.0,,mmHg
O00001654,P00467,E0002599,2025-03-21 19:00:00,8867-4,Heart rate,111.0,,beats/min
O00001655,P00467,E0002599,2025-03-21 19:00:00,8310-5,Body temperature,36.6,,Cel
O00001656,P00467,E0002599,2025-03-21 20:00:00,8480-6,Systolic blood pressure,164.0,,mmHg
O00001656,P00467,E0002599,2025-03-21 20:00:00,8462-4,Diastolic blood pressure,78.0,,mmHg
O00001658,P00468,E0002606,2025-10-28 10:00:00,8867-4,Heart rate,115.0,,beats/min
O00001659,P00468,E0002606,2025-10-28 10:00:00,8310-5,Body temperature,36.5,,Cel
O00001660,P00468,E0002606,2025-10-28 11:00:00,8480-6,Systolic blood pressure,150.0,,mmHg
O00001660,P00468,E0002606,2025-10-28 11:00:00,8462-4,Diastolic blood pressure,76.0,,mmHg
O00001662,P00468,E0002607,2026-03-28 01:00:00,8867-4,Heart rate,82.0,,beats/min
O00001663,P00468,E0002607,2026-03-28 01:00:00,8310-5,Body temperature,36.5,,Cel
O00001664,P00468,E0002607,2026-03-28 02:00:00,8480-6,Systolic blood pressure,123.0,,mmHg
O00001664,P00468,E0002607,2026-03-28 02:00:00,8462-4,Diastolic blood pressure,73.0,,mmHg
O00001666,P00469,E0002615,2025-08-25 10:00:00,8867-4,Heart rate,80.0,,beats/min
O00001667,P00469,E0002615,2025-08-25 10:00:00,8310-5,Body temperature,37.0,,Cel
O00001668,P00469,E0002616,2025-11-29 04:00:00,8867-4,Heart rate,92.0,,beats/min
O00001669,P00469,E0002616,2025-11-29 04:00:00,8310-5,Body temperature,37.9,,Cel
O00001670,P00471,E0002625,2025-05-13 10:00:00,8867-4,Heart rate,102.0,,beats/min
O00001671,P00471,E0002625,2025-05-13 10:00:00,8310-5,Body temperature,37.1,,Cel
O00001672,P00472,E0002627,2025-04-04 10:00:00,8867-4,Heart rate,94.0,,beats/min
O00001673,P00472,E0002627,2025-04-04 10:00:00,8310-5,Body temperature,35.5,,Cel
O00001674,P00472,E0002628,2025-07-14 01:00:00,8867-4,Heart rate,63.0,,beats/min
O00001675,P00472,E0002628,2025-07-14 01:00:00,8310-5,Body temperature,37.6,,Cel
O00001676,P00473,E0002633,2025-06-13 10:00:00,8867-4,Heart rate,87.0,,beats/min
O00001677,P00473,E0002633,2025-06-13 10:00:00,8310-5,Body temperature,36.3,,Cel
O00001678,P00474,E0002635,2025-11-07 10:00:00,8867-4,Heart rate,108.0,,beats/min
O00001679,P00474,E0002635,2025-11-07 10:00:00,8310-5,Body temperature,36.3,,Cel
O00001680,P00474,E0002635,2025-11-07 11:00:00,8480-6,Systolic blood pressure,122.0,,mmHg
O00001680,P00474,E0002635,2025-11-07 11:00:00,8462-4,Diastolic blood pressure,83.0,,mmHg
O00001682,P00474,E0002635,2025-11-07 13:00:00,4548-4,Hemoglobin A1c,7.5,,%
O00001683,P00476,E0002643,2025-07-26 10:00:00,8867-4,Heart rate,75.0,,beats/min
O00001684,P00476,E0002643,2025-07-26 10:00:00,8310-5,Body temperature,37.5,,Cel
O00001685,P00477,E0002649,2025-08-07 10:00:00,8867-4,Heart rate,72.0,,beats/min
O00001686,P00477,E0002649,2025-08-07 10:00:00,8310-5,Body temperature,38.5,,Cel
O00001687,P00478,E0002653,2025-06-11 10:00:00,8867-4,Heart rate,70.0,,beats/min
O00001688,P00478,E0002653,2025-06-11 10:00:00,8310-5,Body temperature,38.1,,Cel
O00001689,P00478,E0002653,2025-06-11 11:00:00,8480-6,Systolic blood pressure,133.0,,mmHg
O00001689,P00478,E0002653,2025-06-11 11:00:00,8462-4,Diastolic blood pressure,69.0,,mmHg
O00001691,P00480,E0002660,2025-03-12 10:00:00,8867-4,Heart rate,123.0,,beats/min
O00001692,P00480,E0002660,2025-03-12 10:00:00,8310-5,Body temperature,35.0,,Cel
O00001693,P00482,E0002673,2025-03-29 10:00:00,8867-4,Heart rate,88.0,,beats/min
O00001694,P00482,E0002673,2025-03-29 10:00:00,8310-5,Body temperature,37.2,,Cel
O00001695,P00482,E0002674,2025-04-28 20:00:00,8867-4,Heart rate,61.0,,beats/min
O00001696,P00482,E0002674,2025-04-28 20:00:00,8310-5,Body temperature,38.4,,Cel
O00001697,P00483,E0002681,2025-01-10 10:00:00,8867-4,Heart rate,70.0,,beats/min
O00001698,P00483,E0002681,2025-01-10 10:00:00,8310-5,Body temperature,37.3,,Cel
O00001699,P00483,E0002681,2025-01-10 13:00:00,4548-4,Hemoglobin A1c,7.3,,%
O00001700,P00483,E0002682,2025-05-25 08:00:00,8867-4,Heart rate,66.0,,beats/min
O00001701,P00483,E0002682,2025-05-25 08:00:00,8310-5,Body temperature,36.8,,Cel
O00001702,P00483,E0002683,2025-06-15 16:00:00,8867-4,Heart rate,80.0,,beats/min
O00001703,P00483,E0002683,2025-06-15 16:00:00,8310-5,Body temperature,36.8,,Cel
O00001704,P00483,E0002683,2025-06-15 19:00:00,4548-4,Hemoglobin A1c,6.8,,%
O00001705,P00484,E0002688,2025-09-24 10:00:00,8867-4,Heart rate,77.0,,beats/min
O00001706,P00484,E0002688,2025-09-24 10:00:00,8310-5,Body temperature,37.5,,Cel
O00001707,P00484,E0002688,2025-09-24 13:00:00,4548-4,Hemoglobin A1c,4.0,,%
O00001708,P00484,E0002689,2025-10-04 05:00:00,8867-4,Heart rate,71.0,,beats/min
O00001709,P00484,E0002689,2025-10-04 05:00:00,8310-5,Body temperature,36.9,,Cel
O00001710,P00486,E0002701,2025-07-25 10:00:00,8867-4,Heart rate,88.0,,beats/min
O00001711,P00486,E0002701,2025-07-25 10:00:00,8310-5,Body temperature,38.3,,Cel
O00001712,P00486,E0002702,2025-12-06 01:00:00,8867-4,Heart rate,97.0,,beats/min
O00001713,P00486,E0002702,2025-12-06 01:00:00,8310-5,Body temperature,35.8,,Cel
O00001714,P00486,E0002703,2026-03-13 13:00:00,8867-4,Heart rate,81.0,,beats/min
O00001715,P00486,E0002703,2026-03-13 13:00:00,8310-5,Body temperature,37.3,,Cel
O00001716,P00487,E0002709,2025-12-09 10:00:00,8867-4,Heart rate,79.0,,beats/min
O00001717,P00487,E0002709,2025-12-09 10:00:00,8310-5,Body temperature,36.8,,Cel
O00001718,P00488,E0002716,2025-02-17 10:00:00,8867-4,Heart rate,91.0,,beats/min
O00001719,P00488,E0002716,2025-02-17 10:00:00,8310-5,Body temperature,37.1,,Cel
O00001720,P00488,E0002716,2025-02-17 11:00:00,8480-6,Systolic blood pressure,168.0,,mmHg
O00001720,P00488,E0002716,2025-02-17 11:00:00,8462-4,Diastolic blood pressure,83.0,,mmHg
O00001722,P00489,E0002722,2025-04-23 10:00:00,8867-4,Heart rate,75.0,,beats/min
O00001723,P00489,E0002722,2025-04-23 10:00:00,8310-5,Body temperature,37.5,,Cel
O00001724,P00490,E0002731,2025-03-17 10:00:00,8867-4,Heart rate,111.0,,beats/min
O00001725,P00490,E0002731,2025-03-17 10:00:00,8310-5,Body temperature,37.0,,Cel
O00001726,P00491,E0002737,2025-10-12 10:00:00,8867-4,Heart rate,64.0,,beats/min
O00001727,P00491,E0002737,2025-10-12 10:00:00,8310-5,Body temperature,38.4,,Cel
O00001728,P00491,E0002737,2025-10-12 11:00:00,8480-6,Systolic blood pressure,140.0,,mmHg
O00001728,P00491,E0002737,2025-10-12 11:00:00,8462-4,Diastolic blood pressure,78.0,,mmHg
O00001730,P00493,E0002747,2025-06-28 10:00:00,8867-4,Heart rate,100.0,,beats/min
O00001731,P00493,E0002747,2025-06-28 10:00:00,8310-5,Body temperature,37.7,,Cel
O00001732,P00493,E0002747,2025-06-28 11:00:00,8480-6,Systolic blood pressure,159.0,,mmHg
O00001732,P00493,E0002747,2025-06-28 11:00:00,8462-4,Diastolic blood pressure,72.0,,mmHg
O00001734,P00493,E0002748,2025-09-18 23:00:00,8867-4,Heart rate,62.0,,beats/min
O00001735,P00493,E0002748,2025-09-18 23:00:00,8310-5,Body temperature,36.0,,Cel
O00001736,P00493,E0002748,2025-09-19 00:00:00,8480-6,Systolic blood pressure,133.0,,mmHg
O00001736,P00493,E0002748,2025-09-19 00:00:00,8462-4,Diastolic blood pressure,74.0,,mmHg
O00001738,P00494,E0002753,2025-10-15 10:00:00,8867-4,Heart rate,85.0,,beats/min
O00001739,P00494,E0002753,2025-10-15 10:00:00,8310-5,Body temperature,37.9,,Cel
O00001740,P00494,E0002754,2025-11-01 02:00:00,8867-4,Heart rate,66.0,,beats/min
O00001741,P00494,E0002754,2025-11-01 02:00:00,8310-5,Body temperature,36.7,,Cel
O00001742,P00496,E0002760,2025-07-02 10:00:00,8867-4,Heart rate,82.0,,beats/min
O00001743,P00496,E0002760,2025-07-02 10:00:00,8310-5,Body temperature,37.2,,Cel
O00001744,P00497,E0002767,2025-06-20 10:00:00,8867-4,Heart rate,82.0,,beats/min
O00001745,P00497,E0002767,2025-06-20 10:00:00,8310-5,Body temperature,38.0,,Cel
O00001746,P00497,E0002768,2025-08-12 21:00:00,8867-4,Heart rate,68.0,,beats/min
O00001747,P00497,E0002768,2025-08-12 21:00:00,8310-5,Body temperature,36.3,,Cel
O00001748,P00499,E0002777,2025-11-08 10:00:00,8867-4,Heart rate,58.0,,beats/min
O00001749,P00499,E0002777,2025-11-08 10:00:00,8310-5,Body temperature,36.7,,Cel
O00001750,P00500,E0002782,2025-08-14 10:00:00,8867-4,Heart rate,92.0,,beats/min
O00001751,P00500,E0002782,2025-08-14 10:00:00,8310-5,Body temperature,36.9,,Cel
O00001752,P00501,E0002788,2025-08-08 10:00:00,8867-4,Heart rate,92.0,,beats/min
O00001753,P00501,E0002788,2025-08-08 10:00:00,8310-5,Body temperature,37.0,,Cel
O00001754,P00502,E0002794,2025-11-17 10:00:00,8867-4,Heart rate,84.0,,beats/min
O00001755,P00502,E0002794,2025-11-17 10:00:00,8310-5,Body temperature,36.5,,Cel
O00001756,P00502,E0002795,2026-03-14 13:00:00,8867-4,Heart rate,79.0,,beats/min
O00001757,P00502,E0002795,2026-03-14 13:00:00,8310-5,Body temperature,35.5,,Cel
O00001758,P00502,E0002795,2026-03-14 14:00:00,8480-6,Systolic blood pressure,141.0,,mmHg
O00001758,P00502,E0002795,2026-03-14 14:00:00,8462-4,Diastolic blood pressure,70.0,,mmHg
O00001760,P00503,E0002801,2025-07-12 10:00:00,8867-4,Heart rate,91.0,,beats/min
O00001761,P00503,E0002801,2025-07-12 10:00:00,8310-5,Body temperature,37.0,,Cel
O00001762,P00506,E0002817,2025-08-26 10:00:00,8867-4,Heart rate,93.0,,beats/min
O00001763,P00506,E0002817,2025-08-26 10:00:00,8310-5,Body temperature,37.0,,Cel
O00001764,P00506,E0002817,2025-08-26 11:00:00,8480-6,Systolic blood pressure,146.0,,mmHg
O00001764,P00506,E0002817,2025-08-26 11:00:00,8462-4,Diastolic blood pressure,96.0,,mmHg
O00001766,P00506,E0002817,2025-08-26 13:00:00,4548-4,Hemoglobin A1c,7.6,,%
O00001767,P00506,E0002818,2025-12-07 19:00:00,8867-4,Heart rate,83.0,,beats/min
O00001768,P00506,E0002818,2025-12-07 19:00:00,8310-5,Body temperature,37.9,,Cel
O00001769,P00506,E0002818,2025-12-07 20:00:00,8480-6,Systolic blood pressure,170.0,,mmHg
O00001769,P00506,E0002818,2025-12-07 20:00:00,8462-4,Diastolic blood pressure,71.0,,mmHg
O00001771,P00506,E0002818,2025-12-07 22:00:00,4548-4,Hemoglobin A1c,6.2,,%
O00001772,P00507,E0002823,2025-10-24 10:00:00,8867-4,Heart rate,83.0,,beats/min
O00001773,P00507,E0002823,2025-10-24 10:00:00,8310-5,Body temperature,36.5,,Cel
O00001774,P00508,E0002828,2025-08-09 10:00:00,8867-4,Heart rate,68.0,,beats/min
O00001775,P00508,E0002828,2025-08-09 10:00:00,8310-5,Body temperature,38.4,,Cel
O00001776,P00509,E0002830,2025-01-16 10:00:00,8867-4,Heart rate,99.0,,beats/min
O00001777,P00509,E0002830,2025-01-16 10:00:00,8310-5,Body temperature,37.2,,Cel
O00001778,P00510,E0002837,2025-09-24 10:00:00,8867-4,Heart rate,74.0,,beats/min
O00001779,P00510,E0002837,2025-09-24 10:00:00,8310-5,Body temperature,36.7,,Cel
O00001780,P00513,E0002847,2025-08-13 10:00:00,8867-4,Heart rate,93.0,,beats/min
O00001781,P00513,E0002847,2025-08-13 10:00:00,8310-5,Body temperature,37.5,,Cel
O00001782,P00513,E0002848,2025-10-14 06:00:00,8867-4,Heart rate,81.0,,beats/min
O00001783,P00513,E0002848,2025-10-14 06:00:00,8310-5,Body temperature,37.3,,Cel
O00001784,P00515,E0002861,2025-08-01 10:00:00,8867-4,Heart rate,61.0,,beats/min
O00001785,P00515,E0002861,2025-08-01 10:00:00,8310-5,Body temperature,36.7,,Cel
O00001786,P00515,E0002861,2025-08-01 11:00:00,8480-6,Systolic blood pressure,113.0,,mmHg
O00001786,P00515,E0002861,2025-08-01 11:00:00,8462-4,Diastolic blood pressure,88.0,,mmHg
O00001788,P00516,E0002867,2025-06-04 10:00:00,8867-4,Heart rate,92.0,,beats/min
O00001789,P00516,E0002867,2025-06-04 10:00:00,8310-5,Body temperature,37.4,,Cel
O00001790,P00516,E0002867,2025-06-04 11:00:00,8480-6,Systolic blood pressure,131.0,,mmHg
O00001790,P00516,E0002867,2025-06-04 11:00:00,8462-4,Diastolic blood pressure,73.0,,mmHg
O00001792,P00516,E0002868,2025-06-22 21:00:00,8867-4,Heart rate,66.0,,beats/min
O00001793,P00516,E0002868,2025-06-22 21:00:00,8310-5,Body temperature,37.5,,Cel
O00001794,P00516,E0002868,2025-06-22 22:00:00,8480-6,Systolic blood pressure,157.0,,mmHg
O00001794,P00516,E0002868,2025-06-22 22:00:00,8462-4,Diastolic blood pressure,74.0,,mmHg
O00001796,P00517,E0002875,2025-06-26 10:00:00,8867-4,Heart rate,95.0,,beats/min
O00001797,P00517,E0002875,2025-06-26 10:00:00,8310-5,Body temperature,36.8,,Cel
O00001798,P00518,E0002879,2025-08-22 10:00:00,8867-4,Heart rate,89.0,,beats/min
O00001799,P00518,E0002879,2025-08-22 10:00:00,8310-5,Body temperature,37.9,,Cel
O00001800,P00518,E0002880,2025-09-10 20:00:00,8867-4,Heart rate,61.0,,beats/min
O00001801,P00518,E0002880,2025-09-10 20:00:00,8310-5,Body temperature,37.3,,Cel
O00001802,P00518,E0002881,2025-12-04 16:00:00,8867-4,Heart rate,77.0,,beats/min
O00001803,P00518,E0002881,2025-12-04 16:00:00,8310-5,Body temperature,38.0,,Cel
O00001804,P00519,E0002885,2025-05-25 10:00:00,8867-4,Heart rate,84.0,,beats/min
O00001805,P00519,E0002885,2025-05-25 10:00:00,8310-5,Body temperature,38.8,,Cel
O00001806,P00519,E0002886,2025-07-19 07:00:00,8867-4,Heart rate,55.0,,beats/min
O00001807,P00519,E0002886,2025-07-19 07:00:00,8310-5,Body temperature,36.3,,Cel
O00001808,P00521,E0002893,2025-10-15 10:00:00,8867-4,Heart rate,93.0,,beats/min
O00001809,P00521,E0002893,2025-10-15 10:00:00,8310-5,Body temperature,36.6,,Cel
O00001810,P00521,E0002894,2026-03-05 17:00:00,8867-4,Heart rate,83.0,,beats/min
O00001811,P00521,E0002894,2026-03-05 17:00:00,8310-5,Body temperature,37.2,,Cel
O00001812,P00523,E0002904,2025-08-28 10:00:00,8867-4,Heart rate,90.0,,beats/min
O00001813,P00523,E0002904,2025-08-28 10:00:00,8310-5,Body temperature,36.9,,Cel
O00001814,P00523,E0002904,2025-08-28 11:00:00,8480-6,Systolic blood pressure,140.0,,mmHg
O00001814,P00523,E0002904,2025-08-28 11:00:00,8462-4,Diastolic blood pressure,88.0,,mmHg
O00001816,P00523,E0002905,2025-09-13 01:00:00,8867-4,Heart rate,85.0,,beats/min
O00001817,P00523,E0002905,2025-09-13 01:00:00,8310-5,Body temperature,36.0,,Cel
O00001818,P00523,E0002905,2025-09-13 02:00:00,8480-6,Systolic blood pressure,133.0,,mmHg
O00001818,P00523,E0002905,2025-09-13 02:00:00,8462-4,Diastolic blood pressure,64.0,,mmHg
O00001820,P00524,E0002911,2025-09-06 10:00:00,8867-4,Heart rate,101.0,,beats/min
O00001821,P00524,E0002911,2025-09-06 10:00:00,8310-5,Body temperature,37.9,,Cel
O00001822,P00525,E0002917,2025-11-04 10:00:00,8867-4,Heart rate,99.0,,beats/min
O00001823,P00525,E0002917,2025-11-04 10:00:00,8310-5,Body temperature,36.5,,Cel
O00001824,P00525,E0002917,2025-11-04 11:00:00,8480-6,Systolic blood pressure,141.0,,mmHg
O00001824,P00525,E0002917,2025-11-04 11:00:00,8462-4,Diastolic blood pressure,65.0,,mmHg
O00001826,P00525,E0002918,2026-04-03 21:00:00,8867-4,Heart rate,69.0,,beats/min
O00001827,P00525,E0002918,2026-04-03 21:00:00,8310-5,Body temperature,35.7,,Cel
O00001828,P00525,E0002918,2026-04-03 22:00:00,8480-6,Systolic blood pressure,161.0,,mmHg
O00001828,P00525,E0002918,2026-04-03 22:00:00,8462-4,Diastolic blood pressure,69.0,,mmHg
O00001830,P00526,E0002925,2025-10-07 10:00:00,8867-4,Heart rate,88.0,,beats/min
O00001831,P00526,E0002925,2025-10-07 10:00:00,8310-5,Body temperature,36.0,,Cel
O00001832,P00527,E0002933,2025-08-02 10:00:00,8867-4,Heart rate,108.0,,beats/min
O00001833,P00527,E0002933,2025-08-02 10:00:00,8310-5,Body temperature,37.1,,Cel
O00001834,P00528,E0002938,2025-02-14 10:00:00,8867-4,Heart rate,99.0,,beats/min
O00001835,P00528,E0002938,2025-02-14 10:00:00,8310-5,Body temperature,37.4,,Cel
O00001836,P00528,E0002939,2025-06-22 18:00:00,8867-4,Heart rate,99.0,,beats/min
O00001837,P00528,E0002939,2025-06-22 18:00:00,8310-5,Body temperature,35.9,,Cel
O00001838,P00529,E0002943,2025-07-26 10:00:00,8867-4,Heart rate,79.0,,beats/min
O00001839,P00529,E0002943,2025-07-26 10:00:00,8310-5,Body temperature,36.3,,Cel
O00001840,P00531,E0002951,2025-08-15 10:00:00,8867-4,Heart rate,72.0,,beats/min
O00001841,P00531,E0002951,2025-08-15 10:00:00,8310-5,Body temperature,35.9,,Cel
O00001842,P00531,E0002952,2025-10-13 01:00:00,8867-4,Heart rate,87.0,,beats/min
O00001843,P00531,E0002952,2025-10-13 01:00:00,8310-5,Body temperature,37.5,,Cel
O00001844,P00532,E0002957,2025-09-17 10:00:00,8867-4,Heart rate,103.0,,beats/min
O00001845,P00532,E0002957,2025-09-17 10:00:00,8310-5,Body temperature,38.1,,Cel
O00001846,P00532,E0002957,2025-09-17 11:00:00,8480-6,Systolic blood pressure,148.0,,mmHg
O00001846,P00532,E0002957,2025-09-17 11:00:00,8462-4,Diastolic blood pressure,84.0,,mmHg
O00001848,P00534,E0002967,2025-04-10 10:00:00,8867-4,Heart rate,92.0,,beats/min
O00001849,P00534,E0002967,2025-04-10 10:00:00,8310-5,Body temperature,36.4,,Cel
O00001850,P00535,E0002972,2025-09-20 10:00:00,8867-4,Heart rate,90.0,,beats/min
O00001851,P00535,E0002972,2025-09-20 10:00:00,8310-5,Body temperature,37.6,,Cel
O00001852,P00536,E0002975,2025-06-01 10:00:00,8867-4,Heart rate,79.0,,beats/min
O00001853,P00536,E0002975,2025-06-01 10:00:00,8310-5,Body temperature,36.8,,Cel
O00001854,P00536,E0002976,2025-09-09 01:00:00,8867-4,Heart rate,106.0,,beats/min
O00001855,P00536,E0002976,2025-09-09 01:00:00,8310-5,Body temperature,37.1,,Cel
O00001856,P00537,E0002980,2025-03-31 10:00:00,8867-4,Heart rate,83.0,,beats/min
O00001857,P00537,E0002980,2025-03-31 10:00:00,8310-5,Body temperature,37.4,,Cel
O00001858,P00538,E0002987,2025-04-04 10:00:00,8867-4,Heart rate,77.0,,beats/min
O00001859,P00538,E0002987,2025-04-04 10:00:00,8310-5,Body temperature,36.7,,Cel
O00001860,P00540,E0002997,2025-10-31 10:00:00,8867-4,Heart rate,74.0,,beats/min
O00001861,P00540,E0002997,2025-10-31 10:00:00,8310-5,Body temperature,36.3,,Cel
O00001862,P00540,E0002998,2025-11-23 12:00:00,8867-4,Heart rate,67.0,,beats/min
O00001863,P00540,E0002998,2025-11-23 12:00:00,8310-5,Body temperature,36.9,,Cel
O00001864,P00541,E0003001,2025-01-28 10:00:00,8867-4,Heart rate,68.0,,beats/min
O00001865,P00541,E0003001,2025-01-28 10:00:00,8310-5,Body temperature,35.5,,Cel
O00001866,P00542,E0003004,2025-04-06 10:00:00,8867-4,Heart rate,89.0,,beats/min
O00001867,P00542,E0003004,2025-04-06 10:00:00,8310-5,Body temperature,37.4,,Cel
O00001868,P00543,E0003011,2025-09-22 10:00:00,8867-4,Heart rate,59.0,,beats/min
O00001869,P00543,E0003011,2025-09-22 10:00:00,8310-5,Body temperature,37.1,,Cel
O00001870,P00543,E0003011,2025-09-22 11:00:00,8480-6,Systolic blood pressure,100.0,,mmHg
O00001870,P00543,E0003011,2025-09-22 11:00:00,8462-4,Diastolic blood pressure,59.0,,mmHg
O00001872,P00543,E0003011,2025-09-22 13:00:00,4548-4,Hemoglobin A1c,5.0,,%
O00001873,P00544,E0003017,2025-10-13 10:00:00,8867-4,Heart rate,49.0,,beats/min
O00001874,P00544,E0003017,2025-10-13 10:00:00,8310-5,Body temperature,37.9,,Cel
O00001875,P00544,E0003017,2025-10-13 11:00:00,8480-6,Systolic blood pressure,156.0,,mmHg
O00001875,P00544,E0003017,2025-10-13 11:00:00,8462-4,Diastolic blood pressure,78.0,,mmHg
O00001877,P00544,E0003018,2025-11-10 04:00:00,8867-4,Heart rate,73.0,,beats/min
O00001878,P00544,E0003018,2025-11-10 04:00:00,8310-5,Body temperature,37.0,,Cel
O00001879,P00544,E0003019,2026-01-22 20:00:00,8867-4,Heart rate,66.0,,beats/min
O00001880,P00544,E0003019,2026-01-22 20:00:00,8310-5,Body temperature,38.0,,Cel
O00001881,P00547,E0003036,2025-07-19 10:00:00,8867-4,Heart rate,85.0,,beats/min
O00001882,P00547,E0003036,2025-07-19 10:00:00,8310-5,Body temperature,36.9,,Cel
O00001883,P00547,E0003037,2025-11-05 20:00:00,8867-4,Heart rate,101.0,,beats/min
O00001884,P00547,E0003037,2025-11-05 20:00:00,8310-5,Body temperature,37.2,,Cel
O00001885,P00548,E0003043,2025-07-22 10:00:00,8867-4,Heart rate,69.0,,beats/min
O00001886,P00548,E0003043,2025-07-22 10:00:00,8310-5,Body temperature,37.4,,Cel
O00001887,P00548,E0003043,2025-07-22 13:00:00,4548-4,Hemoglobin A1c,8.8,,%
O00001888,P00549,E0003047,2025-04-30 10:00:00,8867-4,Heart rate,109.0,,beats/min
O00001889,P00549,E0003047,2025-04-30 10:00:00,8310-5,Body temperature,36.7,,Cel
O00001890,P00549,E0003047,2025-04-30 11:00:00,8480-6,Systolic blood pressure,151.0,,mmHg
O00001890,P00549,E0003047,2025-04-30 11:00:00,8462-4,Diastolic blood pressure,76.0,,mmHg
O00001892,P00550,E0003052,2025-06-23 10:00:00,8867-4,Heart rate,76.0,,beats/min
O00001893,P00550,E0003052,2025-06-23 10:00:00,8310-5,Body temperature,36.6,,Cel
O00001894,P00551,E0003057,2025-04-17 10:00:00,8867-4,Heart rate,103.0,,beats/min
O00001895,P00551,E0003057,2025-04-17 10:00:00,8310-5,Body temperature,35.8,,Cel
O00001896,P00551,E0003058,2025-07-24 15:00:00,8867-4,Heart rate,90.0,,beats/min
O00001897,P00551,E0003058,2025-07-24 15:00:00,8310-5,Body temperature,36.7,,Cel
O00001898,P00552,E0003062,2025-01-24 10:00:00,8867-4,Heart rate,88.0,,beats/min
O00001899,P00552,E0003062,2025-01-24 10:00:00,8310-5,Body temperature,38.1,,Cel
O00001900,P00553,E0003069,2025-07-07 10:00:00,8867-4,Heart rate,74.0,,beats/min
O00001901,P00553,E0003069,2025-07-07 10:00:00,8310-5,Body temperature,37.6,,Cel
O00001902,P00553,E0003069,2025-07-07 11:00:00,8480-6,Systolic blood pressure,158.0,,mmHg
O00001902,P00553,E0003069,2025-07-07 11:00:00,8462-4,Diastolic blood pressure,78.0,,mmHg
O00001904,P00554,E0003073,2025-05-03 10:00:00,8867-4,Heart rate,93.0,,beats/min
O00001905,P00554,E0003073,2025-05-03 10:00:00,8310-5,Body temperature,36.1,,Cel
O00001906,P00555,E0003078,2025-04-06 10:00:00,8867-4,Heart rate,89.0,,beats/min
O00001907,P00555,E0003078,2025-04-06 10:00:00,8310-5,Body temperature,36.7,,Cel
O00001908,P00555,E0003079,2025-04-26 14:00:00,8867-4,Heart rate,73.0,,beats/min
O00001909,P00555,E0003079,2025-04-26 14:00:00,8310-5,Body temperature,37.3,,Cel
O00001910,P00557,E0003091,2025-03-31 10:00:00,8867-4,Heart rate,107.0,,beats/min
O00001911,P00557,E0003091,2025-03-31 10:00:00,8310-5,Body temperature,36.7,,Cel
O00001912,P00558,E0003096,2025-04-02 10:00:00,8867-4,Heart rate,66.0,,beats/min
O00001913,P00558,E0003096,2025-04-02 10:00:00,8310-5,Body temperature,37.4,,Cel
O00001914,P00558,E0003097,2025-09-01 05:00:00,8867-4,Heart rate,94.0,,beats/min
O00001915,P00558,E0003097,2025-09-01 05:00:00,8310-5,Body temperature,37.4,,Cel
O00001916,P00559,E0003100,2025-08-17 10:00:00,8867-4,Heart rate,98.0,,beats/min
O00001917,P00559,E0003100,2025-08-17 10:00:00,8310-5,Body temperature,36.7,,Cel
O00001918,P00559,E0003100,2025-08-17 11:00:00,8480-6,Systolic blood pressure,136.0,,mmHg
O00001918,P00559,E0003100,2025-08-17 11:00:00,8462-4,Diastolic blood pressure,80.0,,mmHg
O00001920,P00559,E0003101,2025-09-15 17:00:00,8867-4,Heart rate,63.0,,beats/min
O00001921,P00559,E0003101,2025-09-15 17:00:00,8310-5,Body temperature,36.1,,Cel
O00001922,P00559,E0003101,2025-09-15 18:00:00,8480-6,Systolic blood pressure,135.0,,mmHg
O00001922,P00559,E0003101,2025-09-15 18:00:00,8462-4,Diastolic blood pressure,75.0,,mmHg
O00001924,P00559,E0003101,2025-09-15 20:00:00,4548-4,Hemoglobin A1c,8.7,,%
O00001925,P00560,E0003104,2025-07-03 10:00:00,8867-4,Heart rate,66.0,,beats/min
O00001926,P00560,E0003104,2025-07-03 10:00:00,8310-5,Body temperature,36.5,,Cel
O00001927,P00560,E0003104,2025-07-03 11:00:00,8480-6,Systolic blood pressure,143.0,,mmHg
O00001927,P00560,E0003104,2025-07-03 11:00:00,8462-4,Diastolic blood pressure,83.0,,mmHg
O00001929,P00561,E0003111,2025-07-04 10:00:00,8867-4,Heart rate,102.0,,beats/min
O00001930,P00561,E0003111,2025-07-04 10:00:00,8310-5,Body temperature,37.1,,Cel
O00001931,P00561,E0003112,2025-11-21 15:00:00,8867-4,Heart rate,93.0,,beats/min
O00001932,P00561,E0003112,2025-11-21 15:00:00,8310-5,Body temperature,36.3,,Cel
O00001933,P00562,E0003120,2025-10-27 10:00:00,8867-4,Heart rate,91.0,,beats/min
O00001934,P00562,E0003120,2025-10-27 10:00:00,8310-5,Body temperature,36.8,,Cel
O00001935,P00562,E0003121,2026-02-12 23:00:00,8867-4,Heart rate,83.0,,beats/min
O00001936,P00562,E0003121,2026-02-12 23:00:00,8310-5,Body temperature,37.7,,Cel
O00001937,P00564,E0003134,2025-08-12 10:00:00,8867-4,Heart rate,99.0,,beats/min
O00001938,P00564,E0003134,2025-08-12 10:00:00,8310-5,Body temperature,36.1,,Cel
O00001939,P00564,E0003135,2025-11-28 22:00:00,8867-4,Heart rate,106.0,,beats/min
O00001940,P00564,E0003135,2025-11-28 22:00:00,8310-5,Body temperature,36.8,,Cel
O00001941,P00564,E0003135,2025-11-28 23:00:00,8480-6,Systolic blood pressure,162.0,,mmHg
O00001941,P00564,E0003135,2025-11-28 23:00:00,8462-4,Diastolic blood pressure,95.0,,mmHg
O00001943,P00565,E0003138,2025-03-28 10:00:00,8867-4,Heart rate,86.0,,beats/min
O00001944,P00565,E0003138,2025-03-28 10:00:00,8310-5,Body temperature,36.9,,Cel
O00001945,P00566,E0003145,2025-04-04 10:00:00,8867-4,Heart rate,79.0,,beats/min
O00001946,P00566,E0003145,2025-04-04 10:00:00,8310-5,Body temperature,36.6,,Cel
O00001947,P00566,E0003146,2025-04-12 19:00:00,8867-4,Heart rate,81.0,,beats/min
O00001948,P00566,E0003146,2025-04-12 19:00:00,8310-5,Body temperature,36.2,,Cel
O00001949,P00566,E0003147,2025-08-27 15:00:00,8867-4,Heart rate,126.0,,beats/min
O00001950,P00566,E0003147,2025-08-27 15:00:00,8310-5,Body temperature,37.1,,Cel
O00001951,P00567,E0003151,2025-09-14 10:00:00,8867-4,Heart rate,81.0,,beats/min
O00001952,P00567,E0003151,2025-09-14 10:00:00,8310-5,Body temperature,36.4,,Cel
O00001953,P00567,E0003152,2026-01-10 22:00:00,8867-4,Heart rate,71.0,,beats/min
O00001954,P00567,E0003152,2026-01-10 22:00:00,8310-5,Body temperature,37.6,,Cel
O00001955,P00568,E0003155,2025-08-09 10:00:00,8867-4,Heart rate,80.0,,beats/min
O00001956,P00568,E0003155,2025-08-09 10:00:00,8310-5,Body temperature,36.6,,Cel
O00001957,P00568,E0003156,2025-09-29 01:00:00,8867-4,Heart rate,132.0,,beats/min
O00001958,P00568,E0003156,2025-09-29 01:00:00,8310-5,Body temperature,36.9,,Cel
O00001959,P00569,E0003159,2025-10-16 10:00:00,8867-4,Heart rate,102.0,,beats/min
O00001960,P00569,E0003159,2025-10-16 10:00:00,8310-5,Body temperature,36.8,,Cel
O00001961,P00569,E0003159,2025-10-16 11:00:00,8480-6,Systolic blood pressure,161.0,,mmHg
O00001961,P00569,E0003159,2025-10-16 11:00:00,8462-4,Diastolic blood pressure,73.0,,mmHg
O00001963,P00570,E0003164,2025-04-24 10:00:00,8867-4,Heart rate,74.0,,beats/min
O00001964,P00570,E0003164,2025-04-24 10:00:00,8310-5,Body temperature,36.9,,Cel
O00001965,P00571,E0003168,2025-07-09 10:00:00,8867-4,Heart rate,65.0,,beats/min
O00001966,P00571,E0003168,2025-07-09 10:00:00,8310-5,Body temperature,36.9,,Cel
O00001967,P00572,E0003171,2025-06-17 10:00:00,8867-4,Heart rate,85.0,,beats/min
O00001968,P00572,E0003171,2025-06-17 10:00:00,8310-5,Body temperature,37.7,,Cel
O00001969,P00572,E0003171,2025-06-17 13:00:00,4548-4,Hemoglobin A1c,6.9,,%
O00001970,P00572,E0003172,2025-07-17 17:00:00,8867-4,Heart rate,74.0,,beats/min
O00001971,P00572,E0003172,2025-07-17 17:00:00,8310-5,Body temperature,37.4,,Cel
O00001972,P00572,E0003172,2025-07-17 20:00:00,4548-4,Hemoglobin A1c,8.7,,%
O00001973,P00575,E0003186,2025-09-23 10:00:00,8867-4,Heart rate,105.0,,beats/min
O00001974,P00575,E0003186,2025-09-23 10:00:00,8310-5,Body temperature,36.8,,Cel
O00001975,P00576,E0003193,2025-03-14 10:00:00,8867-4,Heart rate,73.0,,beats/min
O00001976,P00576,E0003193,2025-03-14 10:00:00,8310-5,Body temperature,35.7,,Cel
O00001977,P00576,E0003193,2025-03-14 11:00:00,8480-6,Systolic blood pressure,154.0,,mmHg
O00001977,P00576,E0003193,2025-03-14 11:00:00,8462-4,Diastolic blood pressure,83.0,,mmHg
O00001979,P00576,E0003194,2025-07-12 14:00:00,8867-4,Heart rate,87.0,,beats/min
O00001980,P00576,E0003194,2025-07-12 14:00:00,8310-5,Body temperature,36.5,,Cel
O00001981,P00576,E0003194,2025-07-12 15:00:00,8480-6,Systolic blood pressure,138.0,,mmHg
O00001981,P00576,E0003194,2025-07-12 15:00:00,8462-4,Diastolic blood pressure,73.0,,mmHg
O00001983,P00578,E0003204,2025-05-16 10:00:00,8867-4,Heart rate,114.0,,beats/min
O00001984,P00578,E0003204,2025-05-16 10:00:00,8310-5,Body temperature,38.1,,Cel
O00001985,P00578,E0003204,2025-05-16 11:00:00,8480-6,Systolic blood pressure,155.0,,mmHg
O00001985,P00578,E0003204,2025-05-16 11:00:00,8462-4,Diastolic blood pressure,96.0,,mmHg
O00001987,P00579,E0003210,2025-06-05 10:00:00,8867-4,Heart rate,86.0,,beats/min
O00001988,P00579,E0003210,2025-06-05 10:00:00,8310-5,Body temperature,37.3,,Cel
O00001989,P00580,E0003214,2025-02-18 10:00:00,8867-4,Heart rate,107.0,,beats/min
O00001990,P00580,E0003214,2025-02-18 10:00:00,8310-5,Body temperature,37.5,,Cel
O00001991,P00580,E0003214,2025-02-18 11:00:00,8480-6,Systolic blood pressure,108.0,,mmHg
O00001991,P00580,E0003214,2025-02-18 11:00:00,8462-4,Diastolic blood pressure,83.0,,mmHg
O00001993,P00581,E0003220,2025-03-10 10:00:00,8867-4,Heart rate,84.0,,beats/min
O00001994,P00581,E0003220,2025-03-10 10:00:00,8310-5,Body temperature,35.3,,Cel
O00001995,P00582,E0003226,2025-05-26 10:00:00,8867-4,Heart rate,78.0,,beats/min
O00001996,P00582,E0003226,2025-05-26 10:00:00,8310-5,Body temperature,36.8,,Cel
O00001997,P00582,E0003227,2025-09-16 02:00:00,8867-4,Heart rate,74.0,,beats/min
O00001998,P00582,E0003227,2025-09-16 02:00:00,8310-5,Body temperature,36.3,,Cel
O00001999,P00583,E0003231,2025-11-09 10:00:00,8867-4,Heart rate,83.0,,beats/min
O00002000,P00583,E0003231,2025-11-09 10:00:00,8310-5,Body temperature,37.1,,Cel
O00002001,P00583,E0003232,2026-03-05 20:00:00,8867-4,Heart rate,85.0,,beats/min
O00002002,P00583,E0003232,2026-03-05 20:00:00,8310-5,Body temperature,37.1,,Cel
O00002003,P00584,E0003235,2025-08-28 10:00:00,8867-4,Heart rate,78.0,,beats/min
O00002004,P00584,E0003235,2025-08-28 10:00:00,8310-5,Body temperature,37.1,,Cel
O00002005,P00584,E0003236,2025-10-25 06:00:00,8867-4,Heart rate,68.0,,beats/min
O00002006,P00584,E0003236,2025-10-25 06:00:00,8310-5,Body temperature,37.9,,Cel
O00002007,P00585,E0003242,2025-09-01 10:00:00,8867-4,Heart rate,104.0,,beats/min
O00002008,P00585,E0003242,2025-09-01 10:00:00,8310-5,Body temperature,37.9,,Cel
O00002009,P00585,E0003242,2025-09-01 11:00:00,8480-6,Systolic blood pressure,114.0,,mmHg
O00002009,P00585,E0003242,2025-09-01 11:00:00,8462-4,Diastolic blood pressure,56.0,,mmHg
O00002011,P00585,E0003243,2025-11-22 17:00:00,8867-4,Heart rate,72.0,,beats/min
O00002012,P00585,E0003243,2025-11-22 17:00:00,8310-5,Body temperature,37.5,,Cel
O00002013,P00585,E0003243,2025-11-22 18:00:00,8480-6,Systolic blood pressure,153.0,,mmHg
O00002013,P00585,E0003243,2025-11-22 18:00:00,8462-4,Diastolic blood pressure,83.0,,mmHg
O00002015,P00586,E0003251,2025-09-10 10:00:00,8867-4,Heart rate,97.0,,beats/min
O00002016,P00586,E0003251,2025-09-10 10:00:00,8310-5,Body temperature,37.7,,Cel
O00002017,P00587,E0003254,2025-06-09 10:00:00,8867-4,Heart rate,81.0,,beats/min
O00002018,P00587,E0003254,2025-06-09 10:00:00,8310-5,Body temperature,36.6,,Cel
O00002019,P00587,E0003254,2025-06-09 11:00:00,8480-6,Systolic blood pressure,127.0,,mmHg
O00002019,P00587,E0003254,2025-06-09 11:00:00,8462-4,Diastolic blood pressure,69.0,,mmHg
O00002021,P00587,E0003255,2025-10-25 00:00:00,8867-4,Heart rate,73.0,,beats/min
O00002022,P00587,E0003255,2025-10-25 00:00:00,8310-5,Body temperature,36.3,,Cel
O00002023,P00588,E0003260,2025-03-14 10:00:00,8867-4,Heart rate,73.0,,beats/min
O00002024,P00588,E0003260,2025-03-14 10:00:00,8310-5,Body temperature,37.4,,Cel
O00002025,P00588,E0003261,2025-05-04 22:00:00,8867-4,Heart rate,88.0,,beats/min
O00002026,P00588,E0003261,2025-05-04 22:00:00,8310-5,Body temperature,36.7,,Cel
O00002027,P00590,E0003269,2025-06-30 10:00:00,8867-4,Heart rate,99.0,,beats/min
O00002028,P00590,E0003269,2025-06-30 10:00:00,8310-5,Body temperature,36.6,,Cel
O00002029,P00590,E0003270,2025-09-06 06:00:00,8867-4,Heart rate,109.0,,beats/min
O00002030,P00590,E0003270,2025-09-06 06:00:00,8310-5,Body temperature,37.4,,Cel
O00002031,P00591,E0003276,2025-09-14 10:00:00,8867-4,Heart rate,99.0,,beats/min
O00002032,P00591,E0003276,2025-09-14 10:00:00,8310-5,Body temperature,36.2,,Cel
O00002033,P00592,E0003283,2025-10-11 10:00:00,8867-4,Heart rate,70.0,,beats/min
O00002034,P00592,E0003283,2025-10-11 10:00:00,8310-5,Body temperature,36.9,,Cel
O00002035,P00593,E0003292,2025-07-18 10:00:00,8867-4,Heart rate,74.0,,beats/min
O00002036,P00593,E0003292,2025-07-18 10:00:00,8310-5,Body temperature,35.8,,Cel
O00002037,P00593,E0003292,2025-07-18 11:00:00,8480-6,Systolic blood pressure,143.0,,mmHg
O00002037,P00593,E0003292,2025-07-18 11:00:00,8462-4,Diastolic blood pressure,72.0,,mmHg
O00002039,P00593,E0003293,2025-12-09 23:00:00,8867-4,Heart rate,104.0,,beats/min
O00002040,P00593,E0003293,2025-12-09 23:00:00,8310-5,Body temperature,37.6,,Cel
O00002041,P00593,E0003293,2025-12-10 00:00:00,8480-6,Systolic blood pressure,134.0,,mmHg
O00002041,P00593,E0003293,2025-12-10 00:00:00,8462-4,Diastolic blood pressure,87.0,,mmHg
O00002043,P00594,E0003297,2025-09-24 10:00:00,8867-4,Heart rate,72.0,,beats/min
O00002044,P00594,E0003297,2025-09-24 10:00:00,8310-5,Body temperature,36.2,,Cel
O00002045,P00594,E0003298,2026-01-13 18:00:00,8867-4,Heart rate,93.0,,beats/min
O00002046,P00594,E0003298,2026-01-13 18:00:00,8310-5,Body temperature,37.5,,Cel
O00002047,P00595,E0003304,2025-05-09 10:00:00,8867-4,Heart rate,78.0,,beats/min
O00002048,P00595,E0003304,2025-05-09 10:00:00,8310-5,Body temperature,37.5,,Cel
O00002049,P00597,E0003315,2025-04-20 10:00:00,8867-4,Heart rate,83.0,,beats/min
O00002050,P00597,E0003315,2025-04-20 10:00:00,8310-5,Body temperature,37.5,,Cel
O00002051,P00598,E0003321,2025-08-29 10:00:00,8867-4,Heart rate,73.0,,beats/min
O00002052,P00598,E0003321,2025-08-29 10:00:00,8310-5,Body temperature,36.7,,Cel
O00002053,P00598,E0003321,2025-08-29 11:00:00,8480-6,Systolic blood pressure,127.0,,mmHg
O00002053,P00598,E0003321,2025-08-29 11:00:00,8462-4,Diastolic blood pressure,75.0,,mmHg
O00002055,P00598,E0003322,2025-10-18 19:00:00,8867-4,Heart rate,99.0,,beats/min
O00002056,P00598,E0003322,2025-10-18 19:00:00,8310-5,Body temperature,37.5,,Cel
O00002057,P00598,E0003322,2025-10-18 20:00:00,8480-6,Systolic blood pressure,163.0,,mmHg
O00002057,P00598,E0003322,2025-10-18 20:00:00,8462-4,Diastolic blood pressure,90.0,,mmHg
O00002059,P00598,E0003323,2026-01-17 06:00:00,8867-4,Heart rate,80.0,,beats/min
O00002060,P00598,E0003323,2026-01-17 06:00:00,8310-5,Body temperature,37.3,,Cel
O00002061,P00598,E0003323,2026-01-17 07:00:00,8480-6,Systolic blood pressure,186.0,,mmHg
O00002061,P00598,E0003323,2026-01-17 07:00:00,8462-4,Diastolic blood pressure,73.0,,mmHg
O00002063,P00599,E0003330,2025-09-14 10:00:00,8867-4,Heart rate,79.0,,beats/min
O00002064,P00599,E0003330,2025-09-14 10:00:00,8310-5,Body temperature,36.9,,Cel
O00002065,P00599,E0003331,2025-10-08 23:00:00,8867-4,Heart rate,104.0,,beats/min
O00002066,P00599,E0003331,2025-10-08 23:00:00,8310-5,Body temperature,36.5,,Cel
O00002067,P00600,E0003336,2025-03-08 10:00:00,8867-4,Heart rate,69.0,,beats/min
O00002068,P00600,E0003336,2025-03-08 10:00:00,8310-5,Body temperature,36.4,,Cel
O00002069,P00601,E0003340,2025-09-08 10:00:00,8867-4,Heart rate,99.0,,beats/min
O00002070,P00601,E0003340,2025-09-08 10:00:00,8310-5,Body temperature,37.0,,Cel
O00002071,P00601,E0003341,2025-09-24 17:00:00,8867-4,Heart rate,71.0,,beats/min
O00002072,P00601,E0003341,2025-09-24 17:00:00,8310-5,Body temperature,36.9,,Cel
O00002073,P00602,E0003343,2025-07-25 10:00:00,8867-4,Heart rate,52.0,,beats/min
O00002074,P00602,E0003343,2025-07-25 10:00:00,8310-5,Body temperature,38.7,,Cel
O00002075,P00603,E0003347,2025-09-26 10:00:00,8867-4,Heart rate,75.0,,beats/min
O00002076,P00603,E0003347,2025-09-26 10:00:00,8310-5,Body temperature,36.4,,Cel
O00002077,P00603,E0003347,2025-09-26 11:00:00,8480-6,Systolic blood pressure,166.0,,mmHg
O00002077,P00603,E0003347,2025-09-26 11:00:00,8462-4,Diastolic blood pressure,93.0,,mmHg
O00002079,P00604,E0003352,2025-10-12 10:00:00,8867-4,Heart rate,94.0,,beats/min
O00002080,P00604,E0003352,2025-10-12 10:00:00,8310-5,Body temperature,37.4,,Cel
O00002081,P00605,E0003355,2025-09-19 10:00:00,8867-4,Heart rate,61.0,,beats/min
O00002082,P00605,E0003355,2025-09-19 10:00:00,8310-5,Body temperature,36.8,,Cel
O00002083,P00606,E0003358,2025-08-25 10:00:00,8867-4,Heart rate,95.0,,beats/min
O00002084,P00606,E0003358,2025-08-25 10:00:00,8310-5,Body temperature,37.8,,Cel
O00002085,P00607,E0003361,2025-08-12 10:00:00,8867-4,Heart rate,96.0,,beats/min
O00002086,P00607,E0003361,2025-08-12 10:00:00,8310-5,Body temperature,37.6,,Cel
O00002087,P00608,E0003366,2025-09-19 10:00:00,8867-4,Heart rate,94.0,,beats/min
O00002088,P00608,E0003366,2025-09-19 10:00:00,8310-5,Body temperature,36.6,,Cel
O00002089,P00608,E0003366,2025-09-19 11:00:00,8480-6,Systolic blood pressure,128.0,,mmHg
O00002089,P00608,E0003366,2025-09-19 11:00:00,8462-4,Diastolic blood pressure,71.0,,mmHg
O00002091,P00608,E0003366,2025-09-19 13:00:00,4548-4,Hemoglobin A1c,7.0,,%
O00002092,P00608,E0003367,2026-01-13 20:00:00,8867-4,Heart rate,77.0,,beats/min
O00002093,P00608,E0003367,2026-01-13 20:00:00,8310-5,Body temperature,36.1,,Cel
O00002094,P00608,E0003367,2026-01-13 21:00:00,8480-6,Systolic blood pressure,153.0,,mmHg
O00002094,P00608,E0003367,2026-01-13 21:00:00,8462-4,Diastolic blood pressure,70.0,,mmHg
O00002096,P00608,E0003367,2026-01-13 23:00:00,4548-4,Hemoglobin A1c,6.9,,%
O00002097,P00609,E0003373,2025-09-09 10:00:00,8867-4,Heart rate,88.0,,beats/min
O00002098,P00609,E0003373,2025-09-09 10:00:00,8310-5,Body temperature,37.1,,Cel
O00002099,P00609,E0003373,2025-09-09 11:00:00,8480-6,Systolic blood pressure,114.0,,mmHg
O00002099,P00609,E0003373,2025-09-09 11:00:00,8462-4,Diastolic blood pressure,70.0,,mmHg
O00002101,P00609,E0003374,2025-09-20 22:00:00,8867-4,Heart rate,104.0,,beats/min
O00002102,P00609,E0003374,2025-09-20 22:00:00,8310-5,Body temperature,36.9,,Cel
O00002103,P00609,E0003374,2025-09-20 23:00:00,8480-6,Systolic blood pressure,122.0,,mmHg
O00002103,P00609,E0003374,2025-09-20 23:00:00,8462-4,Diastolic blood pressure,72.0,,mmHg
O00002105,P00610,E0003380,2025-02-17 10:00:00,8867-4,Heart rate,94.0,,beats/min
O00002106,P00610,E0003380,2025-02-17 10:00:00,8310-5,Body temperature,37.0,,Cel
O00002107,P00610,E0003381,2025-06-18 22:00:00,8867-4,Heart rate,89.0,,beats/min
O00002108,P00610,E0003381,2025-06-18 22:00:00,8310-5,Body temperature,36.6,,Cel
O00002109,P00611,E0003385,2025-07-01 10:00:00,8867-4,Heart rate,82.0,,beats/min
O00002110,P00611,E0003385,2025-07-01 10:00:00,8310-5,Body temperature,37.2,,Cel
O00002111,P00611,E0003385,2025-07-01 11:00:00,8480-6,Systolic blood pressure,152.0,,mmHg
O00002111,P00611,E0003385,2025-07-01 11:00:00,8462-4,Diastolic blood pressure,78.0,,mmHg
O00002113,P00612,E0003390,2025-03-02 10:00:00,8867-4,Heart rate,76.0,,beats/min
O00002114,P00612,E0003390,2025-03-02 10:00:00,8310-5,Body temperature,36.3,,Cel
O00002115,P00612,E0003391,2025-07-05 21:00:00,8867-4,Heart rate,79.0,,beats/min
O00002116,P00612,E0003391,2025-07-05 21:00:00,8310-5,Body temperature,37.8,,Cel
O00002117,P00612,E0003392,2025-09-29 04:00:00,8867-4,Heart rate,72.0,,beats/min
O00002118,P00612,E0003392,2025-09-29 04:00:00,8310-5,Body temperature,36.9,,Cel
O00002119,P00613,E0003398,2025-02-10 10:00:00,8867-4,Heart rate,108.0,,beats/min
O00002120,P00613,E0003398,2025-02-10 10:00:00,8310-5,Body temperature,36.8,,Cel
O00002121,P00613,E0003399,2025-04-10 04:00:00,8867-4,Heart rate,90.0,,beats/min
O00002122,P00613,E0003399,2025-04-10 04:00:00,8310-5,Body temperature,37.3,,Cel
O00002123,P00613,E0003400,2025-05-09 13:00:00,8867-4,Heart rate,50.0,,beats/min
O00002124,P00613,E0003400,2025-05-09 13:00:00,8310-5,Body temperature,37.5,,Cel
O00002125,P00614,E0003406,2025-10-27 10:00:00,8867-4,Heart rate,102.0,,beats/min
O00002126,P00614,E0003406,2025-10-27 10:00:00,8310-5,Body temperature,36.8,,Cel
O00002127,P00614,E0003406,2025-10-27 13:00:00,4548-4,Hemoglobin A1c,5.3,,%
O00002128,P00615,E0003410,2025-04-20 10:00:00,8867-4,Heart rate,76.0,,beats/min
O00002129,P00615,E0003410,2025-04-20 10:00:00,8310-5,Body temperature,36.4,,Cel
O00002130,P00616,E0003416,2025-08-19 10:00:00,8867-4,Heart rate,68.0,,beats/min
O00002131,P00616,E0003416,2025-08-19 10:00:00,8310-5,Body temperature,38.1,,Cel
O00002132,P00616,E0003416,2025-08-19 13:00:00,4548-4,Hemoglobin A1c,7.9,,%
O00002133,P00617,E0003420,2025-07-11 10:00:00,8867-4,Heart rate,79.0,,beats/min
O00002134,P00617,E0003420,2025-07-11 10:00:00,8310-5,Body temperature,38.2,,Cel
O00002135,P00618,E0003428,2025-10-20 10:00:00,8867-4,Heart rate,85.0,,beats/min
O00002136,P00618,E0003428,2025-10-20 10:00:00,8310-5,Body temperature,37.0,,Cel
O00002137,P00618,E0003428,2025-10-20 11:00:00,8480-6,Systolic blood pressure,151.0,,mmHg
O00002137,P00618,E0003428,2025-10-20 11:00:00,8462-4,Diastolic blood pressure,92.0,,mmHg
O00002139,P00618,E0003428,2025-10-20 13:00:00,4548-4,Hemoglobin A1c,7.3,,%
O00002140,P00618,E0003429,2026-02-10 19:00:00,8867-4,Heart rate,88.0,,beats/min
O00002141,P00618,E0003429,2026-02-10 19:00:00,8310-5,Body temperature,36.5,,Cel
O00002142,P00618,E0003429,2026-02-10 22:00:00,4548-4,Hemoglobin A1c,6.0,,%
O00002143,P00618,E0003430,2026-03-12 09:00:00,8867-4,Heart rate,86.0,,beats/min
O00002144,P00618,E0003430,2026-03-12 09:00:00,8310-5,Body temperature,37.6,,Cel
O00002145,P00618,E0003430,2026-03-12 10:00:00,8480-6,Systolic blood pressure,135.0,,mmHg
O00002145,P00618,E0003430,2026-03-12 10:00:00,8462-4,Diastolic blood pressure,64.0,,mmHg
O00002147,P00618,E0003430,2026-03-12 12:00:00,4548-4,Hemoglobin A1c,9.1,,%
O00002148,P00619,E0003435,2025-08-24 10:00:00,8867-4,Heart rate,81.0,,beats/min
O00002149,P00619,E0003435,2025-08-24 10:00:00,8310-5,Body temperature,37.3,,Cel
O00002150,P00619,E0003436,2025-12-26 05:00:00,8867-4,Heart rate,109.0,,beats/min
O00002151,P00619,E0003436,2025-12-26 05:00:00,8310-5,Body temperature,35.7,,Cel
O00002152,P00622,E0003446,2025-03-23 10:00:00,8867-4,Heart rate,77.0,,beats/min
O00002153,P00622,E0003446,2025-03-23 10:00:00,8310-5,Body temperature,38.0,,Cel
O00002154,P00622,E0003446,2025-03-23 13:00:00,4548-4,Hemoglobin A1c,7.3,,%
O00002155,P00623,E0003450,2025-09-22 10:00:00,8867-4,Heart rate,71.0,,beats/min
O00002156,P00623,E0003450,2025-09-22 10:00:00,8310-5,Body temperature,36.2,,Cel
O00002157,P00623,E0003450,2025-09-22 11:00:00,8480-6,Systolic blood pressure,142.0,,mmHg
O00002157,P00623,E0003450,2025-09-22 11:00:00,8462-4,Diastolic blood pressure,68.0,,mmHg
O00002159,P00624,E0003453,2025-02-25 10:00:00,8867-4,Heart rate,103.0,,beats/min
O00002160,P00624,E0003453,2025-02-25 10:00:00,8310-5,Body temperature,36.0,,Cel
O00002161,P00624,E0003454,2025-06-03 21:00:00,8867-4,Heart rate,91.0,,beats/min
O00002162,P00624,E0003454,2025-06-03 21:00:00,8310-5,Body temperature,37.4,,Cel
O00002163,P00624,E0003455,2025-06-28 03:00:00,8867-4,Heart rate,89.0,,beats/min
O00002164,P00624,E0003455,2025-06-28 03:00:00,8310-5,Body temperature,37.3,,Cel
O00002165,P00625,E0003460,2025-07-03 10:00:00,8867-4,Heart rate,72.0,,beats/min
O00002166,P00625,E0003460,2025-07-03 10:00:00,8310-5,Body temperature,38.1,,Cel
O00002167,P00626,E0003466,2025-01-30 10:00:00,8867-4,Heart rate,117.0,,beats/min
O00002168,P00626,E0003466,2025-01-30 10:00:00,8310-5,Body temperature,37.4,,Cel
O00002169,P00626,E0003466,2025-01-30 11:00:00,8480-6,Systolic blood pressure,118.0,,mmHg
O00002169,P00626,E0003466,2025-01-30 11:00:00,8462-4,Diastolic blood pressure,74.0,,mmHg
O00002171,P00626,E0003467,2025-06-15 17:00:00,8867-4,Heart rate,81.0,,beats/min
O00002172,P00626,E0003467,2025-06-15 17:00:00,8310-5,Body temperature,36.2,,Cel
O00002173,P00626,E0003467,2025-06-15 18:00:00,8480-6,Systolic blood pressure,136.0,,mmHg
O00002173,P00626,E0003467,2025-06-15 18:00:00,8462-4,Diastolic blood pressure,81.0,,mmHg
O00002175,P00627,E0003471,2025-05-12 10:00:00,8867-4,Heart rate,60.0,,beats/min
O00002176,P00627,E0003471,2025-05-12 10:00:00,8310-5,Body temperature,37.9,,Cel
O00002177,P00627,E0003471,2025-05-12 11:00:00,8480-6,Systolic blood pressure,182.0,,mmHg
O00002177,P00627,E0003471,2025-05-12 11:00:00,8462-4,Diastolic blood pressure,94.0,,mmHg
O00002179,P00628,E0003474,2025-09-18 10:00:00,8867-4,Heart rate,120.0,,beats/min
O00002180,P00628,E0003474,2025-09-18 10:00:00,8310-5,Body temperature,36.5,,Cel
O00002181,P00629,E0003478,2025-07-21 10:00:00,8867-4,Heart rate,101.0,,beats/min
O00002182,P00629,E0003478,2025-07-21 10:00:00,8310-5,Body temperature,37.4,,Cel
O00002183,P00629,E0003479,2025-10-25 12:00:00,8867-4,Heart rate,80.0,,beats/min
O00002184,P00629,E0003479,2025-10-25 12:00:00,8310-5,Body temperature,36.7,,Cel
O00002185,P00632,E0003496,2025-07-28 10:00:00,8867-4,Heart rate,74.0,,beats/min
O00002186,P00632,E0003496,2025-07-28 10:00:00,8310-5,Body temperature,36.6,,Cel
O00002187,P00632,E0003497,2025-10-23 04:00:00,8867-4,Heart rate,84.0,,beats/min
O00002188,P00632,E0003497,2025-10-23 04:00:00,8310-5,Body temperature,37.0,,Cel
O00002189,P00633,E0003499,2025-06-16 10:00:00,8867-4,Heart rate,99.0,,beats/min
O00002190,P00633,E0003499,2025-06-16 10:00:00,8310-5,Body temperature,38.0,,Cel
O00002191,P00633,E0003500,2025-11-15 04:00:00,8867-4,Heart rate,78.0,,beats/min
O00002192,P00633,E0003500,2025-11-15 04:00:00,8310-5,Body temperature,36.2,,Cel
O00002193,P00634,E0003503,2025-07-08 10:00:00,8867-4,Heart rate,81.0,,beats/min
O00002194,P00634,E0003503,2025-07-08 10:00:00,8310-5,Body temperature,37.6,,Cel
O00002195,P00634,E0003504,2025-07-31 21:00:00,8867-4,Heart rate,79.0,,beats/min
O00002196,P00634,E0003504,2025-07-31 21:00:00,8310-5,Body temperature,36.1,,Cel
O00002197,P00635,E0003507,2025-07-21 10:00:00,8867-4,Heart rate,80.0,,beats/min
O00002198,P00635,E0003507,2025-07-21 10:00:00,8310-5,Body temperature,37.3,,Cel
O00002199,P00635,E0003507,2025-07-21 11:00:00,8480-6,Systolic blood pressure,124.0,,mmHg
O00002199,P00635,E0003507,2025-07-21 11:00:00,8462-4,Diastolic blood pressure,93.0,,mmHg
O00002201,P00635,E0003508,2025-10-18 02:00:00,8867-4,Heart rate,89.0,,beats/min
O00002202,P00635,E0003508,2025-10-18 02:00:00,8310-5,Body temperature,36.6,,Cel
O00002203,P00635,E0003508,2025-10-18 03:00:00,8480-6,Systolic blood pressure,106.0,,mmHg
O00002203,P00635,E0003508,2025-10-18 03:00:00,8462-4,Diastolic blood pressure,75.0,,mmHg
O00002205,P00636,E0003514,2025-03-05 10:00:00,8867-4,Heart rate,74.0,,beats/min
O00002206,P00636,E0003514,2025-03-05 10:00:00,8310-5,Body temperature,37.0,,Cel
O00002207,P00636,E0003514,2025-03-05 11:00:00,8480-6,Systolic blood pressure,142.0,,mmHg
O00002207,P00636,E0003514,2025-03-05 11:00:00,8462-4,Diastolic blood pressure,97.0,,mmHg
O00002209,P00636,E0003515,2025-03-23 17:00:00,8867-4,Heart rate,63.0,,beats/min
O00002210,P00636,E0003515,2025-03-23 17:00:00,8310-5,Body temperature,37.4,,Cel
O00002211,P00636,E0003515,2025-03-23 18:00:00,8480-6,Systolic blood pressure,134.0,,mmHg
O00002211,P00636,E0003515,2025-03-23 18:00:00,8462-4,Diastolic blood pressure,100.0,,mmHg
O00002213,P00637,E0003522,2025-06-05 10:00:00,8867-4,Heart rate,78.0,,beats/min
O00002214,P00637,E0003522,2025-06-05 10:00:00,8310-5,Body temperature,36.1,,Cel
O00002215,P00637,E0003522,2025-06-05 11:00:00,8480-6,Systolic blood pressure,130.0,,mmHg
O00002215,P00637,E0003522,2025-06-05 11:00:00,8462-4,Diastolic blood pressure,84.0,,mmHg
O00002217,P00637,E0003523,2025-07-31 00:00:00,8867-4,Heart rate,66.0,,beats/min
O00002218,P00637,E0003523,2025-07-31 00:00:00,8310-5,Body temperature,35.7,,Cel
O00002219,P00637,E0003523,2025-07-31 01:00:00,8480-6,Systolic blood pressure,118.0,,mmHg
O00002219,P00637,E0003523,2025-07-31 01:00:00,8462-4,Diastolic blood pressure,58.0,,mmHg
O00002221,P00637,E0003524,2025-11-28 17:00:00,8867-4,Heart rate,67.0,,beats/min
O00002222,P00637,E0003524,2025-11-28 17:00:00,8310-5,Body temperature,37.0,,Cel
O00002223,P00637,E0003524,2025-11-28 18:00:00,8480-6,Systolic blood pressure,135.0,,mmHg
O00002223,P00637,E0003524,2025-11-28 18:00:00,8462-4,Diastolic blood pressure,62.0,,mmHg
O00002225,P00638,E0003528,2025-09-08 10:00:00,8867-4,Heart rate,80.0,,beats/min
O00002226,P00638,E0003528,2025-09-08 10:00:00,8310-5,Body temperature,37.0,,Cel
O00002227,P00638,E0003528,2025-09-08 11:00:00,8480-6,Systolic blood pressure,158.0,,mmHg
O00002227,P00638,E0003528,2025-09-08 11:00:00,8462-4,Diastolic blood pressure,74.0,,mmHg
O00002229,P00640,E0003537,2025-08-03 10:00:00,8867-4,Heart rate,79.0,,beats/min
O00002230,P00640,E0003537,2025-08-03 10:00:00,8310-5,Body temperature,37.6,,Cel
O00002231,P00640,E0003537,2025-08-03 11:00:00,8480-6,Systolic blood pressure,135.0,,mmHg
O00002231,P00640,E0003537,2025-08-03 11:00:00,8462-4,Diastolic blood pressure,72.0,,mmHg
O00002233,P00642,E0003547,2025-09-05 10:00:00,8867-4,Heart rate,48.0,,beats/min
O00002234,P00642,E0003547,2025-09-05 10:00:00,8310-5,Body temperature,36.9,,Cel
O00002235,P00642,E0003547,2025-09-05 13:00:00,4548-4,Hemoglobin A1c,8.2,,%
O00002236,P00642,E0003548,2026-01-20 22:00:00,8867-4,Heart rate,103.0,,beats/min
O00002237,P00642,E0003548,2026-01-20 22:00:00,8310-5,Body temperature,37.4,,Cel
O00002238,P00643,E0003552,2025-10-01 10:00:00,8867-4,Heart rate,68.0,,beats/min
O00002239,P00643,E0003552,2025-10-01 10:00:00,8310-5,Body temperature,36.4,,Cel
O00002240,P00643,E0003552,2025-10-01 11:00:00,8480-6,Systolic blood pressure,162.0,,mmHg
O00002240,P00643,E0003552,2025-10-01 11:00:00,8462-4,Diastolic blood pressure,92.0,,mmHg
O00002242,P00644,E0003555,2025-02-25 10:00:00,8867-4,Heart rate,93.0,,beats/min
O00002243,P00644,E0003555,2025-02-25 10:00:00,8310-5,Body temperature,37.1,,Cel
O00002244,P00644,E0003555,2025-02-25 11:00:00,8480-6,Systolic blood pressure,139.0,,mmHg
O00002244,P00644,E0003555,2025-02-25 11:00:00,8462-4,Diastolic blood pressure,81.0,,mmHg
O00002246,P00645,E0003561,2025-06-27 10:00:00,8867-4,Heart rate,110.0,,beats/min
O00002247,P00645,E0003561,2025-06-27 10:00:00,8310-5,Body temperature,37.8,,Cel
O00002248,P00645,E0003562,2025-10-05 19:00:00,8867-4,Heart rate,73.0,,beats/min
O00002249,P00645,E0003562,2025-10-05 19:00:00,8310-5,Body temperature,36.0,,Cel
O00002250,P00646,E0003567,2025-02-11 10:00:00,8867-4,Heart rate,98.0,,beats/min
O00002251,P00646,E0003567,2025-02-11 10:00:00,8310-5,Body temperature,36.3,,Cel
O00002252,P00646,E0003568,2025-02-25 08:00:00,8867-4,Heart rate,48.0,,beats/min
O00002253,P00646,E0003568,2025-02-25 08:00:00,8310-5,Body temperature,36.0,,Cel
O00002254,P00647,E0003573,2025-10-16 10:00:00,8867-4,Heart rate,62.0,,beats/min
O00002255,P00647,E0003573,2025-10-16 10:00:00,8310-5,Body temperature,39.3,,Cel
O00002256,P00648,E0003577,2025-10-31 10:00:00,8867-4,Heart rate,72.0,,beats/min
O00002257,P00648,E0003577,2025-10-31 10:00:00,8310-5,Body temperature,37.1,,Cel
O00002258,P00648,E0003577,2025-10-31 11:00:00,8480-6,Systolic blood pressure,140.0,,mmHg
O00002258,P00648,E0003577,2025-10-31 11:00:00,8462-4,Diastolic blood pressure,59.0,,mmHg
O00002260,P00649,E0003583,2025-04-03 10:00:00,8867-4,Heart rate,86.0,,beats/min
O00002261,P00649,E0003583,2025-04-03 10:00:00,8310-5,Body temperature,36.4,,Cel
O00002262,P00649,E0003583,2025-04-03 11:00:00,8480-6,Systolic blood pressure,155.0,,mmHg
O00002262,P00649,E0003583,2025-04-03 11:00:00,8462-4,Diastolic blood pressure,50.0,,mmHg
O00002264,P00649,E0003583,2025-04-03 13:00:00,4548-4,Hemoglobin A1c,7.1,,%
O00002265,P00649,E0003584,2025-08-29 21:00:00,8867-4,Heart rate,88.0,,beats/min
O00002266,P00649,E0003584,2025-08-29 21:00:00,8310-5,Body temperature,37.3,,Cel
O00002267,P00649,E0003584,2025-08-29 22:00:00,8480-6,Systolic blood pressure,110.0,,mmHg
O00002267,P00649,E0003584,2025-08-29 22:00:00,8462-4,Diastolic blood pressure,75.0,,mmHg
O00002269,P00649,E0003584,2025-08-30 00:00:00,4548-4,Hemoglobin A1c,7.8,,%
O00002270,P00650,E0003594,2025-11-27 10:00:00,8867-4,Heart rate,58.0,,beats/min
O00002271,P00650,E0003594,2025-11-27 10:00:00,8310-5,Body temperature,38.4,,Cel
O00002272,P00650,E0003594,2025-11-27 11:00:00,8480-6,Systolic blood pressure,124.0,,mmHg
O00002272,P00650,E0003594,2025-11-27 11:00:00,8462-4,Diastolic blood pressure,88.0,,mmHg
O00002274,P00651,E0003602,2025-10-18 10:00:00,8867-4,Heart rate,106.0,,beats/min
O00002275,P00651,E0003602,2025-10-18 10:00:00,8310-5,Body temperature,35.5,,Cel
O00002276,P00651,E0003603,2026-03-02 03:00:00,8867-4,Heart rate,88.0,,beats/min
O00002277,P00651,E0003603,2026-03-02 03:00:00,8310-5,Body temperature,36.6,,Cel
O00002278,P00651,E0003604,2026-04-19 08:00:00,8867-4,Heart rate,95.0,,beats/min
O00002279,P00651,E0003604,2026-04-19 08:00:00,8310-5,Body temperature,37.5,,Cel
O00002280,P00652,E0003609,2025-11-04 10:00:00,8867-4,Heart rate,48.0,,beats/min
O00002281,P00652,E0003609,2025-11-04 10:00:00,8310-5,Body temperature,37.4,,Cel
O00002282,P00652,E0003610,2026-02-11 01:00:00,8867-4,Heart rate,94.0,,beats/min
O00002283,P00652,E0003610,2026-02-11 01:00:00,8310-5,Body temperature,37.3,,Cel
O00002284,P00652,E0003611,2026-04-18 11:00:00,8867-4,Heart rate,104.0,,beats/min
O00002285,P00652,E0003611,2026-04-18 11:00:00,8310-5,Body temperature,37.6,,Cel
O00002286,P00653,E0003615,2025-03-10 10:00:00,8867-4,Heart rate,82.0,,beats/min
O00002287,P00653,E0003615,2025-03-10 10:00:00,8310-5,Body temperature,35.2,,Cel
O00002288,P00653,E0003615,2025-03-10 11:00:00,8480-6,Systolic blood pressure,133.0,,mmHg
O00002288,P00653,E0003615,2025-03-10 11:00:00,8462-4,Diastolic blood pressure,66.0,,mmHg
O00002290,P00654,E0003618,2025-10-18 10:00:00,8867-4,Heart rate,76.0,,beats/min
O00002291,P00654,E0003618,2025-10-18 10:00:00,8310-5,Body temperature,36.0,,Cel
O00002292,P00655,E0003626,2025-04-15 10:00:00,8867-4,Heart rate,109.0,,beats/min
O00002293,P00655,E0003626,2025-04-15 10:00:00,8310-5,Body temperature,34.5,,Cel
O00002294,P00655,E0003626,2025-04-15 11:00:00,8480-6,Systolic blood pressure,153.0,,mmHg
O00002294,P00655,E0003626,2025-04-15 11:00:00,8462-4,Diastolic blood pressure,73.0,,mmHg
O00002296,P00655,E0003627,2025-07-15 03:00:00,8867-4,Heart rate,50.0,,beats/min
O00002297,P00655,E0003627,2025-07-15 03:00:00,8310-5,Body temperature,36.8,,Cel
O00002298,P00655,E0003627,2025-07-15 04:00:00,8480-6,Systolic blood pressure,169.0,,mmHg
O00002298,P00655,E0003627,2025-07-15 04:00:00,8462-4,Diastolic blood pressure,72.0,,mmHg
O00002300,P00655,E0003628,2025-11-23 11:00:00,8867-4,Heart rate,87.0,,beats/min
O00002301,P00655,E0003628,2025-11-23 11:00:00,8310-5,Body temperature,37.3,,Cel
O00002302,P00655,E0003628,2025-11-23 12:00:00,8480-6,Systolic blood pressure,166.0,,mmHg
O00002302,P00655,E0003628,2025-11-23 12:00:00,8462-4,Diastolic blood pressure,70.0,,mmHg
O00002304,P00656,E0003633,2025-05-03 10:00:00,8867-4,Heart rate,87.0,,beats/min
O00002305,P00656,E0003633,2025-05-03 10:00:00,8310-5,Body temperature,36.6,,Cel
O00002306,P00658,E0003641,2025-11-30 10:00:00,8867-4,Heart rate,89.0,,beats/min
O00002307,P00658,E0003641,2025-11-30 10:00:00,8310-5,Body temperature,36.4,,Cel
O00002308,P00659,E0003647,2025-06-12 10:00:00,8867-4,Heart rate,106.0,,beats/min
O00002309,P00659,E0003647,2025-06-12 10:00:00,8310-5,Body temperature,36.8,,Cel
O00002310,P00659,E0003647,2025-06-12 11:00:00,8480-6,Systolic blood pressure,175.0,,mmHg
O00002310,P00659,E0003647,2025-06-12 11:00:00,8462-4,Diastolic blood pressure,75.0,,mmHg
O00002312,P00659,E0003648,2025-08-27 22:00:00,8867-4,Heart rate,96.0,,beats/min
O00002313,P00659,E0003648,2025-08-27 22:00:00,8310-5,Body temperature,36.4,,Cel
O00002314,P00659,E0003648,2025-08-27 23:00:00,8480-6,Systolic blood pressure,98.0,,mmHg
O00002314,P00659,E0003648,2025-08-27 23:00:00,8462-4,Diastolic blood pressure,58.0,,mmHg
O00002316,P00660,E0003656,2025-04-23 10:00:00,8867-4,Heart rate,94.0,,beats/min
O00002317,P00660,E0003656,2025-04-23 10:00:00,8310-5,Body temperature,36.8,,Cel
O00002318,P00661,E0003660,2025-02-14 10:00:00,8867-4,Heart rate,48.0,,beats/min
O00002319,P00661,E0003660,2025-02-14 10:00:00,8310-5,Body temperature,37.8,,Cel
O00002320,P00662,E0003666,2025-09-20 10:00:00,8867-4,Heart rate,95.0,,beats/min
O00002321,P00662,E0003666,2025-09-20 10:00:00,8310-5,Body temperature,37.3,,Cel
O00002322,P00662,E0003667,2026-01-19 18:00:00,8867-4,Heart rate,88.0,,beats/min
O00002323,P00662,E0003667,2026-01-19 18:00:00,8310-5,Body temperature,36.9,,Cel
O00002324,P00663,E0003677,2025-09-06 10:00:00,8867-4,Heart rate,58.0,,beats/min
O00002325,P00663,E0003677,2025-09-06 10:00:00,8310-5,Body temperature,38.5,,Cel
O00002326,P00664,E0003680,2025-07-07 10:00:00,8867-4,Heart rate,80.0,,beats/min
O00002327,P00664,E0003680,2025-07-07 10:00:00,8310-5,Body temperature,37.0,,Cel
O00002328,P00664,E0003681,2025-09-29 17:00:00,8867-4,Heart rate,75.0,,beats/min
O00002329,P00664,E0003681,2025-09-29 17:00:00,8310-5,Body temperature,36.3,,Cel
O00002330,P00665,E0003688,2025-02-10 10:00:00,8867-4,Heart rate,96.0,,beats/min
O00002331,P00665,E0003688,2025-02-10 10:00:00,8310-5,Body temperature,38.7,,Cel
O00002332,P00665,E0003689,2025-04-19 03:00:00,8867-4,Heart rate,95.0,,beats/min
O00002333,P00665,E0003689,2025-04-19 03:00:00,8310-5,Body temperature,37.0,,Cel
O00002334,P00665,E0003689,2025-04-19 04:00:00,8480-6,Systolic blood pressure,137.0,,mmHg
O00002334,P00665,E0003689,2025-04-19 04:00:00,8462-4,Diastolic blood pressure,92.0,,mmHg
O00002336,P00666,E0003693,2025-02-21 10:00:00,8867-4,Heart rate,93.0,,beats/min
O00002337,P00666,E0003693,2025-02-21 10:00:00,8310-5,Body temperature,36.9,,Cel
O00002338,P00666,E0003694,2025-05-08 21:00:00,8867-4,Heart rate,92.0,,beats/min
O00002339,P00666,E0003694,2025-05-08 21:00:00,8310-5,Body temperature,38.1,,Cel
O00002340,P00667,E0003698,2025-01-17 10:00:00,8867-4,Heart rate,80.0,,beats/min
O00002341,P00667,E0003698,2025-01-17 10:00:00,8310-5,Body temperature,36.8,,Cel
O00002342,P00667,E0003699,2025-04-07 00:00:00,8867-4,Heart rate,91.0,,beats/min
O00002343,P00667,E0003699,2025-04-07 00:00:00,8310-5,Body temperature,37.7,,Cel
O00002344,P00667,E0003700,2025-07-03 10:00:00,8867-4,Heart rate,101.0,,beats/min
O00002345,P00667,E0003700,2025-07-03 10:00:00,8310-5,Body temperature,36.1,,Cel
O00002346,P00668,E0003706,2025-05-12 10:00:00,8867-4,Heart rate,96.0,,beats/min
O00002347,P00668,E0003706,2025-05-12 10:00:00,8310-5,Body temperature,37.0,,Cel
O00002348,P00668,E0003707,2025-08-23 03:00:00,8867-4,Heart rate,82.0,,beats/min
O00002349,P00668,E0003707,2025-08-23 03:00:00,8310-5,Body temperature,35.8,,Cel
O00002350,P00668,E0003708,2025-09-12 07:00:00,8867-4,Heart rate,98.0,,beats/min
O00002351,P00668,E0003708,2025-09-12 07:00:00,8310-5,Body temperature,36.9,,Cel
O00002352,P00669,E0003711,2025-09-27 10:00:00,8867-4,Heart rate,79.0,,beats/min
O00002353,P00669,E0003711,2025-09-27 10:00:00,8310-5,Body temperature,36.2,,Cel
O00002354,P00670,E0003716,2025-11-07 10:00:00,8867-4,Heart rate,55.0,,beats/min
O00002355,P00670,E0003716,2025-11-07 10:00:00,8310-5,Body temperature,36.2,,Cel
O00002356,P00671,E0003720,2025-10-23 10:00:00,8867-4,Heart rate,80.0,,beats/min
O00002357,P00671,E0003720,2025-10-23 10:00:00,8310-5,Body temperature,37.3,,Cel
O00002358,P00672,E0003724,2025-06-10 10:00:00,8867-4,Heart rate,90.0,,beats/min
O00002359,P00672,E0003724,2025-06-10 10:00:00,8310-5,Body temperature,37.3,,Cel
O00002360,P00672,E0003724,2025-06-10 13:00:00,4548-4,Hemoglobin A1c,6.1,,%
O00002361,P00672,E0003725,2025-06-30 16:00:00,8867-4,Heart rate,70.0,,beats/min
O00002362,P00672,E0003725,2025-06-30 16:00:00,8310-5,Body temperature,36.7,,Cel
O00002363,P00672,E0003725,2025-06-30 19:00:00,4548-4,Hemoglobin A1c,6.2,,%
O00002364,P00673,E0003732,2025-10-18 10:00:00,8867-4,Heart rate,93.0,,beats/min
O00002365,P00673,E0003732,2025-10-18 10:00:00,8310-5,Body temperature,37.0,,Cel
O00002366,P00673,E0003733,2025-12-29 00:00:00,8867-4,Heart rate,98.0,,beats/min
O00002367,P00673,E0003733,2025-12-29 00:00:00,8310-5,Body temperature,37.4,,Cel
O00002368,P00673,E0003733,2025-12-29 03:00:00,4548-4,Hemoglobin A1c,7.8,,%
O00002369,P00674,E0003739,2025-02-19 10:00:00,8867-4,Heart rate,93.0,,beats/min
O00002370,P00674,E0003739,2025-02-19 10:00:00,8310-5,Body temperature,35.5,,Cel
O00002371,P00674,E0003740,2025-07-17 23:00:00,8867-4,Heart rate,101.0,,beats/min
O00002372,P00674,E0003740,2025-07-17 23:00:00,8310-5,Body temperature,36.3,,Cel
O00002373,P00674,E0003741,2025-07-25 03:00:00,8867-4,Heart rate,99.0,,beats/min
O00002374,P00674,E0003741,2025-07-25 03:00:00,8310-5,Body temperature,37.0,,Cel
O00002375,P00675,E0003746,2025-09-29 10:00:00,8867-4,Heart rate,100.0,,beats/min
O00002376,P00675,E0003746,2025-09-29 10:00:00,8310-5,Body temperature,36.6,,Cel
O00002377,P00676,E0003753,2025-08-05 10:00:00,8867-4,Heart rate,85.0,,beats/min
O00002378,P00676,E0003753,2025-08-05 10:00:00,8310-5,Body temperature,36.4,,Cel
O00002379,P00676,E0003754,2025-11-14 16:00:00,8867-4,Heart rate,90.0,,beats/min
O00002380,P00676,E0003754,2025-11-14 16:00:00,8310-5,Body temperature,35.8,,Cel
O00002381,P00677,E0003760,2025-08-14 10:00:00,8867-4,Heart rate,90.0,,beats/min
O00002382,P00677,E0003760,2025-08-14 10:00:00,8310-5,Body temperature,37.1,,Cel
O00002383,P00677,E0003761,2025-11-01 22:00:00,8867-4,Heart rate,125.0,,beats/min
O00002384,P00677,E0003761,2025-11-01 22:00:00,8310-5,Body temperature,37.2,,Cel
O00002385,P00678,E0003767,2025-10-07 10:00:00,8867-4,Heart rate,71.0,,beats/min
O00002386,P00678,E0003767,2025-10-07 10:00:00,8310-5,Body temperature,38.0,,Cel
O00002387,P00678,E0003768,2026-02-27 20:00:00,8867-4,Heart rate,82.0,,beats/min
O00002388,P00678,E0003768,2026-02-27 20:00:00,8310-5,Body temperature,36.0,,Cel
O00002389,P00679,E0003776,2025-05-11 10:00:00,8867-4,Heart rate,91.0,,beats/min
O00002390,P00679,E0003776,2025-05-11 10:00:00,8310-5,Body temperature,38.0,,Cel
O00002391,P00679,E0003776,2025-05-11 11:00:00,8480-6,Systolic blood pressure,123.0,,mmHg
O00002391,P00679,E0003776,2025-05-11 11:00:00,8462-4,Diastolic blood pressure,84.0,,mmHg
O00002393,P00679,E0003776,2025-05-11 13:00:00,4548-4,Hemoglobin A1c,6.7,,%
O00002394,P00679,E0003777,2025-05-27 00:00:00,8867-4,Heart rate,85.0,,beats/min
O00002395,P00679,E0003777,2025-05-27 00:00:00,8310-5,Body temperature,37.0,,Cel
O00002396,P00679,E0003777,2025-05-27 01:00:00,8480-6,Systolic blood pressure,144.0,,mmHg
O00002396,P00679,E0003777,2025-05-27 01:00:00,8462-4,Diastolic blood pressure,83.0,,mmHg
O00002398,P00679,E0003777,2025-05-27 03:00:00,4548-4,Hemoglobin A1c,7.5,,%
O00002399,P00680,E0003780,2025-03-30 10:00:00,8867-4,Heart rate,120.0,,beats/min
O00002400,P00680,E0003780,2025-03-30 10:00:00,8310-5,Body temperature,36.9,,Cel
O00002401,P00680,E0003780,2025-03-30 11:00:00,8480-6,Systolic blood pressure,139.0,,mmHg
O00002401,P00680,E0003780,2025-03-30 11:00:00,8462-4,Diastolic blood pressure,86.0,,mmHg
O00002403,P00681,E0003787,2025-03-26 10:00:00,8867-4,Heart rate,58.0,,beats/min
O00002404,P00681,E0003787,2025-03-26 10:00:00,8310-5,Body temperature,36.8,,Cel
O00002405,P00681,E0003788,2025-07-28 14:00:00,8867-4,Heart rate,95.0,,beats/min
O00002406,P00681,E0003788,2025-07-28 14:00:00,8310-5,Body temperature,37.9,,Cel
O00002407,P00684,E0003804,2025-02-02 10:00:00,8867-4,Heart rate,72.0,,beats/min
O00002408,P00684,E0003804,2025-02-02 10:00:00,8310-5,Body temperature,37.0,,Cel
O00002409,P00685,E0003810,2025-05-24 10:00:00,8867-4,Heart rate,102.0,,beats/min
O00002410,P00685,E0003810,2025-05-24 10:00:00,8310-5,Body temperature,36.1,,Cel
O00002411,P00687,E0003820,2025-06-01 10:00:00,8867-4,Heart rate,80.0,,beats/min
O00002412,P00687,E0003820,2025-06-01 10:00:00,8310-5,Body temperature,37.1,,Cel
O00002413,P00687,E0003820,2025-06-01 11:00:00,8480-6,Systolic blood pressure,113.0,,mmHg
O00002413,P00687,E0003820,2025-06-01 11:00:00,8462-4,Diastolic blood pressure,89.0,,mmHg
O00002415,P00687,E0003820,2025-06-01 13:00:00,4548-4,Hemoglobin A1c,9.5,,%
O00002416,P00687,E0003821,2025-06-09 19:00:00,8867-4,Heart rate,58.0,,beats/min
O00002417,P00687,E0003821,2025-06-09 19:00:00,8310-5,Body temperature,36.7,,Cel
O00002418,P00687,E0003821,2025-06-09 20:00:00,8480-6,Systolic blood pressure,125.0,,mmHg
O00002418,P00687,E0003821,2025-06-09 20:00:00,8462-4,Diastolic blood pressure,70.0,,mmHg
O00002420,P00688,E0003826,2025-04-10 10:00:00,8867-4,Heart rate,70.0,,beats/min
O00002421,P00688,E0003826,2025-04-10 10:00:00,8310-5,Body temperature,37.2,,Cel
O00002422,P00688,E0003827,2025-05-07 04:00:00,8867-4,Heart rate,78.0,,beats/min
O00002423,P00688,E0003827,2025-05-07 04:00:00,8310-5,Body temperature,38.3,,Cel
O00002424,P00689,E0003829,2025-07-24 10:00:00,8867-4,Heart rate,50.0,,beats/min
O00002425,P00689,E0003829,2025-07-24 10:00:00,8310-5,Body temperature,37.1,,Cel
O00002426,P00689,E0003829,2025-07-24 11:00:00,8480-6,Systolic blood pressure,155.0,,mmHg
O00002426,P00689,E0003829,2025-07-24 11:00:00,8462-4,Diastolic blood pressure,94.0,,mmHg
O00002428,P00689,E0003829,2025-07-24 13:00:00,4548-4,Hemoglobin A1c,8.2,,%
O00002429,P00689,E0003830,2025-09-20 21:00:00,8867-4,Heart rate,67.0,,beats/min
O00002430,P00689,E0003830,2025-09-20 21:00:00,8310-5,Body temperature,36.3,,Cel
O00002431,P00689,E0003830,2025-09-20 22:00:00,8480-6,Systolic blood pressure,129.0,,mmHg
O00002431,P00689,E0003830,2025-09-20 22:00:00,8462-4,Diastolic blood pressure,73.0,,mmHg
O00002433,P00689,E0003830,2025-09-21 00:00:00,4548-4,Hemoglobin A1c,6.6,,%
O00002434,P00689,E0003831,2025-10-21 10:00:00,8867-4,Heart rate,76.0,,beats/min
O00002435,P00689,E0003831,2025-10-21 10:00:00,8310-5,Body temperature,36.8,,Cel
O00002436,P00689,E0003831,2025-10-21 11:00:00,8480-6,Systolic blood pressure,129.0,,mmHg
O00002436,P00689,E0003831,2025-10-21 11:00:00,8462-4,Diastolic blood pressure,78.0,,mmHg
O00002438,P00689,E0003831,2025-10-21 13:00:00,4548-4,Hemoglobin A1c,7.9,,%
O00002439,P00690,E0003839,2025-08-06 10:00:00,8867-4,Heart rate,66.0,,beats/min
O00002440,P00690,E0003839,2025-08-06 10:00:00,8310-5,Body temperature,37.5,,Cel
O00002441,P00691,E0003846,2025-09-03 10:00:00,8867-4,Heart rate,79.0,,beats/min
O00002442,P00691,E0003846,2025-09-03 10:00:00,8310-5,Body temperature,37.2,,Cel
O00002443,P00692,E0003852,2025-10-15 10:00:00,8867-4,Heart rate,110.0,,beats/min
O00002444,P00692,E0003852,2025-10-15 10:00:00,8310-5,Body temperature,36.8,,Cel
O00002445,P00693,E0003860,2025-01-19 10:00:00,8867-4,Heart rate,73.0,,beats/min
O00002446,P00693,E0003860,2025-01-19 10:00:00,8310-5,Body temperature,36.3,,Cel
O00002447,P00693,E0003860,2025-01-19 11:00:00,8480-6,Systolic blood pressure,91.0,,mmHg
O00002447,P00693,E0003860,2025-01-19 11:00:00,8462-4,Diastolic blood pressure,78.0,,mmHg
O00002449,P00694,E0003863,2025-09-11 10:00:00,8867-4,Heart rate,91.0,,beats/min
O00002450,P00694,E0003863,2025-09-11 10:00:00,8310-5,Body temperature,36.6,,Cel
O00002451,P00694,E0003863,2025-09-11 11:00:00,8480-6,Systolic blood pressure,120.0,,mmHg
O00002451,P00694,E0003863,2025-09-11 11:00:00,8462-4,Diastolic blood pressure,72.0,,mmHg
O00002453,P00694,E0003864,2026-01-04 20:00:00,8867-4,Heart rate,93.0,,beats/min
O00002454,P00694,E0003864,2026-01-04 20:00:00,8310-5,Body temperature,38.6,,Cel
O00002455,P00694,E0003864,2026-01-04 21:00:00,8480-6,Systolic blood pressure,147.0,,mmHg
O00002455,P00694,E0003864,2026-01-04 21:00:00,8462-4,Diastolic blood pressure,67.0,,mmHg
O00002457,P00694,E0003865,2026-01-21 10:00:00,8867-4,Heart rate,75.0,,beats/min
O00002458,P00694,E0003865,2026-01-21 10:00:00,8310-5,Body temperature,37.6,,Cel
O00002459,P00695,E0003869,2025-03-08 10:00:00,8867-4,Heart rate,69.0,,beats/min
O00002460,P00695,E0003869,2025-03-08 10:00:00,8310-5,Body temperature,37.6,,Cel
O00002461,P00695,E0003869,2025-03-08 11:00:00,8480-6,Systolic blood pressure,134.0,,mmHg
O00002461,P00695,E0003869,2025-03-08 11:00:00,8462-4,Diastolic blood pressure,75.0,,mmHg
O00002463,P00695,E0003870,2025-03-25 16:00:00,8867-4,Heart rate,102.0,,beats/min
O00002464,P00695,E0003870,2025-03-25 16:00:00,8310-5,Body temperature,36.4,,Cel
O00002465,P00695,E0003870,2025-03-25 17:00:00,8480-6,Systolic blood pressure,146.0,,mmHg
O00002465,P00695,E0003870,2025-03-25 17:00:00,8462-4,Diastolic blood pressure,97.0,,mmHg
O00002467,P00696,E0003876,2025-08-05 10:00:00,8867-4,Heart rate,81.0,,beats/min
O00002468,P00696,E0003876,2025-08-05 10:00:00,8310-5,Body temperature,37.0,,Cel
O00002469,P00697,E0003883,2025-04-06 10:00:00,8867-4,Heart rate,70.0,,beats/min
O00002470,P00697,E0003883,2025-04-06 10:00:00,8310-5,Body temperature,36.0,,Cel
O00002471,P00698,E0003887,2025-09-09 10:00:00,8867-4,Heart rate,87.0,,beats/min
O00002472,P00698,E0003887,2025-09-09 10:00:00,8310-5,Body temperature,36.4,,Cel
O00002473,P00698,E0003888,2025-11-20 23:00:00,8867-4,Heart rate,83.0,,beats/min
O00002474,P00698,E0003888,2025-11-20 23:00:00,8310-5,Body temperature,37.3,,Cel
O00002475,P00699,E0003891,2025-04-05 10:00:00,8867-4,Heart rate,74.0,,beats/min
O00002476,P00699,E0003891,2025-04-05 10:00:00,8310-5,Body temperature,36.7,,Cel
O00002477,P00700,E0003900,2025-03-24 10:00:00,8867-4,Heart rate,95.0,,beats/min
O00002478,P00700,E0003900,2025-03-24 10:00:00,8310-5,Body temperature,37.1,,Cel
O00002479,P00700,E0003900,2025-03-24 11:00:00,8480-6,Systolic blood pressure,149.0,,mmHg
O00002479,P00700,E0003900,2025-03-24 11:00:00,8462-4,Diastolic blood pressure,93.0,,mmHg
O00002481,P00701,E0003906,2025-10-02 10:00:00,8867-4,Heart rate,90.0,,beats/min
O00002482,P00701,E0003906,2025-10-02 10:00:00,8310-5,Body temperature,35.9,,Cel
O00002483,P00701,E0003907,2025-12-13 22:00:00,8867-4,Heart rate,138.0,,beats/min
O00002484,P00701,E0003907,2025-12-13 22:00:00,8310-5,Body temperature,38.1,,Cel
O00002485,P00702,E0003912,2025-11-28 10:00:00,8867-4,Heart rate,49.0,,beats/min
O00002486,P00702,E0003912,2025-11-28 10:00:00,8310-5,Body temperature,37.2,,Cel
O00002487,P00702,E0003913,2026-03-31 16:00:00,8867-4,Heart rate,68.0,,beats/min
O00002488,P00702,E0003913,2026-03-31 16:00:00,8310-5,Body temperature,37.5,,Cel
O00002489,P00704,E0003926,2025-09-24 10:00:00,8867-4,Heart rate,94.0,,beats/min
O00002490,P00704,E0003926,2025-09-24 10:00:00,8310-5,Body temperature,38.0,,Cel
O00002491,P00704,E0003927,2026-02-11 20:00:00,8867-4,Heart rate,79.0,,beats/min
O00002492,P00704,E0003927,2026-02-11 20:00:00,8310-5,Body temperature,35.7,,Cel
O00002493,P00705,E0003931,2025-09-02 10:00:00,8867-4,Heart rate,84.0,,beats/min
O00002494,P00705,E0003931,2025-09-02 10:00:00,8310-5,Body temperature,38.2,,Cel
O00002495,P00706,E0003941,2025-02-05 10:00:00,8867-4,Heart rate,77.0,,beats/min
O00002496,P00706,E0003941,2025-02-05 10:00:00,8310-5,Body temperature,35.7,,Cel
O00002497,P00706,E0003942,2025-05-12 07:00:00,8867-4,Heart rate,98.0,,beats/min
O00002498,P00706,E0003942,2025-05-12 07:00:00,8310-5,Body temperature,37.1,,Cel
O00002499,P00708,E0003952,2025-10-24 10:00:00,8867-4,Heart rate,81.0,,beats/min
O00002500,P00708,E0003952,2025-10-24 10:00:00,8310-5,Body temperature,36.8,,Cel
O00002501,P00708,E0003952,2025-10-24 11:00:00,8480-6,Systolic blood pressure,158.0,,mmHg
O00002501,P00708,E0003952,2025-10-24 11:00:00,8462-4,Diastolic blood pressure,81.0,,mmHg
O00002503,P00709,E0003958,2025-10-06 10:00:00,8867-4,Heart rate,85.0,,beats/min
O00002504,P00709,E0003958,2025-10-06 10:00:00,8310-5,Body temperature,37.7,,Cel
O00002505,P00709,E0003958,2025-10-06 11:00:00,8480-6,Systolic blood pressure,134.0,,mmHg
O00002505,P00709,E0003958,2025-10-06 11:00:00,8462-4,Diastolic blood pressure,70.0,,mmHg
O00002507,P00710,E0003961,2025-07-08 10:00:00,8867-4,Heart rate,51.0,,beats/min
O00002508,P00710,E0003961,2025-07-08 10:00:00,8310-5,Body temperature,36.1,,Cel
O00002509,P00710,E0003962,2025-07-20 21:00:00,8867-4,Heart rate,98.0,,beats/min
O00002510,P00710,E0003962,2025-07-20 21:00:00,8310-5,Body temperature,37.4,,Cel
O00002511,P00711,E0003965,2025-08-25 10:00:00,8867-4,Heart rate,74.0,,beats/min
O00002512,P00711,E0003965,2025-08-25 10:00:00,8310-5,Body temperature,37.0,,Cel
O00002513,P00711,E0003965,2025-08-25 11:00:00,8480-6,Systolic blood pressure,116.0,,mmHg
O00002513,P00711,E0003965,2025-08-25 11:00:00,8462-4,Diastolic blood pressure,74.0,,mmHg
O00002515,P00711,E0003966,2026-01-20 00:00:00,8867-4,Heart rate,89.0,,beats/min
O00002516,P00711,E0003966,2026-01-20 00:00:00,8310-5,Body temperature,35.9,,Cel
O00002517,P00711,E0003966,2026-01-20 01:00:00,8480-6,Systolic blood pressure,134.0,,mmHg
O00002517,P00711,E0003966,2026-01-20 01:00:00,8462-4,Diastolic blood pressure,60.0,,mmHg
O00002519,P00711,E0003967,2026-03-13 17:00:00,8867-4,Heart rate,77.0,,beats/min
O00002520,P00711,E0003967,2026-03-13 17:00:00,8310-5,Body temperature,36.5,,Cel
O00002521,P00711,E0003967,2026-03-13 18:00:00,8480-6,Systolic blood pressure,193.0,,mmHg
O00002521,P00711,E0003967,2026-03-13 18:00:00,8462-4,Diastolic blood pressure,79.0,,mmHg
O00002523,P00712,E0003971,2025-12-01 10:00:00,8867-4,Heart rate,63.0,,beats/min
O00002524,P00712,E0003971,2025-12-01 10:00:00,8310-5,Body temperature,36.5,,Cel
O00002525,P00712,E0003972,2025-12-18 14:00:00,8867-4,Heart rate,83.0,,beats/min
O00002526,P00712,E0003972,2025-12-18 14:00:00,8310-5,Body temperature,36.4,,Cel
O00002527,P00712,E0003973,2026-01-04 01:00:00,8867-4,Heart rate,96.0,,beats/min
O00002528,P00712,E0003973,2026-01-04 01:00:00,8310-5,Body temperature,37.1,,Cel
O00002529,P00713,E0003978,2025-05-12 10:00:00,8867-4,Heart rate,67.0,,beats/min
O00002530,P00713,E0003978,2025-05-12 10:00:00,8310-5,Body temperature,37.4,,Cel
O00002531,P00714,E0003981,2025-08-05 10:00:00,8867-4,Heart rate,81.0,,beats/min
O00002532,P00714,E0003981,2025-08-05 10:00:00,8310-5,Body temperature,36.8,,Cel
O00002533,P00714,E0003982,2025-10-27 15:00:00,8867-4,Heart rate,82.0,,beats/min
O00002534,P00714,E0003982,2025-10-27 15:00:00,8310-5,Body temperature,37.7,,Cel
O00002535,P00714,E0003983,2025-12-19 13:00:00,8867-4,Heart rate,67.0,,beats/min
O00002536,P00714,E0003983,2025-12-19 13:00:00,8310-5,Body temperature,37.8,,Cel
O00002537,P00715,E0003986,2025-01-31 10:00:00,8867-4,Heart rate,84.0,,beats/min
O00002538,P00715,E0003986,2025-01-31 10:00:00,8310-5,Body temperature,37.6,,Cel
O00002539,P00715,E0003986,2025-01-31 13:00:00,4548-4,Hemoglobin A1c,6.4,,%
O00002540,P00715,E0003987,2025-04-30 22:00:00,8867-4,Heart rate,57.0,,beats/min
O00002541,P00715,E0003987,2025-04-30 22:00:00,8310-5,Body temperature,36.9,,Cel
O00002542,P00715,E0003987,2025-05-01 01:00:00,4548-4,Hemoglobin A1c,6.4,,%
O00002543,P00716,E0003996,2025-05-25 10:00:00,8867-4,Heart rate,85.0,,beats/min
O00002544,P00716,E0003996,2025-05-25 10:00:00,8310-5,Body temperature,36.2,,Cel
O00002545,P00716,E0003996,2025-05-25 11:00:00,8480-6,Systolic blood pressure,150.0,,mmHg
O00002545,P00716,E0003996,2025-05-25 11:00:00,8462-4,Diastolic blood pressure,83.0,,mmHg
O00002547,P00716,E0003997,2025-09-05 05:00:00,8867-4,Heart rate,71.0,,beats/min
O00002548,P00716,E0003997,2025-09-05 05:00:00,8310-5,Body temperature,37.4,,Cel
O00002549,P00716,E0003997,2025-09-05 06:00:00,8480-6,Systolic blood pressure,167.0,,mmHg
O00002549,P00716,E0003997,2025-09-05 06:00:00,8462-4,Diastolic blood pressure,84.0,,mmHg
O00002551,P00716,E0003997,2025-09-05 08:00:00,4548-4,Hemoglobin A1c,7.8,,%
O00002552,P00717,E0004003,2025-04-12 10:00:00,8867-4,Heart rate,98.0,,beats/min
O00002553,P00717,E0004003,2025-04-12 10:00:00,8310-5,Body temperature,36.2,,Cel
O00002554,P00718,E0004006,2025-01-19 10:00:00,8867-4,Heart rate,68.0,,beats/min
O00002555,P00718,E0004006,2025-01-19 10:00:00,8310-5,Body temperature,36.6,,Cel
O00002556,P00719,E0004010,2025-03-11 10:00:00,8867-4,Heart rate,59.0,,beats/min
O00002557,P00719,E0004010,2025-03-11 10:00:00,8310-5,Body temperature,36.4,,Cel
O00002558,P00719,E0004010,2025-03-11 11:00:00,8480-6,Systolic blood pressure,122.0,,mmHg
O00002558,P00719,E0004010,2025-03-11 11:00:00,8462-4,Diastolic blood pressure,67.0,,mmHg
O00002560,P00719,E0004010,2025-03-11 13:00:00,4548-4,Hemoglobin A1c,7.8,,%
O00002561,P00719,E0004011,2025-05-18 03:00:00,8867-4,Heart rate,78.0,,beats/min
O00002562,P00719,E0004011,2025-05-18 03:00:00,8310-5,Body temperature,36.6,,Cel
O00002563,P00719,E0004011,2025-05-18 04:00:00,8480-6,Systolic blood pressure,161.0,,mmHg
O00002563,P00719,E0004011,2025-05-18 04:00:00,8462-4,Diastolic blood pressure,61.0,,mmHg
O00002565,P00719,E0004011,2025-05-18 06:00:00,4548-4,Hemoglobin A1c,7.8,,%
O00002566,P00719,E0004012,2025-09-23 13:00:00,8867-4,Heart rate,67.0,,beats/min
O00002567,P00719,E0004012,2025-09-23 13:00:00,8310-5,Body temperature,35.9,,Cel
O00002568,P00719,E0004012,2025-09-23 14:00:00,8480-6,Systolic blood pressure,114.0,,mmHg
O00002568,P00719,E0004012,2025-09-23 14:00:00,8462-4,Diastolic blood pressure,77.0,,mmHg
O00002570,P00720,E0004018,2025-09-01 10:00:00,8867-4,Heart rate,94.0,,beats/min
O00002571,P00720,E0004018,2025-09-01 10:00:00,8310-5,Body temperature,37.3,,Cel
O00002572,P00720,E0004019,2025-09-28 20:00:00,8867-4,Heart rate,86.0,,beats/min
O00002573,P00720,E0004019,2025-09-28 20:00:00,8310-5,Body temperature,36.9,,Cel
O00002574,P00720,E0004019,2025-09-28 21:00:00,8480-6,Systolic blood pressure,147.0,,mmHg
O00002574,P00720,E0004019,2025-09-28 21:00:00,8462-4,Diastolic blood pressure,74.0,,mmHg
O00002576,P00722,E0004028,2025-04-29 10:00:00,8867-4,Heart rate,103.0,,beats/min
O00002577,P00722,E0004028,2025-04-29 10:00:00,8310-5,Body temperature,36.3,,Cel
O00002578,P00722,E0004028,2025-04-29 11:00:00,8480-6,Systolic blood pressure,150.0,,mmHg
O00002578,P00722,E0004028,2025-04-29 11:00:00,8462-4,Diastolic blood pressure,67.0,,mmHg
O00002580,P00722,E0004029,2025-06-29 18:00:00,8867-4,Heart rate,67.0,,beats/min
O00002581,P00722,E0004029,2025-06-29 18:00:00,8310-5,Body temperature,36.8,,Cel
O00002582,P00722,E0004029,2025-06-29 19:00:00,8480-6,Systolic blood pressure,134.0,,mmHg
O00002582,P00722,E0004029,2025-06-29 19:00:00,8462-4,Diastolic blood pressure,67.0,,mmHg
O00002584,P00724,E0004037,2025-02-18 10:00:00,8867-4,Heart rate,91.0,,beats/min
O00002585,P00724,E0004037,2025-02-18 10:00:00,8310-5,Body temperature,36.9,,Cel
O00002586,P00725,E0004041,2025-06-21 10:00:00,8867-4,Heart rate,96.0,,beats/min
O00002587,P00725,E0004041,2025-06-21 10:00:00,8310-5,Body temperature,38.5,,Cel
O00002588,P00725,E0004042,2025-11-02 21:00:00,8867-4,Heart rate,73.0,,beats/min
O00002589,P00725,E0004042,2025-11-02 21:00:00,8310-5,Body temperature,37.6,,Cel
O00002590,P00726,E0004048,2025-06-09 10:00:00,8867-4,Heart rate,102.0,,beats/min
O00002591,P00726,E0004048,2025-06-09 10:00:00,8310-5,Body temperature,35.3,,Cel
O00002592,P00726,E0004049,2025-10-04 06:00:00,8867-4,Heart rate,115.0,,beats/min
O00002593,P00726,E0004049,2025-10-04 06:00:00,8310-5,Body temperature,36.9,,Cel
O00002594,P00726,E0004050,2025-10-31 17:00:00,8867-4,Heart rate,76.0,,beats/min
O00002595,P00726,E0004050,2025-10-31 17:00:00,8310-5,Body temperature,37.1,,Cel
O00002596,P00727,E0004054,2025-06-26 10:00:00,8867-4,Heart rate,116.0,,beats/min
O00002597,P00727,E0004054,2025-06-26 10:00:00,8310-5,Body temperature,37.4,,Cel
O00002598,P00727,E0004055,2025-07-23 02:00:00,8867-4,Heart rate,74.0,,beats/min
O00002599,P00727,E0004055,2025-07-23 02:00:00,8310-5,Body temperature,36.3,,Cel
O00002600,P00728,E0004060,2025-05-13 10:00:00,8867-4,Heart rate,70.0,,beats/min
O00002601,P00728,E0004060,2025-05-13 10:00:00,8310-5,Body temperature,36.2,,Cel
O00002602,P00729,E0004070,2025-09-28 10:00:00,8867-4,Heart rate,61.0,,beats/min
O00002603,P00729,E0004070,2025-09-28 10:00:00,8310-5,Body temperature,36.2,,Cel
O00002604,P00731,E0004081,2025-02-05 10:00:00,8867-4,Heart rate,82.0,,beats/min
O00002605,P00731,E0004081,2025-02-05 10:00:00,8310-5,Body temperature,37.3,,Cel
O00002606,P00731,E0004081,2025-02-05 13:00:00,4548-4,Hemoglobin A1c,8.5,,%
O00002607,P00732,E0004088,2025-03-09 10:00:00,8867-4,Heart rate,75.0,,beats/min
O00002608,P00732,E0004088,2025-03-09 10:00:00,8310-5,Body temperature,35.8,,Cel
O00002609,P00733,E0004092,2025-04-04 10:00:00,8867-4,Heart rate,65.0,,beats/min
O00002610,P00733,E0004092,2025-04-04 10:00:00,8310-5,Body temperature,37.4,,Cel
O00002611,P00733,E0004092,2025-04-04 13:00:00,4548-4,Hemoglobin A1c,7.6,,%
O00002612,P00734,E0004097,2025-08-04 10:00:00,8867-4,Heart rate,103.0,,beats/min
O00002613,P00734,E0004097,2025-08-04 10:00:00,8310-5,Body temperature,36.4,,Cel
O00002614,P00734,E0004098,2026-01-02 21:00:00,8867-4,Heart rate,94.0,,beats/min
O00002615,P00734,E0004098,2026-01-02 21:00:00,8310-5,Body temperature,36.4,,Cel
O00002616,P00735,E0004102,2025-05-20 10:00:00,8867-4,Heart rate,82.0,,beats/min
O00002617,P00735,E0004102,2025-05-20 10:00:00,8310-5,Body temperature,36.8,,Cel
O00002618,P00735,E0004103,2025-06-12 23:00:00,8867-4,Heart rate,87.0,,beats/min
O00002619,P00735,E0004103,2025-06-12 23:00:00,8310-5,Body temperature,37.3,,Cel
O00002620,P00736,E0004106,2025-02-02 10:00:00,8867-4,Heart rate,48.0,,beats/min
O00002621,P00736,E0004106,2025-02-02 10:00:00,8310-5,Body temperature,36.0,,Cel
O00002622,P00736,E0004106,2025-02-02 11:00:00,8480-6,Systolic blood pressure,162.0,,mmHg
O00002622,P00736,E0004106,2025-02-02 11:00:00,8462-4,Diastolic blood pressure,90.0,,mmHg
O00002624,P00736,E0004107,2025-04-29 23:00:00,8867-4,Heart rate,112.0,,beats/min
O00002625,P00736,E0004107,2025-04-29 23:00:00,8310-5,Body temperature,37.7,,Cel
O00002626,P00736,E0004107,2025-04-30 00:00:00,8480-6,Systolic blood pressure,126.0,,mmHg
O00002626,P00736,E0004107,2025-04-30 00:00:00,8462-4,Diastolic blood pressure,75.0,,mmHg
O00002628,P00737,E0004110,2025-10-18 10:00:00,8867-4,Heart rate,69.0,,beats/min
O00002629,P00737,E0004110,2025-10-18 10:00:00,8310-5,Body temperature,37.2,,Cel
O00002630,P00737,E0004111,2026-03-04 01:00:00,8867-4,Heart rate,58.0,,beats/min
O00002631,P00737,E0004111,2026-03-04 01:00:00,8310-5,Body temperature,36.1,,Cel
O00002632,P00737,E0004111,2026-03-04 04:00:00,4548-4,Hemoglobin A1c,6.5,,%
O00002633,P00737,E0004112,2026-03-24 06:00:00,8867-4,Heart rate,89.0,,beats/min
O00002634,P00737,E0004112,2026-03-24 06:00:00,8310-5,Body temperature,35.7,,Cel
O00002635,P00737,E0004112,2026-03-24 09:00:00,4548-4,Hemoglobin A1c,5.5,,%
O00002636,P00738,E0004114,2025-10-02 10:00:00,8867-4,Heart rate,68.0,,beats/min
O00002637,P00738,E0004114,2025-10-02 10:00:00,8310-5,Body temperature,37.2,,Cel
O00002638,P00739,E0004116,2025-04-16 10:00:00,8867-4,Heart rate,72.0,,beats/min
O00002639,P00739,E0004116,2025-04-16 10:00:00,8310-5,Body temperature,35.9,,Cel
O00002640,P00739,E0004116,2025-04-16 11:00:00,8480-6,Systolic blood pressure,151.0,,mmHg
O00002640,P00739,E0004116,2025-04-16 11:00:00,8462-4,Diastolic blood pressure,69.0,,mmHg
O00002642,P00739,E0004116,2025-04-16 13:00:00,4548-4,Hemoglobin A1c,4.2,,%
O00002643,P00739,E0004117,2025-08-05 00:00:00,8867-4,Heart rate,91.0,,beats/min
O00002644,P00739,E0004117,2025-08-05 00:00:00,8310-5,Body temperature,35.7,,Cel
O00002645,P00739,E0004117,2025-08-05 01:00:00,8480-6,Systolic blood pressure,174.0,,mmHg
O00002645,P00739,E0004117,2025-08-05 01:00:00,8462-4,Diastolic blood pressure,72.0,,mmHg
O00002647,P00739,E0004117,2025-08-05 03:00:00,4548-4,Hemoglobin A1c,7.7,,%
O00002648,P00739,E0004118,2025-10-01 04:00:00,8867-4,Heart rate,81.0,,beats/min
O00002649,P00739,E0004118,2025-10-01 04:00:00,8310-5,Body temperature,38.1,,Cel
O00002650,P00739,E0004118,2025-10-01 05:00:00,8480-6,Systolic blood pressure,116.0,,mmHg
O00002650,P00739,E0004118,2025-10-01 05:00:00,8462-4,Diastolic blood pressure,94.0,,mmHg
O00002652,P00739,E0004118,2025-10-01 07:00:00,4548-4,Hemoglobin A1c,6.3,,%
O00002653,P00740,E0004123,2025-11-15 10:00:00,8867-4,Heart rate,87.0,,beats/min
O00002654,P00740,E0004123,2025-11-15 10:00:00,8310-5,Body temperature,36.9,,Cel
O00002655,P00740,E0004123,2025-11-15 11:00:00,8480-6,Systolic blood pressure,131.0,,mmHg
O00002655,P00740,E0004123,2025-11-15 11:00:00,8462-4,Diastolic blood pressure,78.0,,mmHg
O00002657,P00742,E0004130,2025-08-17 10:00:00,8867-4,Heart rate,71.0,,beats/min
O00002658,P00742,E0004130,2025-08-17 10:00:00,8310-5,Body temperature,36.8,,Cel
O00002659,P00742,E0004130,2025-08-17 11:00:00,8480-6,Systolic blood pressure,132.0,,mmHg
O00002659,P00742,E0004130,2025-08-17 11:00:00,8462-4,Diastolic blood pressure,77.0,,mmHg
O00002661,P00742,E0004131,2026-01-10 19:00:00,8867-4,Heart rate,74.0,,beats/min
O00002662,P00742,E0004131,2026-01-10 19:00:00,8310-5,Body temperature,36.9,,Cel
O00002663,P00743,E0004137,2025-06-21 10:00:00,8867-4,Heart rate,109.0,,beats/min
O00002664,P00743,E0004137,2025-06-21 10:00:00,8310-5,Body temperature,36.4,,Cel
O00002665,P00744,E0004144,2025-10-22 10:00:00,8867-4,Heart rate,76.0,,beats/min
O00002666,P00744,E0004144,2025-10-22 10:00:00,8310-5,Body temperature,36.1,,Cel
O00002667,P00745,E0004151,2025-10-28 10:00:00,8867-4,Heart rate,87.0,,beats/min
O00002668,P00745,E0004151,2025-10-28 10:00:00,8310-5,Body temperature,37.3,,Cel
O00002669,P00747,E0004165,2025-09-09 10:00:00,8867-4,Heart rate,66.0,,beats/min
O00002670,P00747,E0004165,2025-09-09 10:00:00,8310-5,Body temperature,36.3,,Cel
O00002671,P00747,E0004165,2025-09-09 13:00:00,4548-4,Hemoglobin A1c,8.3,,%
O00002672,P00749,E0004178,2025-10-21 10:00:00,8867-4,Heart rate,82.0,,beats/min
O00002673,P00749,E0004178,2025-10-21 10:00:00,8310-5,Body temperature,37.1,,Cel
O00002674,P00750,E0004181,2025-10-05 10:00:00,8867-4,Heart rate,84.0,,beats/min
O00002675,P00750,E0004181,2025-10-05 10:00:00,8310-5,Body temperature,36.7,,Cel
O00002676,P00750,E0004182,2025-12-16 21:00:00,8867-4,Heart rate,104.0,,beats/min
O00002677,P00750,E0004182,2025-12-16 21:00:00,8310-5,Body temperature,36.7,,Cel
O00002678,P00751,E0004188,2025-03-05 10:00:00,8867-4,Heart rate,92.0,,beats/min
O00002679,P00751,E0004188,2025-03-05 10:00:00,8310-5,Body temperature,37.5,,Cel
O00002680,P00751,E0004188,2025-03-05 11:00:00,8480-6,Systolic blood pressure,136.0,,mmHg
O00002680,P00751,E0004188,2025-03-05 11:00:00,8462-4,Diastolic blood pressure,92.0,,mmHg
O00002682,P00751,E0004188,2025-03-05 13:00:00,4548-4,Hemoglobin A1c,8.6,,%
O00002683,P00752,E0004197,2025-02-10 10:00:00,8867-4,Heart rate,78.0,,beats/min
O00002684,P00752,E0004197,2025-02-10 10:00:00,8310-5,Body temperature,37.6,,Cel
O00002685,P00752,E0004197,2025-02-10 13:00:00,4548-4,Hemoglobin A1c,6.2,,%
O00002686,P00752,E0004198,2025-05-12 14:00:00,8867-4,Heart rate,79.0,,beats/min
O00002687,P00752,E0004198,2025-05-12 14:00:00,8310-5,Body temperature,37.6,,Cel
O00002688,P00752,E0004198,2025-05-12 17:00:00,4548-4,Hemoglobin A1c,9.2,,%
O00002689,P00753,E0004203,2025-12-09 10:00:00,8867-4,Heart rate,77.0,,beats/min
O00002690,P00753,E0004203,2025-12-09 10:00:00,8310-5,Body temperature,37.4,,Cel
O00002691,P00753,E0004203,2025-12-09 11:00:00,8480-6,Systolic blood pressure,148.0,,mmHg
O00002691,P00753,E0004203,2025-12-09 11:00:00,8462-4,Diastolic blood pressure,91.0,,mmHg
O00002693,P00753,E0004204,2026-04-01 23:00:00,8867-4,Heart rate,78.0,,beats/min
O00002694,P00753,E0004204,2026-04-01 23:00:00,8310-5,Body temperature,37.1,,Cel
O00002695,P00756,E0004216,2025-06-30 10:00:00,8867-4,Heart rate,77.0,,beats/min
O00002696,P00756,E0004216,2025-06-30 10:00:00,8310-5,Body temperature,37.7,,Cel
O00002697,P00756,E0004217,2025-09-26 15:00:00,8867-4,Heart rate,78.0,,beats/min
O00002698,P00756,E0004217,2025-09-26 15:00:00,8310-5,Body temperature,37.3,,Cel
O00002699,P00757,E0004220,2025-09-17 10:00:00,8867-4,Heart rate,87.0,,beats/min
O00002700,P00757,E0004220,2025-09-17 10:00:00,8310-5,Body temperature,37.0,,Cel
O00002701,P00757,E0004221,2025-12-07 02:00:00,8867-4,Heart rate,69.0,,beats/min
O00002702,P00757,E0004221,2025-12-07 02:00:00,8310-5,Body temperature,36.7,,Cel
O00002703,P00758,E0004227,2025-10-02 10:00:00,8867-4,Heart rate,70.0,,beats/min
O00002704,P00758,E0004227,2025-10-02 10:00:00,8310-5,Body temperature,36.0,,Cel
O00002705,P00758,E0004227,2025-10-02 11:00:00,8480-6,Systolic blood pressure,169.0,,mmHg
O00002705,P00758,E0004227,2025-10-02 11:00:00,8462-4,Diastolic blood pressure,67.0,,mmHg
O00002707,P00758,E0004228,2026-01-02 06:00:00,8867-4,Heart rate,63.0,,beats/min
O00002708,P00758,E0004228,2026-01-02 06:00:00,8310-5,Body temperature,37.2,,Cel
O00002709,P00758,E0004228,2026-01-02 07:00:00,8480-6,Systolic blood pressure,171.0,,mmHg
O00002709,P00758,E0004228,2026-01-02 07:00:00,8462-4,Diastolic blood pressure,78.0,,mmHg
O00002711,P00759,E0004234,2025-04-09 10:00:00,8867-4,Heart rate,112.0,,beats/min
O00002712,P00759,E0004234,2025-04-09 10:00:00,8310-5,Body temperature,36.9,,Cel
O00002713,P00759,E0004235,2025-06-04 20:00:00,8867-4,Heart rate,111.0,,beats/min
O00002714,P00759,E0004235,2025-06-04 20:00:00,8310-5,Body temperature,37.1,,Cel
O00002715,P00759,E0004236,2025-07-26 05:00:00,8867-4,Heart rate,86.0,,beats/min
O00002716,P00759,E0004236,2025-07-26 05:00:00,8310-5,Body temperature,36.4,,Cel
O00002717,P00760,E0004241,2025-05-17 10:00:00,8867-4,Heart rate,80.0,,beats/min
O00002718,P00760,E0004241,2025-05-17 10:00:00,8310-5,Body temperature,37.3,,Cel
O00002719,P00761,E0004249,2025-07-07 10:00:00,8867-4,Heart rate,98.0,,beats/min
O00002720,P00761,E0004249,2025-07-07 10:00:00,8310-5,Body temperature,37.3,,Cel
O00002721,P00761,E0004249,2025-07-07 11:00:00,8480-6,Systolic blood pressure,140.0,,mmHg
O00002721,P00761,E0004249,2025-07-07 11:00:00,8462-4,Diastolic blood pressure,77.0,,mmHg
O00002723,P00761,E0004250,2025-10-17 22:00:00,8867-4,Heart rate,77.0,,beats/min
O00002724,P00761,E0004250,2025-10-17 22:00:00,8310-5,Body temperature,36.9,,Cel
O00002725,P00761,E0004250,2025-10-17 23:00:00,8480-6,Systolic blood pressure,127.0,,mmHg
O00002725,P00761,E0004250,2025-10-17 23:00:00,8462-4,Diastolic blood pressure,66.0,,mmHg
O00002727,P00761,E0004251,2026-01-06 14:00:00,8867-4,Heart rate,111.0,,beats/min
O00002728,P00761,E0004251,2026-01-06 14:00:00,8310-5,Body temperature,36.1,,Cel
O00002729,P00761,E0004251,2026-01-06 15:00:00,8480-6,Systolic blood pressure,156.0,,mmHg
O00002729,P00761,E0004251,2026-01-06 15:00:00,8462-4,Diastolic blood pressure,63.0,,mmHg
O00002731,P00762,E0004256,2025-06-28 10:00:00,8867-4,Heart rate,84.0,,beats/min
O00002732,P00762,E0004256,2025-06-28 10:00:00,8310-5,Body temperature,37.3,,Cel
O00002733,P00762,E0004256,2025-06-28 11:00:00,8480-6,Systolic blood pressure,145.0,,mmHg
O00002733,P00762,E0004256,2025-06-28 11:00:00,8462-4,Diastolic blood pressure,83.0,,mmHg
O00002735,P00763,E0004262,2025-07-26 10:00:00,8867-4,Heart rate,82.0,,beats/min
O00002736,P00763,E0004262,2025-07-26 10:00:00,8310-5,Body temperature,35.9,,Cel
O00002737,P00764,E0004267,2025-08-17 10:00:00,8867-4,Heart rate,78.0,,beats/min
O00002738,P00764,E0004267,2025-08-17 10:00:00,8310-5,Body temperature,38.5,,Cel
O00002739,P00765,E0004274,2025-07-27 10:00:00,8867-4,Heart rate,88.0,,beats/min
O00002740,P00765,E0004274,2025-07-27 10:00:00,8310-5,Body temperature,37.0,,Cel
O00002741,P00765,E0004274,2025-07-27 13:00:00,4548-4,Hemoglobin A1c,8.5,,%
O00002742,P00765,E0004275,2025-10-30 03:00:00,8867-4,Heart rate,84.0,,beats/min
O00002743,P00765,E0004275,2025-10-30 03:00:00,8310-5,Body temperature,37.2,,Cel
O00002744,P00765,E0004275,2025-10-30 06:00:00,4548-4,Hemoglobin A1c,8.4,,%
O00002745,P00766,E0004282,2025-02-15 10:00:00,8867-4,Heart rate,71.0,,beats/min
O00002746,P00766,E0004282,2025-02-15 10:00:00,8310-5,Body temperature,37.5,,Cel
O00002747,P00767,E0004287,2025-05-25 10:00:00,8867-4,Heart rate,92.0,,beats/min
O00002748,P00767,E0004287,2025-05-25 10:00:00,8310-5,Body temperature,37.0,,Cel
O00002749,P00768,E0004291,2025-09-22 10:00:00,8867-4,Heart rate,91.0,,beats/min
O00002750,P00768,E0004291,2025-09-22 10:00:00,8310-5,Body temperature,36.8,,Cel
O00002751,P00768,E0004291,2025-09-22 13:00:00,4548-4,Hemoglobin A1c,9.6,,%
O00002752,P00768,E0004292,2025-11-10 19:00:00,8867-4,Heart rate,106.0,,beats/min
O00002753,P00768,E0004292,2025-11-10 19:00:00,8310-5,Body temperature,38.2,,Cel
O00002754,P00768,E0004292,2025-11-10 22:00:00,4548-4,Hemoglobin A1c,8.4,,%
O00002755,P00769,E0004299,2025-11-07 10:00:00,8867-4,Heart rate,61.0,,beats/min
O00002756,P00769,E0004299,2025-11-07 10:00:00,8310-5,Body temperature,36.2,,Cel
O00002757,P00770,E0004302,2025-10-04 10:00:00,8867-4,Heart rate,110.0,,beats/min
O00002758,P00770,E0004302,2025-10-04 10:00:00,8310-5,Body temperature,36.4,,Cel
O00002759,P00771,E0004306,2025-10-04 10:00:00,8867-4,Heart rate,94.0,,beats/min
O00002760,P00771,E0004306,2025-10-04 10:00:00,8310-5,Body temperature,37.0,,Cel
O00002761,P00771,E0004306,2025-10-04 11:00:00,8480-6,Systolic blood pressure,142.0,,mmHg
O00002761,P00771,E0004306,2025-10-04 11:00:00,8462-4,Diastolic blood pressure,69.0,,mmHg
O00002763,P00772,E0004312,2025-03-29 10:00:00,8867-4,Heart rate,66.0,,beats/min
O00002764,P00772,E0004312,2025-03-29 10:00:00,8310-5,Body temperature,36.8,,Cel
O00002765,P00772,E0004312,2025-03-29 11:00:00,8480-6,Systolic blood pressure,160.0,,mmHg
O00002765,P00772,E0004312,2025-03-29 11:00:00,8462-4,Diastolic blood pressure,80.0,,mmHg
O00002767,P00772,E0004313,2025-06-21 05:00:00,8867-4,Heart rate,85.0,,beats/min
O00002768,P00772,E0004313,2025-06-21 05:00:00,8310-5,Body temperature,37.1,,Cel
O00002769,P00772,E0004313,2025-06-21 06:00:00,8480-6,Systolic blood pressure,133.0,,mmHg
O00002769,P00772,E0004313,2025-06-21 06:00:00,8462-4,Diastolic blood pressure,87.0,,mmHg
O00002771,P00772,E0004314,2025-10-04 21:00:00,8867-4,Heart rate,98.0,,beats/min
O00002772,P00772,E0004314,2025-10-04 21:00:00,8310-5,Body temperature,37.2,,Cel
O00002773,P00772,E0004314,2025-10-04 22:00:00,8480-6,Systolic blood pressure,155.0,,mmHg
O00002773,P00772,E0004314,2025-10-04 22:00:00,8462-4,Diastolic blood pressure,93.0,,mmHg
O00002775,P00773,E0004317,2025-01-29 10:00:00,8867-4,Heart rate,61.0,,beats/min
O00002776,P00773,E0004317,2025-01-29 10:00:00,8310-5,Body temperature,37.0,,Cel
O00002777,P00773,E0004317,2025-01-29 13:00:00,4548-4,Hemoglobin A1c,7.8,,%
O00002778,P00774,E0004321,2025-02-19 10:00:00,8867-4,Heart rate,101.0,,beats/min
O00002779,P00774,E0004321,2025-02-19 10:00:00,8310-5,Body temperature,37.6,,Cel
O00002780,P00774,E0004322,2025-07-15 20:00:00,8867-4,Heart rate,65.0,,beats/min
O00002781,P00774,E0004322,2025-07-15 20:00:00,8310-5,Body temperature,38.1,,Cel
O00002782,P00774,E0004322,2025-07-15 21:00:00,8480-6,Systolic blood pressure,145.0,,mmHg
O00002782,P00774,E0004322,2025-07-15 21:00:00,8462-4,Diastolic blood pressure,76.0,,mmHg
O00002784,P00774,E0004322,2025-07-15 23:00:00,4548-4,Hemoglobin A1c,7.2,,%
O00002785,P00777,E0004332,2025-07-17 10:00:00,8867-4,Heart rate,92.0,,beats/min
O00002786,P00777,E0004332,2025-07-17 10:00:00,8310-5,Body temperature,36.5,,Cel
O00002787,P00777,E0004332,2025-07-17 11:00:00,8480-6,Systolic blood pressure,154.0,,mmHg
O00002787,P00777,E0004332,2025-07-17 11:00:00,8462-4,Diastolic blood pressure,71.0,,mmHg
O00002789,P00777,E0004333,2025-09-12 03:00:00,8867-4,Heart rate,85.0,,beats/min
O00002790,P00777,E0004333,2025-09-12 03:00:00,8310-5,Body temperature,37.3,,Cel
O00002791,P00777,E0004333,2025-09-12 04:00:00,8480-6,Systolic blood pressure,161.0,,mmHg
O00002791,P00777,E0004333,2025-09-12 04:00:00,8462-4,Diastolic blood pressure,86.0,,mmHg
O00002793,P00778,E0004337,2025-06-26 10:00:00,8867-4,Heart rate,123.0,,beats/min
O00002794,P00778,E0004337,2025-06-26 10:00:00,8310-5,Body temperature,36.9,,Cel
O00002795,P00778,E0004338,2025-11-18 15:00:00,8867-4,Heart rate,109.0,,beats/min
O00002796,P00778,E0004338,2025-11-18 15:00:00,8310-5,Body temperature,37.6,,Cel
O00002797,P00779,E0004343,2025-04-11 10:00:00,8867-4,Heart rate,67.0,,beats/min
O00002798,P00779,E0004343,2025-04-11 10:00:00,8310-5,Body temperature,37.8,,Cel
O00002799,P00779,E0004344,2025-08-06 05:00:00,8867-4,Heart rate,94.0,,beats/min
O00002800,P00779,E0004344,2025-08-06 05:00:00,8310-5,Body temperature,36.9,,Cel
O00002801,P00780,E0004350,2025-04-08 10:00:00,8867-4,Heart rate,100.0,,beats/min
O00002802,P00780,E0004350,2025-04-08 10:00:00,8310-5,Body temperature,37.4,,Cel
O00002803,P00780,E0004351,2025-06-10 19:00:00,8867-4,Heart rate,97.0,,beats/min
O00002804,P00780,E0004351,2025-06-10 19:00:00,8310-5,Body temperature,37.2,,Cel
O00002805,P00781,E0004353,2025-11-06 10:00:00,8867-4,Heart rate,82.0,,beats/min
O00002806,P00781,E0004353,2025-11-06 10:00:00,8310-5,Body temperature,37.0,,Cel
O00002807,P00781,E0004353,2025-11-06 11:00:00,8480-6,Systolic blood pressure,131.0,,mmHg
O00002807,P00781,E0004353,2025-11-06 11:00:00,8462-4,Diastolic blood pressure,72.0,,mmHg
O00002809,P00781,E0004354,2026-03-16 04:00:00,8867-4,Heart rate,82.0,,beats/min
O00002810,P00781,E0004354,2026-03-16 04:00:00,8310-5,Body temperature,36.7,,Cel
O00002811,P00781,E0004354,2026-03-16 05:00:00,8480-6,Systolic blood pressure,167.0,,mmHg
O00002811,P00781,E0004354,2026-03-16 05:00:00,8462-4,Diastolic blood pressure,75.0,,mmHg
O00002813,P00782,E0004361,2025-04-28 10:00:00,8867-4,Heart rate,82.0,,beats/min
O00002814,P00782,E0004361,2025-04-28 10:00:00,8310-5,Body temperature,37.3,,Cel
O00002815,P00782,E0004362,2025-07-26 22:00:00,8867-4,Heart rate,78.0,,beats/min
O00002816,P00782,E0004362,2025-07-26 22:00:00,8310-5,Body temperature,36.6,,Cel
O00002817,P00783,E0004367,2025-04-30 10:00:00,8867-4,Heart rate,102.0,,beats/min
O00002818,P00783,E0004367,2025-04-30 10:00:00,8310-5,Body temperature,38.2,,Cel
O00002819,P00783,E0004367,2025-04-30 11:00:00,8480-6,Systolic blood pressure,132.0,,mmHg
O00002819,P00783,E0004367,2025-04-30 11:00:00,8462-4,Diastolic blood pressure,82.0,,mmHg
O00002821,P00784,E0004369,2025-01-24 10:00:00,8867-4,Heart rate,96.0,,beats/min
O00002822,P00784,E0004369,2025-01-24 10:00:00,8310-5,Body temperature,37.0,,Cel
O00002823,P00784,E0004370,2025-03-22 19:00:00,8867-4,Heart rate,59.0,,beats/min
O00002824,P00784,E0004370,2025-03-22 19:00:00,8310-5,Body temperature,37.3,,Cel
O00002825,P00784,E0004371,2025-05-10 04:00:00,8867-4,Heart rate,83.0,,beats/min
O00002826,P00784,E0004371,2025-05-10 04:00:00,8310-5,Body temperature,36.3,,Cel
O00002827,P00785,E0004377,2025-10-07 10:00:00,8867-4,Heart rate,88.0,,beats/min
O00002828,P00785,E0004377,2025-10-07 10:00:00,8310-5,Body temperature,36.7,,Cel
O00002829,P00785,E0004378,2025-12-30 22:00:00,8867-4,Heart rate,79.0,,beats/min
O00002830,P00785,E0004378,2025-12-30 22:00:00,8310-5,Body temperature,36.8,,Cel
O00002831,P00785,E0004379,2026-03-30 09:00:00,8867-4,Heart rate,88.0,,beats/min
O00002832,P00785,E0004379,2026-03-30 09:00:00,8310-5,Body temperature,37.2,,Cel
O00002833,P00786,E0004385,2025-04-09 10:00:00,8867-4,Heart rate,109.0,,beats/min
O00002834,P00786,E0004385,2025-04-09 10:00:00,8310-5,Body temperature,36.1,,Cel
O00002835,P00786,E0004386,2025-06-07 23:00:00,8867-4,Heart rate,80.0,,beats/min
O00002836,P00786,E0004386,2025-06-07 23:00:00,8310-5,Body temperature,35.9,,Cel
O00002837,P00787,E0004392,2025-08-25 10:00:00,8867-4,Heart rate,66.0,,beats/min
O00002838,P00787,E0004392,2025-08-25 10:00:00,8310-5,Body temperature,37.0,,Cel
O00002839,P00787,E0004392,2025-08-25 11:00:00,8480-6,Systolic blood pressure,102.0,,mmHg
O00002839,P00787,E0004392,2025-08-25 11:00:00,8462-4,Diastolic blood pressure,77.0,,mmHg
O00002841,P00788,E0004397,2025-08-25 10:00:00,8867-4,Heart rate,92.0,,beats/min
O00002842,P00788,E0004397,2025-08-25 10:00:00,8310-5,Body temperature,38.3,,Cel
O00002843,P00788,E0004398,2026-01-08 01:00:00,8867-4,Heart rate,86.0,,beats/min
O00002844,P00788,E0004398,2026-01-08 01:00:00,8310-5,Body temperature,36.7,,Cel
O00002845,P00788,E0004398,2026-01-08 02:00:00,8480-6,Systolic blood pressure,136.0,,mmHg
O00002845,P00788,E0004398,2026-01-08 02:00:00,8462-4,Diastolic blood pressure,59.0,,mmHg
O00002847,P00789,E0004400,2025-02-18 10:00:00,8867-4,Heart rate,58.0,,beats/min
O00002848,P00789,E0004400,2025-02-18 10:00:00,8310-5,Body temperature,37.6,,Cel
O00002849,P00789,E0004400,2025-02-18 13:00:00,4548-4,Hemoglobin A1c,8.3,,%
O00002850,P00789,E0004401,2025-05-14 23:00:00,8867-4,Heart rate,104.0,,beats/min
O00002851,P00789,E0004401,2025-05-14 23:00:00,8310-5,Body temperature,36.9,,Cel
O00002852,P00789,E0004401,2025-05-15 02:00:00,4548-4,Hemoglobin A1c,8.8,,%
O00002853,P00792,E0004417,2025-02-25 10:00:00,8867-4,Heart rate,73.0,,beats/min
O00002854,P00792,E0004417,2025-02-25 10:00:00,8310-5,Body temperature,37.1,,Cel
O00002855,P00792,E0004418,2025-03-10 07:00:00,8867-4,Heart rate,74.0,,beats/min
O00002856,P00792,E0004418,2025-03-10 07:00:00,8310-5,Body temperature,36.3,,Cel
O00002857,P00793,E0004426,2025-06-25 10:00:00,8867-4,Heart rate,79.0,,beats/min
O00002858,P00793,E0004426,2025-06-25 10:00:00,8310-5,Body temperature,37.3,,Cel
O00002859,P00793,E0004427,2025-07-05 23:00:00,8867-4,Heart rate,103.0,,beats/min
O00002860,P00793,E0004427,2025-07-05 23:00:00,8310-5,Body temperature,37.7,,Cel
O00002861,P00794,E0004433,2025-02-27 10:00:00,8867-4,Heart rate,79.0,,beats/min
O00002862,P00794,E0004433,2025-02-27 10:00:00,8310-5,Body temperature,37.2,,Cel
O00002863,P00795,E0004436,2025-05-10 10:00:00,8867-4,Heart rate,74.0,,beats/min
O00002864,P00795,E0004436,2025-05-10 10:00:00,8310-5,Body temperature,35.0,,Cel
O00002865,P00795,E0004436,2025-05-10 13:00:00,4548-4,Hemoglobin A1c,8.2,,%
O00002866,P00796,E0004442,2025-07-07 10:00:00,8867-4,Heart rate,117.0,,beats/min
O00002867,P00796,E0004442,2025-07-07 10:00:00,8310-5,Body temperature,37.2,,Cel
O00002868,P00796,E0004442,2025-07-07 11:00:00,8480-6,Systolic blood pressure,124.0,,mmHg
O00002868,P00796,E0004442,2025-07-07 11:00:00,8462-4,Diastolic blood pressure,78.0,,mmHg
O00002870,P00797,E0004445,2025-07-11 10:00:00,8867-4,Heart rate,81.0,,beats/min
O00002871,P00797,E0004445,2025-07-11 10:00:00,8310-5,Body temperature,36.4,,Cel
O00002872,P00797,E0004445,2025-07-11 11:00:00,8480-6,Systolic blood pressure,138.0,,mmHg
O00002872,P00797,E0004445,2025-07-11 11:00:00,8462-4,Diastolic blood pressure,73.0,,mmHg
O00002874,P00797,E0004446,2025-10-09 19:00:00,8867-4,Heart rate,81.0,,beats/min
O00002875,P00797,E0004446,2025-10-09 19:00:00,8310-5,Body temperature,37.0,,Cel
O00002876,P00797,E0004446,2025-10-09 20:00:00,8480-6,Systolic blood pressure,148.0,,mmHg
O00002876,P00797,E0004446,2025-10-09 20:00:00,8462-4,Diastolic blood pressure,66.0,,mmHg
O00002878,P00798,E0004453,2025-04-12 10:00:00,8867-4,Heart rate,99.0,,beats/min
O00002879,P00798,E0004453,2025-04-12 10:00:00,8310-5,Body temperature,36.8,,Cel
O00002880,P00798,E0004454,2025-05-29 06:00:00,8867-4,Heart rate,92.0,,beats/min
O00002881,P00798,E0004454,2025-05-29 06:00:00,8310-5,Body temperature,38.1,,Cel
O00002882,P00799,E0004461,2025-06-23 10:00:00,8867-4,Heart rate,71.0,,beats/min
O00002883,P00799,E0004461,2025-06-23 10:00:00,8310-5,Body temperature,36.8,,Cel
O00002884,P00799,E0004462,2025-09-10 21:00:00,8867-4,Heart rate,66.0,,beats/min
O00002885,P00799,E0004462,2025-09-10 21:00:00,8310-5,Body temperature,37.1,,Cel
O00002886,P00800,E0004466,2025-08-11 10:00:00,8867-4,Heart rate,96.0,,beats/min
O00002887,P00800,E0004466,2025-08-11 10:00:00,8310-5,Body temperature,36.9,,Cel
O00002888,P00800,E0004467,2025-11-19 21:00:00,8867-4,Heart rate,106.0,,beats/min
O00002889,P00800,E0004467,2025-11-19 21:00:00,8310-5,Body temperature,37.0,,Cel
O00002890,P00802,E0004479,2025-09-30 10:00:00,8867-4,Heart rate,82.0,,beats/min
O00002891,P00802,E0004479,2025-09-30 10:00:00,8310-5,Body temperature,37.5,,Cel
O00002892,P00803,E0004482,2025-08-12 10:00:00,8867-4,Heart rate,81.0,,beats/min
O00002893,P00803,E0004482,2025-08-12 10:00:00,8310-5,Body temperature,38.3,,Cel
O00002894,P00803,E0004482,2025-08-12 13:00:00,4548-4,Hemoglobin A1c,7.2,,%
O00002895,P00804,E0004485,2025-06-03 10:00:00,8867-4,Heart rate,62.0,,beats/min
O00002896,P00804,E0004485,2025-06-03 10:00:00,8310-5,Body temperature,37.7,,Cel
O00002897,P00804,E0004486,2025-10-07 20:00:00,8867-4,Heart rate,101.0,,beats/min
O00002898,P00804,E0004486,2025-10-07 20:00:00,8310-5,Body temperature,36.8,,Cel
O00002899,P00805,E0004489,2025-09-23 10:00:00,8867-4,Heart rate,110.0,,beats/min
O00002900,P00805,E0004489,2025-09-23 10:00:00,8310-5,Body temperature,37.7,,Cel
O00002901,P00805,E0004489,2025-09-23 13:00:00,4548-4,Hemoglobin A1c,8.2,,%
O00002902,P00807,E0004498,2025-07-15 10:00:00,8867-4,Heart rate,115.0,,beats/min
O00002903,P00807,E0004498,2025-07-15 10:00:00,8310-5,Body temperature,36.4,,Cel
O00002904,P00807,E0004498,2025-07-15 13:00:00,4548-4,Hemoglobin A1c,6.6,,%
O00002905,P00807,E0004499,2025-12-14 02:00:00,8867-4,Heart rate,54.0,,beats/min
O00002906,P00807,E0004499,2025-12-14 02:00:00,8310-5,Body temperature,36.8,,Cel
O00002907,P00809,E0004511,2025-06-08 10:00:00,8867-4,Heart rate,85.0,,beats/min
O00002908,P00809,E0004511,2025-06-08 10:00:00,8310-5,Body temperature,36.8,,Cel
O00002909,P00809,E0004511,2025-06-08 11:00:00,8480-6,Systolic blood pressure,98.0,,mmHg
O00002909,P00809,E0004511,2025-06-08 11:00:00,8462-4,Diastolic blood pressure,66.0,,mmHg
O00002911,P00810,E0004517,2025-05-10 10:00:00,8867-4,Heart rate,95.0,,beats/min
O00002912,P00810,E0004517,2025-05-10 10:00:00,8310-5,Body temperature,36.3,,Cel
O00002913,P00810,E0004517,2025-05-10 11:00:00,8480-6,Systolic blood pressure,137.0,,mmHg
O00002913,P00810,E0004517,2025-05-10 11:00:00,8462-4,Diastolic blood pressure,72.0,,mmHg
O00002915,P00810,E0004518,2025-07-24 23:00:00,8867-4,Heart rate,52.0,,beats/min
O00002916,P00810,E0004518,2025-07-24 23:00:00,8310-5,Body temperature,36.5,,Cel
O00002917,P00810,E0004518,2025-07-25 00:00:00,8480-6,Systolic blood pressure,112.0,,mmHg
O00002917,P00810,E0004518,2025-07-25 00:00:00,8462-4,Diastolic blood pressure,62.0,,mmHg
O00002919,P00812,E0004534,2025-07-28 10:00:00,8867-4,Heart rate,89.0,,beats/min
O00002920,P00812,E0004534,2025-07-28 10:00:00,8310-5,Body temperature,37.3,,Cel
O00002921,P00812,E0004534,2025-07-28 11:00:00,8480-6,Systolic blood pressure,128.0,,mmHg
O00002921,P00812,E0004534,2025-07-28 11:00:00,8462-4,Diastolic blood pressure,94.0,,mmHg
O00002923,P00813,E0004538,2025-10-05 10:00:00,8867-4,Heart rate,101.0,,beats/min
O00002924,P00813,E0004538,2025-10-05 10:00:00,8310-5,Body temperature,36.8,,Cel
O00002925,P00813,E0004539,2025-12-20 00:00:00,8867-4,Heart rate,65.0,,beats/min
O00002926,P00813,E0004539,2025-12-20 00:00:00,8310-5,Body temperature,37.3,,Cel
O00002927,P00813,E0004540,2026-05-19 15:00:00,8867-4,Heart rate,79.0,,beats/min
O00002928,P00813,E0004540,2026-05-19 15:00:00,8310-5,Body temperature,35.7,,Cel
O00002929,P00815,E0004548,2025-04-27 10:00:00,8867-4,Heart rate,97.0,,beats/min
O00002930,P00815,E0004548,2025-04-27 10:00:00,8310-5,Body temperature,37.3,,Cel
O00002931,P00815,E0004549,2025-05-17 22:00:00,8867-4,Heart rate,89.0,,beats/min
O00002932,P00815,E0004549,2025-05-17 22:00:00,8310-5,Body temperature,36.6,,Cel
O00002933,P00815,E0004549,2025-05-17 23:00:00,8480-6,Systolic blood pressure,164.0,,mmHg
O00002933,P00815,E0004549,2025-05-17 23:00:00,8462-4,Diastolic blood pressure,75.0,,mmHg
O00002935,P00816,E0004557,2025-08-01 10:00:00,8867-4,Heart rate,89.0,,beats/min
O00002936,P00816,E0004557,2025-08-01 10:00:00,8310-5,Body temperature,36.7,,Cel
O00002937,P00816,E0004558,2025-09-30 18:00:00,8867-4,Heart rate,87.0,,beats/min
O00002938,P00816,E0004558,2025-09-30 18:00:00,8310-5,Body temperature,35.3,,Cel
O00002939,P00816,E0004558,2025-09-30 19:00:00,8480-6,Systolic blood pressure,157.0,,mmHg
O00002939,P00816,E0004558,2025-09-30 19:00:00,8462-4,Diastolic blood pressure,72.0,,mmHg
O00002941,P00817,E0004566,2025-06-02 10:00:00,8867-4,Heart rate,74.0,,beats/min
O00002942,P00817,E0004566,2025-06-02 10:00:00,8310-5,Body temperature,36.9,,Cel
O00002943,P00817,E0004566,2025-06-02 11:00:00,8480-6,Systolic blood pressure,135.0,,mmHg
O00002943,P00817,E0004566,2025-06-02 11:00:00,8462-4,Diastolic blood pressure,89.0,,mmHg
O00002945,P00817,E0004567,2025-10-11 23:00:00,8867-4,Heart rate,97.0,,beats/min
O00002946,P00817,E0004567,2025-10-11 23:00:00,8310-5,Body temperature,37.7,,Cel
O00002947,P00818,E0004573,2025-05-02 10:00:00,8867-4,Heart rate,79.0,,beats/min
O00002948,P00818,E0004573,2025-05-02 10:00:00,8310-5,Body temperature,36.8,,Cel
O00002949,P00819,E0004577,2025-02-28 10:00:00,8867-4,Heart rate,92.0,,beats/min
O00002950,P00819,E0004577,2025-02-28 10:00:00,8310-5,Body temperature,38.3,,Cel
O00002951,P00819,E0004577,2025-02-28 11:00:00,8480-6,Systolic blood pressure,126.0,,mmHg
O00002951,P00819,E0004577,2025-02-28 11:00:00,8462-4,Diastolic blood pressure,83.0,,mmHg
O00002953,P00821,E0004587,2025-06-08 10:00:00,8867-4,Heart rate,84.0,,beats/min
O00002954,P00821,E0004587,2025-06-08 10:00:00,8310-5,Body temperature,36.7,,Cel
O00002955,P00821,E0004588,2025-09-27 22:00:00,8867-4,Heart rate,124.0,,beats/min
O00002956,P00821,E0004588,2025-09-27 22:00:00,8310-5,Body temperature,38.1,,Cel
O00002957,P00823,E0004597,2025-06-18 10:00:00,8867-4,Heart rate,115.0,,beats/min
O00002958,P00823,E0004597,2025-06-18 10:00:00,8310-5,Body temperature,37.1,,Cel
O00002959,P00823,E0004598,2025-08-24 13:00:00,8867-4,Heart rate,76.0,,beats/min
O00002960,P00823,E0004598,2025-08-24 13:00:00,8310-5,Body temperature,36.6,,Cel
O00002961,P00824,E0004601,2025-10-26 10:00:00,8867-4,Heart rate,55.0,,beats/min
O00002962,P00824,E0004601,2025-10-26 10:00:00,8310-5,Body temperature,36.1,,Cel
O00002963,P00824,E0004601,2025-10-26 11:00:00,8480-6,Systolic blood pressure,125.0,,mmHg
O00002963,P00824,E0004601,2025-10-26 11:00:00,8462-4,Diastolic blood pressure,83.0,,mmHg
O00002965,P00825,E0004608,2025-09-05 10:00:00,8867-4,Heart rate,85.0,,beats/min
O00002966,P00825,E0004608,2025-09-05 10:00:00,8310-5,Body temperature,37.9,,Cel
O00002967,P00825,E0004608,2025-09-05 11:00:00,8480-6,Systolic blood pressure,154.0,,mmHg
O00002967,P00825,E0004608,2025-09-05 11:00:00,8462-4,Diastolic blood pressure,76.0,,mmHg
O00002969,P00826,E0004610,2025-09-15 10:00:00,8867-4,Heart rate,66.0,,beats/min
O00002970,P00826,E0004610,2025-09-15 10:00:00,8310-5,Body temperature,38.4,,Cel
O00002971,P00826,E0004611,2025-12-19 00:00:00,8867-4,Heart rate,81.0,,beats/min
O00002972,P00826,E0004611,2025-12-19 00:00:00,8310-5,Body temperature,37.0,,Cel
O00002973,P00826,E0004612,2026-05-17 05:00:00,8867-4,Heart rate,92.0,,beats/min
O00002974,P00826,E0004612,2026-05-17 05:00:00,8310-5,Body temperature,36.7,,Cel
O00002975,P00827,E0004619,2025-01-21 10:00:00,8867-4,Heart rate,106.0,,beats/min
O00002976,P00827,E0004619,2025-01-21 10:00:00,8310-5,Body temperature,35.9,,Cel
O00002977,P00827,E0004620,2025-06-07 20:00:00,8867-4,Heart rate,81.0,,beats/min
O00002978,P00827,E0004620,2025-06-07 20:00:00,8310-5,Body temperature,38.2,,Cel
O00002979,P00828,E0004623,2025-08-21 10:00:00,8867-4,Heart rate,105.0,,beats/min
O00002980,P00828,E0004623,2025-08-21 10:00:00,8310-5,Body temperature,36.8,,Cel
O00002981,P00829,E0004630,2025-04-30 10:00:00,8867-4,Heart rate,62.0,,beats/min
O00002982,P00829,E0004630,2025-04-30 10:00:00,8310-5,Body temperature,37.5,,Cel
O00002983,P00830,E0004638,2025-10-25 10:00:00,8867-4,Heart rate,99.0,,beats/min
O00002984,P00830,E0004638,2025-10-25 10:00:00,8310-5,Body temperature,38.7,,Cel
O00002985,P00830,E0004638,2025-10-25 13:00:00,4548-4,Hemoglobin A1c,8.7,,%
O00002986,P00831,E0004643,2025-08-09 10:00:00,8867-4,Heart rate,95.0,,beats/min
O00002987,P00831,E0004643,2025-08-09 10:00:00,8310-5,Body temperature,38.5,,Cel
O00002988,P00831,E0004644,2025-12-11 23:00:00,8867-4,Heart rate,74.0,,beats/min
O00002989,P00831,E0004644,2025-12-11 23:00:00,8310-5,Body temperature,37.0,,Cel
O00002990,P00832,E0004646,2025-08-12 10:00:00,8867-4,Heart rate,83.0,,beats/min
O00002991,P00832,E0004646,2025-08-12 10:00:00,8310-5,Body temperature,37.8,,Cel
O00002992,P00834,E0004658,2025-05-19 10:00:00,8867-4,Heart rate,87.0,,beats/min
O00002993,P00834,E0004658,2025-05-19 10:00:00,8310-5,Body temperature,36.4,,Cel
O00002994,P00834,E0004658,2025-05-19 11:00:00,8480-6,Systolic blood pressure,143.0,,mmHg
O00002994,P00834,E0004658,2025-05-19 11:00:00,8462-4,Diastolic blood pressure,78.0,,mmHg
O00002996,P00835,E0004662,2025-07-20 10:00:00,8867-4,Heart rate,101.0,,beats/min
O00002997,P00835,E0004662,2025-07-20 10:00:00,8310-5,Body temperature,36.6,,Cel
O00002998,P00835,E0004663,2025-10-17 15:00:00,8867-4,Heart rate,95.0,,beats/min
O00002999,P00835,E0004663,2025-10-17 15:00:00,8310-5,Body temperature,37.3,,Cel
O00003000,P00836,E0004668,2025-03-28 10:00:00,8867-4,Heart rate,93.0,,beats/min
O00003001,P00836,E0004668,2025-03-28 10:00:00,8310-5,Body temperature,36.3,,Cel
O00003002,P00837,E0004674,2025-09-25 10:00:00,8867-4,Heart rate,85.0,,beats/min
O00003003,P00837,E0004674,2025-09-25 10:00:00,8310-5,Body temperature,37.7,,Cel
O00003004,P00838,E0004681,2025-05-05 10:00:00,8867-4,Heart rate,74.0,,beats/min
O00003005,P00838,E0004681,2025-05-05 10:00:00,8310-5,Body temperature,35.9,,Cel
O00003006,P00838,E0004682,2025-09-18 19:00:00,8867-4,Heart rate,75.0,,beats/min
O00003007,P00838,E0004682,2025-09-18 19:00:00,8310-5,Body temperature,37.4,,Cel
O00003008,P00839,E0004684,2025-05-11 10:00:00,8867-4,Heart rate,88.0,,beats/min
O00003009,P00839,E0004684,2025-05-11 10:00:00,8310-5,Body temperature,36.5,,Cel
O00003010,P00839,E0004685,2025-08-30 03:00:00,8867-4,Heart rate,83.0,,beats/min
O00003011,P00839,E0004685,2025-08-30 03:00:00,8310-5,Body temperature,36.8,,Cel
O00003012,P00839,E0004686,2026-01-18 17:00:00,8867-4,Heart rate,72.0,,beats/min
O00003013,P00839,E0004686,2026-01-18 17:00:00,8310-5,Body temperature,37.0,,Cel
O00003014,P00840,E0004692,2025-04-01 10:00:00,8867-4,Heart rate,67.0,,beats/min
O00003015,P00840,E0004692,2025-04-01 10:00:00,8310-5,Body temperature,38.1,,Cel
O00003016,P00840,E0004693,2025-04-16 20:00:00,8867-4,Heart rate,101.0,,beats/min
O00003017,P00840,E0004693,2025-04-16 20:00:00,8310-5,Body temperature,37.2,,Cel
O00003018,P00841,E0004696,2025-04-26 10:00:00,8867-4,Heart rate,90.0,,beats/min
O00003019,P00841,E0004696,2025-04-26 10:00:00,8310-5,Body temperature,37.8,,Cel
O00003020,P00842,E0004702,2025-06-19 10:00:00,8867-4,Heart rate,72.0,,beats/min
O00003021,P00842,E0004702,2025-06-19 10:00:00,8310-5,Body temperature,37.7,,Cel
O00003022,P00843,E0004707,2025-10-14 10:00:00,8867-4,Heart rate,89.0,,beats/min
O00003023,P00843,E0004707,2025-10-14 10:00:00,8310-5,Body temperature,36.9,,Cel
O00003024,P00843,E0004707,2025-10-14 11:00:00,8480-6,Systolic blood pressure,124.0,,mmHg
O00003024,P00843,E0004707,2025-10-14 11:00:00,8462-4,Diastolic blood pressure,84.0,,mmHg
O00003026,P00843,E0004707,2025-10-14 13:00:00,4548-4,Hemoglobin A1c,4.3,,%
O00003027,P00844,E0004711,2025-08-30 10:00:00,8867-4,Heart rate,60.0,,beats/min
O00003028,P00844,E0004711,2025-08-30 10:00:00,8310-5,Body temperature,36.2,,Cel
O00003029,P00845,E0004716,2025-10-24 10:00:00,8867-4,Heart rate,77.0,,beats/min
O00003030,P00845,E0004716,2025-10-24 10:00:00,8310-5,Body temperature,37.7,,Cel
O00003031,P00846,E0004723,2025-03-09 10:00:00,8867-4,Heart rate,107.0,,beats/min
O00003032,P00846,E0004723,2025-03-09 10:00:00,8310-5,Body temperature,36.6,,Cel
O00003033,P00846,E0004724,2025-05-17 19:00:00,8867-4,Heart rate,90.0,,beats/min
O00003034,P00846,E0004724,2025-05-17 19:00:00,8310-5,Body temperature,38.6,,Cel
O00003035,P00846,E0004725,2025-07-16 16:00:00,8867-4,Heart rate,48.0,,beats/min
O00003036,P00846,E0004725,2025-07-16 16:00:00,8310-5,Body temperature,36.6,,Cel
O00003037,P00848,E0004734,2025-10-14 10:00:00,8867-4,Heart rate,77.0,,beats/min
O00003038,P00848,E0004734,2025-10-14 10:00:00,8310-5,Body temperature,37.0,,Cel
O00003039,P00848,E0004734,2025-10-14 13:00:00,4548-4,Hemoglobin A1c,3.4,,%
O00003040,P00848,E0004735,2025-10-24 20:00:00,8867-4,Heart rate,109.0,,beats/min
O00003041,P00848,E0004735,2025-10-24 20:00:00,8310-5,Body temperature,38.0,,Cel
O00003042,P00848,E0004735,2025-10-24 23:00:00,4548-4,Hemoglobin A1c,5.5,,%
O00003043,P00848,E0004736,2026-02-17 07:00:00,8867-4,Heart rate,61.0,,beats/min
O00003044,P00848,E0004736,2026-02-17 07:00:00,8310-5,Body temperature,37.3,,Cel
O00003045,P00848,E0004736,2026-02-17 10:00:00,4548-4,Hemoglobin A1c,7.5,,%
O00003046,P00849,E0004741,2025-04-29 10:00:00,8867-4,Heart rate,71.0,,beats/min
O00003047,P00849,E0004741,2025-04-29 10:00:00,8310-5,Body temperature,36.2,,Cel
O00003048,P00849,E0004741,2025-04-29 11:00:00,8480-6,Systolic blood pressure,110.0,,mmHg
O00003048,P00849,E0004741,2025-04-29 11:00:00,8462-4,Diastolic blood pressure,90.0,,mmHg
O00003050,P00850,E0004746,2025-11-15 10:00:00,8867-4,Heart rate,65.0,,beats/min
O00003051,P00850,E0004746,2025-11-15 10:00:00,8310-5,Body temperature,37.4,,Cel
O00003052,P00851,E0004750,2025-05-12 10:00:00,8867-4,Heart rate,104.0,,beats/min
O00003053,P00851,E0004750,2025-05-12 10:00:00,8310-5,Body temperature,36.9,,Cel
O00003054,P00851,E0004751,2025-07-19 06:00:00,8867-4,Heart rate,86.0,,beats/min
O00003055,P00851,E0004751,2025-07-19 06:00:00,8310-5,Body temperature,37.0,,Cel
O00003056,P00854,E0004767,2025-02-08 10:00:00,8867-4,Heart rate,81.0,,beats/min
O00003057,P00854,E0004767,2025-02-08 10:00:00,8310-5,Body temperature,37.1,,Cel
O00003058,P00854,E0004768,2025-02-27 17:00:00,8867-4,Heart rate,81.0,,beats/min
O00003059,P00854,E0004768,2025-02-27 17:00:00,8310-5,Body temperature,37.4,,Cel
O00003060,P00854,E0004769,2025-04-28 01:00:00,8867-4,Heart rate,86.0,,beats/min
O00003061,P00854,E0004769,2025-04-28 01:00:00,8310-5,Body temperature,36.6,,Cel
O00003062,P00855,E0004774,2025-08-19 10:00:00,8867-4,Heart rate,75.0,,beats/min
O00003063,P00855,E0004774,2025-08-19 10:00:00,8310-5,Body temperature,36.4,,Cel
O00003064,P00855,E0004774,2025-08-19 11:00:00,8480-6,Systolic blood pressure,156.0,,mmHg
O00003064,P00855,E0004774,2025-08-19 11:00:00,8462-4,Diastolic blood pressure,80.0,,mmHg
O00003066,P00856,E0004780,2025-02-27 10:00:00,8867-4,Heart rate,68.0,,beats/min
O00003067,P00856,E0004780,2025-02-27 10:00:00,8310-5,Body temperature,37.5,,Cel
O00003068,P00856,E0004781,2025-05-02 23:00:00,8867-4,Heart rate,102.0,,beats/min
O00003069,P00856,E0004781,2025-05-02 23:00:00,8310-5,Body temperature,38.2,,Cel
O00003070,P00857,E0004786,2025-05-24 10:00:00,8867-4,Heart rate,81.0,,beats/min
O00003071,P00857,E0004786,2025-05-24 10:00:00,8310-5,Body temperature,37.3,,Cel
O00003072,P00858,E0004794,2025-03-03 10:00:00,8867-4,Heart rate,93.0,,beats/min
O00003073,P00858,E0004794,2025-03-03 10:00:00,8310-5,Body temperature,38.9,,Cel
O00003074,P00859,E0004802,2025-07-24 10:00:00,8867-4,Heart rate,67.0,,beats/min
O00003075,P00859,E0004802,2025-07-24 10:00:00,8310-5,Body temperature,37.3,,Cel
O00003076,P00859,E0004802,2025-07-24 13:00:00,4548-4,Hemoglobin A1c,8.6,,%
O00003077,P00859,E0004803,2025-12-17 16:00:00,8867-4,Heart rate,78.0,,beats/min
O00003078,P00859,E0004803,2025-12-17 16:00:00,8310-5,Body temperature,36.8,,Cel
O00003079,P00859,E0004803,2025-12-17 19:00:00,4548-4,Hemoglobin A1c,6.8,,%
O00003080,P00860,E0004810,2025-03-20 10:00:00,8867-4,Heart rate,64.0,,beats/min
O00003081,P00860,E0004810,2025-03-20 10:00:00,8310-5,Body temperature,36.8,,Cel
O00003082,P00860,E0004810,2025-03-20 11:00:00,8480-6,Systolic blood pressure,140.0,,mmHg
O00003082,P00860,E0004810,2025-03-20 11:00:00,8462-4,Diastolic blood pressure,81.0,,mmHg
O00003084,P00861,E0004814,2025-11-23 10:00:00,8867-4,Heart rate,109.0,,beats/min
O00003085,P00861,E0004814,2025-11-23 10:00:00,8310-5,Body temperature,36.4,,Cel
O00003086,P00861,E0004815,2026-01-15 00:00:00,8867-4,Heart rate,86.0,,beats/min
O00003087,P00861,E0004815,2026-01-15 00:00:00,8310-5,Body temperature,37.0,,Cel
O00003088,P00861,E0004816,2026-02-13 18:00:00,8867-4,Heart rate,71.0,,beats/min
O00003089,P00861,E0004816,2026-02-13 18:00:00,8310-5,Body temperature,36.6,,Cel
O00003090,P00862,E0004820,2025-06-11 10:00:00,8867-4,Heart rate,54.0,,beats/min
O00003091,P00862,E0004820,2025-06-11 10:00:00,8310-5,Body temperature,37.7,,Cel
O00003092,P00862,E0004821,2025-09-28 07:00:00,8867-4,Heart rate,89.0,,beats/min
O00003093,P00862,E0004821,2025-09-28 07:00:00,8310-5,Body temperature,35.8,,Cel
O00003094,P00862,E0004822,2025-10-13 11:00:00,8867-4,Heart rate,83.0,,beats/min
O00003095,P00862,E0004822,2025-10-13 11:00:00,8310-5,Body temperature,36.8,,Cel
O00003096,P00863,E0004825,2025-10-21 10:00:00,8867-4,Heart rate,81.0,,beats/min
O00003097,P00863,E0004825,2025-10-21 10:00:00,8310-5,Body temperature,36.0,,Cel
O00003098,P00863,E0004825,2025-10-21 11:00:00,8480-6,Systolic blood pressure,141.0,,mmHg
O00003098,P00863,E0004825,2025-10-21 11:00:00,8462-4,Diastolic blood pressure,69.0,,mmHg
O00003100,P00865,E0004837,2025-07-08 10:00:00,8867-4,Heart rate,109.0,,beats/min
O00003101,P00865,E0004837,2025-07-08 10:00:00,8310-5,Body temperature,37.3,,Cel
O00003102,P00865,E0004837,2025-07-08 11:00:00,8480-6,Systolic blood pressure,126.0,,mmHg
O00003102,P00865,E0004837,2025-07-08 11:00:00,8462-4,Diastolic blood pressure,84.0,,mmHg
O00003104,P00866,E0004843,2025-08-14 10:00:00,8867-4,Heart rate,102.0,,beats/min
O00003105,P00866,E0004843,2025-08-14 10:00:00,8310-5,Body temperature,36.0,,Cel
O00003106,P00867,E0004849,2025-04-19 10:00:00,8867-4,Heart rate,48.0,,beats/min
O00003107,P00867,E0004849,2025-04-19 10:00:00,8310-5,Body temperature,37.6,,Cel
O00003108,P00868,E0004853,2025-08-29 10:00:00,8867-4,Heart rate,63.0,,beats/min
O00003109,P00868,E0004853,2025-08-29 10:00:00,8310-5,Body temperature,37.6,,Cel
O00003110,P00868,E0004854,2025-10-23 20:00:00,8867-4,Heart rate,86.0,,beats/min
O00003111,P00868,E0004854,2025-10-23 20:00:00,8310-5,Body temperature,38.4,,Cel
O00003112,P00869,E0004857,2025-05-13 10:00:00,8867-4,Heart rate,101.0,,beats/min
O00003113,P00869,E0004857,2025-05-13 10:00:00,8310-5,Body temperature,36.4,,Cel
O00003114,P00869,E0004858,2025-09-12 22:00:00,8867-4,Heart rate,89.0,,beats/min
O00003115,P00869,E0004858,2025-09-12 22:00:00,8310-5,Body temperature,37.3,,Cel
O00003116,P00870,E0004860,2025-08-03 10:00:00,8867-4,Heart rate,92.0,,beats/min
O00003117,P00870,E0004860,2025-08-03 10:00:00,8310-5,Body temperature,37.3,,Cel
O00003118,P00870,E0004860,2025-08-03 11:00:00,8480-6,Systolic blood pressure,139.0,,mmHg
O00003118,P00870,E0004860,2025-08-03 11:00:00,8462-4,Diastolic blood pressure,72.0,,mmHg
O00003120,P00870,E0004861,2025-09-22 15:00:00,8867-4,Heart rate,91.0,,beats/min
O00003121,P00870,E0004861,2025-09-22 15:00:00,8310-5,Body temperature,38.2,,Cel
O00003122,P00870,E0004861,2025-09-22 16:00:00,8480-6,Systolic blood pressure,122.0,,mmHg
O00003122,P00870,E0004861,2025-09-22 16:00:00,8462-4,Diastolic blood pressure,78.0,,mmHg
O00003124,P00871,E0004868,2025-09-25 10:00:00,8867-4,Heart rate,70.0,,beats/min
O00003125,P00871,E0004868,2025-09-25 10:00:00,8310-5,Body temperature,38.2,,Cel
O00003126,P00872,E0004871,2025-05-23 10:00:00,8867-4,Heart rate,87.0,,beats/min
O00003127,P00872,E0004871,2025-05-23 10:00:00,8310-5,Body temperature,37.8,,Cel
O00003128,P00872,E0004871,2025-05-23 13:00:00,4548-4,Hemoglobin A1c,4.2,,%
O00003129,P00872,E0004872,2025-10-02 19:00:00,8867-4,Heart rate,94.0,,beats/min
O00003130,P00872,E0004872,2025-10-02 19:00:00,8310-5,Body temperature,36.0,,Cel
O00003131,P00873,E0004877,2025-08-26 10:00:00,8867-4,Heart rate,94.0,,beats/min
O00003132,P00873,E0004877,2025-08-26 10:00:00,8310-5,Body temperature,37.1,,Cel
O00003133,P00873,E0004878,2025-11-19 22:00:00,8867-4,Heart rate,87.0,,beats/min
O00003134,P00873,E0004878,2025-11-19 22:00:00,8310-5,Body temperature,38.1,,Cel
O00003135,P00874,E0004883,2025-05-27 10:00:00,8867-4,Heart rate,114.0,,beats/min
O00003136,P00874,E0004883,2025-05-27 10:00:00,8310-5,Body temperature,36.2,,Cel
O00003137,P00875,E0004890,2025-11-05 10:00:00,8867-4,Heart rate,92.0,,beats/min
O00003138,P00875,E0004890,2025-11-05 10:00:00,8310-5,Body temperature,38.2,,Cel
O00003139,P00875,E0004891,2026-03-09 23:00:00,8867-4,Heart rate,74.0,,beats/min
O00003140,P00875,E0004891,2026-03-09 23:00:00,8310-5,Body temperature,37.5,,Cel
O00003141,P00875,E0004892,2026-04-27 14:00:00,8867-4,Heart rate,88.0,,beats/min
O00003142,P00875,E0004892,2026-04-27 14:00:00,8310-5,Body temperature,37.2,,Cel
O00003143,P00876,E0004894,2025-10-03 10:00:00,8867-4,Heart rate,70.0,,beats/min
O00003144,P00876,E0004894,2025-10-03 10:00:00,8310-5,Body temperature,37.3,,Cel
O00003145,P00877,E0004896,2025-07-08 10:00:00,8867-4,Heart rate,66.0,,beats/min
O00003146,P00877,E0004896,2025-07-08 10:00:00,8310-5,Body temperature,38.4,,Cel
O00003147,P00877,E0004896,2025-07-08 11:00:00,8480-6,Systolic blood pressure,153.0,,mmHg
O00003147,P00877,E0004896,2025-07-08 11:00:00,8462-4,Diastolic blood pressure,81.0,,mmHg
O00003149,P00878,E0004901,2025-06-24 10:00:00,8867-4,Heart rate,100.0,,beats/min
O00003150,P00878,E0004901,2025-06-24 10:00:00,8310-5,Body temperature,36.6,,Cel
O00003151,P00878,E0004902,2025-09-22 21:00:00,8867-4,Heart rate,84.0,,beats/min
O00003152,P00878,E0004902,2025-09-22 21:00:00,8310-5,Body temperature,37.4,,Cel
O00003153,P00879,E0004906,2025-09-02 10:00:00,8867-4,Heart rate,77.0,,beats/min
O00003154,P00879,E0004906,2025-09-02 10:00:00,8310-5,Body temperature,36.3,,Cel
O00003155,P00879,E0004907,2025-12-21 19:00:00,8867-4,Heart rate,79.0,,beats/min
O00003156,P00879,E0004907,2025-12-21 19:00:00,8310-5,Body temperature,37.1,,Cel
O00003157,P00880,E0004910,2025-02-02 10:00:00,8867-4,Heart rate,58.0,,beats/min
O00003158,P00880,E0004910,2025-02-02 10:00:00,8310-5,Body temperature,36.7,,Cel
O00003159,P00881,E0004918,2025-02-27 10:00:00,8867-4,Heart rate,102.0,,beats/min
O00003160,P00881,E0004918,2025-02-27 10:00:00,8310-5,Body temperature,37.0,,Cel
O00003161,P00882,E0004925,2025-02-21 10:00:00,8867-4,Heart rate,80.0,,beats/min
O00003162,P00882,E0004925,2025-02-21 10:00:00,8310-5,Body temperature,37.6,,Cel
O00003163,P00882,E0004925,2025-02-21 11:00:00,8480-6,Systolic blood pressure,128.0,,mmHg
O00003163,P00882,E0004925,2025-02-21 11:00:00,8462-4,Diastolic blood pressure,77.0,,mmHg
O00003165,P00882,E0004926,2025-05-20 18:00:00,8867-4,Heart rate,72.0,,beats/min
O00003166,P00882,E0004926,2025-05-20 18:00:00,8310-5,Body temperature,36.5,,Cel
O00003167,P00883,E0004933,2025-05-08 10:00:00,8867-4,Heart rate,86.0,,beats/min
O00003168,P00883,E0004933,2025-05-08 10:00:00,8310-5,Body temperature,36.1,,Cel
O00003169,P00884,E0004939,2025-10-20 10:00:00,8867-4,Heart rate,81.0,,beats/min
O00003170,P00884,E0004939,2025-10-20 10:00:00,8310-5,Body temperature,37.7,,Cel
O00003171,P00884,E0004939,2025-10-20 11:00:00,8480-6,Systolic blood pressure,148.0,,mmHg
O00003171,P00884,E0004939,2025-10-20 11:00:00,8462-4,Diastolic blood pressure,77.0,,mmHg
O00003173,P00884,E0004939,2025-10-20 13:00:00,4548-4,Hemoglobin A1c,7.6,,%
O00003174,P00884,E0004940,2026-02-24 21:00:00,8867-4,Heart rate,65.0,,beats/min
O00003175,P00884,E0004940,2026-02-24 21:00:00,8310-5,Body temperature,36.6,,Cel
O00003176,P00884,E0004940,2026-02-24 22:00:00,8480-6,Systolic blood pressure,139.0,,mmHg
O00003176,P00884,E0004940,2026-02-24 22:00:00,8462-4,Diastolic blood pressure,76.0,,mmHg
O00003178,P00884,E0004940,2026-02-25 00:00:00,4548-4,Hemoglobin A1c,8.3,,%
O00003179,P00884,E0004941,2026-07-20 07:00:00,8867-4,Heart rate,88.0,,beats/min
O00003180,P00884,E0004941,2026-07-20 07:00:00,8310-5,Body temperature,35.8,,Cel
O00003181,P00884,E0004941,2026-07-20 08:00:00,8480-6,Systolic blood pressure,149.0,,mmHg
O00003181,P00884,E0004941,2026-07-20 08:00:00,8462-4,Diastolic blood pressure,73.0,,mmHg
O00003183,P00884,E0004941,2026-07-20 10:00:00,4548-4,Hemoglobin A1c,6.7,,%
O00003184,P00885,E0004944,2025-09-05 10:00:00,8867-4,Heart rate,102.0,,beats/min
O00003185,P00885,E0004944,2025-09-05 10:00:00,8310-5,Body temperature,36.6,,Cel
O00003186,P00885,E0004945,2025-11-15 17:00:00,8867-4,Heart rate,78.0,,beats/min
O00003187,P00885,E0004945,2025-11-15 17:00:00,8310-5,Body temperature,36.8,,Cel
O00003188,P00886,E0004953,2025-04-12 10:00:00,8867-4,Heart rate,60.0,,beats/min
O00003189,P00886,E0004953,2025-04-12 10:00:00,8310-5,Body temperature,35.4,,Cel
O00003190,P00886,E0004953,2025-04-12 13:00:00,4548-4,Hemoglobin A1c,7.3,,%
O00003191,P00887,E0004957,2025-02-17 10:00:00,8867-4,Heart rate,106.0,,beats/min
O00003192,P00887,E0004957,2025-02-17 10:00:00,8310-5,Body temperature,37.2,,Cel
O00003193,P00889,E0004968,2025-07-30 10:00:00,8867-4,Heart rate,86.0,,beats/min
O00003194,P00889,E0004968,2025-07-30 10:00:00,8310-5,Body temperature,37.8,,Cel
O00003195,P00890,E0004973,2025-03-18 10:00:00,8867-4,Heart rate,90.0,,beats/min
O00003196,P00890,E0004973,2025-03-18 10:00:00,8310-5,Body temperature,37.4,,Cel
O00003197,P00890,E0004974,2025-05-04 21:00:00,8867-4,Heart rate,89.0,,beats/min
O00003198,P00890,E0004974,2025-05-04 21:00:00,8310-5,Body temperature,37.7,,Cel
O00003199,P00890,E0004975,2025-07-07 13:00:00,8867-4,Heart rate,86.0,,beats/min
O00003200,P00890,E0004975,2025-07-07 13:00:00,8310-5,Body temperature,37.1,,Cel
O00003201,P00890,E0004975,2025-07-07 14:00:00,8480-6,Systolic blood pressure,148.0,,mmHg
O00003201,P00890,E0004975,2025-07-07 14:00:00,8462-4,Diastolic blood pressure,88.0,,mmHg
O00003203,P00891,E0004980,2025-06-21 10:00:00,8867-4,Heart rate,108.0,,beats/min
O00003204,P00891,E0004980,2025-06-21 10:00:00,8310-5,Body temperature,37.5,,Cel
O00003205,P00891,E0004981,2025-10-08 00:00:00,8867-4,Heart rate,80.0,,beats/min
O00003206,P00891,E0004981,2025-10-08 00:00:00,8310-5,Body temperature,36.2,,Cel
O00003207,P00891,E0004982,2026-03-02 17:00:00,8867-4,Heart rate,81.0,,beats/min
O00003208,P00891,E0004982,2026-03-02 17:00:00,8310-5,Body temperature,37.5,,Cel
O00003209,P00891,E0004982,2026-03-02 20:00:00,4548-4,Hemoglobin A1c,9.0,,%
O00003210,P00892,E0004986,2025-04-17 10:00:00,8867-4,Heart rate,93.0,,beats/min
O00003211,P00892,E0004986,2025-04-17 10:00:00,8310-5,Body temperature,37.0,,Cel
O00003212,P00893,E0004989,2025-12-06 10:00:00,8867-4,Heart rate,63.0,,beats/min
O00003213,P00893,E0004989,2025-12-06 10:00:00,8310-5,Body temperature,37.4,,Cel
O00003214,P00893,E0004989,2025-12-06 11:00:00,8480-6,Systolic blood pressure,131.0,,mmHg
O00003214,P00893,E0004989,2025-12-06 11:00:00,8462-4,Diastolic blood pressure,72.0,,mmHg
O00003216,P00893,E0004989,2025-12-06 13:00:00,4548-4,Hemoglobin A1c,8.9,,%
O00003217,P00894,E0004991,2025-07-19 10:00:00,8867-4,Heart rate,103.0,,beats/min
O00003218,P00894,E0004991,2025-07-19 10:00:00,8310-5,Body temperature,38.3,,Cel
O00003219,P00896,E0005001,2025-04-08 10:00:00,8867-4,Heart rate,89.0,,beats/min
O00003220,P00896,E0005001,2025-04-08 10:00:00,8310-5,Body temperature,36.9,,Cel
O00003221,P00898,E0005006,2025-11-01 10:00:00,8867-4,Heart rate,97.0,,beats/min
O00003222,P00898,E0005006,2025-11-01 10:00:00,8310-5,Body temperature,36.8,,Cel
O00003223,P00898,E0005006,2025-11-01 11:00:00,8480-6,Systolic blood pressure,125.0,,mmHg
O00003223,P00898,E0005006,2025-11-01 11:00:00,8462-4,Diastolic blood pressure,79.0,,mmHg
O00003225,P00899,E0005012,2025-01-13 10:00:00,8867-4,Heart rate,100.0,,beats/min
O00003226,P00899,E0005012,2025-01-13 10:00:00,8310-5,Body temperature,37.4,,Cel
O00003227,P00899,E0005013,2025-03-09 02:00:00,8867-4,Heart rate,74.0,,beats/min
O00003228,P00899,E0005013,2025-03-09 02:00:00,8310-5,Body temperature,37.1,,Cel
O00003229,P00900,E0005019,2025-08-08 10:00:00,8867-4,Heart rate,69.0,,beats/min
O00003230,P00900,E0005019,2025-08-08 10:00:00,8310-5,Body temperature,36.0,,Cel
O00003231,P00900,E0005020,2025-12-15 21:00:00,8867-4,Heart rate,90.0,,beats/min
O00003232,P00900,E0005020,2025-12-15 21:00:00,8310-5,Body temperature,36.7,,Cel
